{"type": "FeatureCollection", "features": [{"type": "Feature", "properties": {"name": "서한 (Western Han)", "name:zh": "西漢", "name:en": "Western Han", "start_date": "-0107", "end_date": "-0075", "wikidata": "Q1072949", "admin_level": 2, "source": "OpenHistoricalMap relation 2692874 (ODbL, CC BY-SA)", "accuracy_note": "OHM 정본 폴리곤. 무제 후기~소제(BC 107~BC 75) 전한 최대 영토 기준."}, "geometry": {"type": "MultiPolygon", "coordinates": [[[[124.945364, 37.9999504], [124.9437425, 37.9988739], [124.9387974, 37.9946839], [124.9349661, 37.9906887], [124.9316341, 37.9864245], [124.9288315, 37.9819296], [124.9269157, 37.9778533], [124.9238074, 37.9764203], [124.9121291, 37.9699735], [124.9073503, 37.9666718], [124.9024052, 37.96248], [124.8985739, 37.9584831], [124.8952419, 37.954217], [124.8924393, 37.9497201], [124.8899169, 37.9443507], [124.8883277, 37.9394988], [124.8873306, 37.9345493], [124.8869344, 37.9295472], [124.8865911, 37.9222352], [124.8868787, 37.9165115], [124.8877756, 37.9115486], [124.8892664, 37.9066751], [124.8913376, 37.9019352], [124.8954575, 37.8948913], [124.8985109, 37.8896924], [124.9017562, 37.8853808], [124.905506, 37.881332], [124.9097265, 37.8775827], [124.915077, 37.8737079], [124.9201723, 37.8707109], [124.9256054, 37.8681096], [124.9313272, 37.8659278], [124.9381531, 37.8639731], [124.9443161, 37.8627515], [124.9491936, 37.8621665], [124.9447927, 37.8620524], [124.9354061, 37.861107], [124.9292192, 37.8599632], [124.9231981, 37.8583603], [124.9165895, 37.8559849], [124.9111045, 37.8534519], [124.9059492, 37.8505186], [124.9011705, 37.8472116], [124.8962253, 37.8430129], [124.8923941, 37.8390096], [124.8890621, 37.8347365], [124.8862595, 37.8302324], [124.8837371, 37.8248542], [124.8821479, 37.8199944], [124.8811507, 37.8150369], [124.8807546, 37.8100267], [124.8810422, 37.8042943], [124.8819391, 37.7993238], [124.8834299, 37.7944429], [124.8855011, 37.7896957], [124.8885546, 37.7844893], [124.8917998, 37.7801716], [124.8955497, 37.776117], [124.8997701, 37.7723623], [124.9051206, 37.768482], [124.9102159, 37.7654807], [124.9156491, 37.7628758], [124.9213708, 37.7606909], [124.9281968, 37.7587333], [124.9343598, 37.75751], [124.9406419, 37.7567554], [124.9469864, 37.7564763], [124.9564256, 37.7569468], [124.9627222, 37.757622], [124.9683642, 37.7586665], [124.9755753, 37.7565619], [124.9817383, 37.7553385], [124.9892893, 37.7545281], [124.9934113, 37.7537099], [124.9996935, 37.7529552], [125.0060379, 37.7526761], [125.010542, 37.7528173], [125.016173, 37.7521409], [125.0225174, 37.7518618], [125.0288667, 37.7520608], [125.0351633, 37.7527361], [125.0413502, 37.7538815], [125.0473714, 37.7554868], [125.0564293, 37.7589966], [125.0596846, 37.7546602], [125.0634345, 37.7506042], [125.067655, 37.7468483], [125.0716502, 37.7439498], [125.0651751, 37.7427733], [125.0591539, 37.7411678], [125.0525453, 37.7387886], [125.0470603, 37.7362516], [125.0419051, 37.7333137], [125.0371263, 37.7300014], [125.0321812, 37.725796], [125.0283499, 37.7217863], [125.0250179, 37.7175065], [125.0222153, 37.7129952], [125.0196929, 37.7076085], [125.0181037, 37.702741], [125.0171066, 37.6977757], [125.0167104, 37.6927575], [125.0169981, 37.687016], [125.0178949, 37.6820376], [125.0193857, 37.677149], [125.0214569, 37.6723943], [125.0257256, 37.6655603], [125.0283234, 37.6590775], [125.0313769, 37.6538619], [125.0346221, 37.6495366], [125.0383719, 37.6454749], [125.0425924, 37.6417136], [125.0479429, 37.6378264], [125.0530382, 37.6348198], [125.0584713, 37.6322103], [125.0641931, 37.6300215], [125.071019, 37.6280605], [125.077182, 37.626835], [125.0834642, 37.6260791], [125.0898087, 37.6257995], [125.0961579, 37.6259989], [125.1024546, 37.6266753], [125.1086415, 37.6278227], [125.1146626, 37.6294307], [125.1204636, 37.6314846], [125.1259917, 37.6339659], [125.131197, 37.6368519], [125.1366902, 37.6406122], [125.1410493, 37.6442732], [125.1449491, 37.6482454], [125.1483544, 37.652493], [125.1512343, 37.6569774], [125.155966, 37.6662781], [125.15697, 37.6690421], [125.1599082, 37.6658604], [125.1641287, 37.6621001], [125.1694792, 37.658214], [125.1745745, 37.6552083], [125.1831707, 37.6513898], [125.1899639, 37.6479784], [125.1956857, 37.6457901], [125.2025116, 37.6438295], [125.2086747, 37.6426043], [125.2149568, 37.6418485], [125.2213013, 37.641569], [125.2303657, 37.6420599], [125.2384674, 37.641569], [125.2448167, 37.6417683], [125.2511133, 37.6424446], [125.2573002, 37.6435918], [125.2633214, 37.6451994], [125.2691223, 37.6472529], [125.2746505, 37.6497336], [125.2806881, 37.6531887], [125.2823413, 37.6537739], [125.293218, 37.6436165], [125.2985685, 37.6397295], [125.3036638, 37.636723], [125.3090969, 37.6341135], [125.3148187, 37.6319248], [125.3216446, 37.6299638], [125.3278076, 37.6287384], [125.3340898, 37.6279825], [125.3490173, 37.627431], [125.3553666, 37.6276303], [125.3616632, 37.6283068], [125.3678501, 37.6294542], [125.3738713, 37.6310621], [125.3796723, 37.633116], [125.3852004, 37.6355972], [125.3904057, 37.6384832], [125.4037953, 37.6476803], [125.4081544, 37.6513409], [125.4120542, 37.6553128], [125.4154595, 37.65956], [125.4183394, 37.6640439], [125.4206678, 37.668724], [125.4224237, 37.6735577], [125.4233519, 37.6774881], [125.4281603, 37.6769099], [125.4345047, 37.6766306], [125.4423752, 37.6769931], [125.4453264, 37.6766382], [125.4541788, 37.6764375], [125.4611192, 37.6755513], [125.4674637, 37.6752719], [125.473813, 37.6754711], [125.4801096, 37.6761471], [125.4862965, 37.6772937], [125.4923177, 37.6789006], [125.4981186, 37.6809532], [125.5115432, 37.6866932], [125.5167484, 37.6895772], [125.5222417, 37.6933348], [125.5281448, 37.6985649], [125.5306954, 37.7003094], [125.5345768, 37.6985728], [125.5398699, 37.6954251], [125.545303, 37.6928177], [125.5510247, 37.6906307], [125.5578507, 37.6886713], [125.5640137, 37.6874469], [125.5702959, 37.6866916], [125.5766403, 37.6864122], [125.5829896, 37.6866114], [125.5892862, 37.6872873], [125.5943268, 37.6882213], [125.5957244, 37.6862827], [125.5966414, 37.6851378], [125.6003913, 37.681078], [125.6046118, 37.6773185], [125.6096886, 37.6736319], [125.6099164, 37.6690821], [125.6108133, 37.6641026], [125.6149376, 37.6522838], [125.6131149, 37.6447844], [125.6127187, 37.6397626], [125.6130064, 37.634017], [125.6145899, 37.6235968], [125.6160807, 37.6187043], [125.6181519, 37.6139459], [125.6212053, 37.6087271], [125.6244506, 37.6043991], [125.6282004, 37.6003349], [125.6324209, 37.5965713], [125.6377714, 37.5926818], [125.6419861, 37.5901933], [125.6452379, 37.584517], [125.6484832, 37.5801877], [125.6560096, 37.5714963], [125.66023, 37.5677313], [125.6655805, 37.5638402], [125.6706758, 37.5608306], [125.676109, 37.5582185], [125.6818307, 37.5560276], [125.6886567, 37.5540646], [125.7030594, 37.5512048], [125.7093416, 37.5504481], [125.715686, 37.5501682], [125.7220353, 37.5503678], [125.7283319, 37.5510449], [125.7345188, 37.5521935], [125.74054, 37.5538031], [125.746341, 37.5558591], [125.7518691, 37.5583429], [125.7615376, 37.5636812], [125.7670308, 37.5674452], [125.7713898, 37.5711098], [125.7752897, 37.575086], [125.7786949, 37.5793377], [125.7815748, 37.5838265], [125.7839033, 37.5885116], [125.7856592, 37.5933506], [125.7868267, 37.5982996], [125.7874271, 37.6040327], [125.7873049, 37.6090658], [125.7865701, 37.6141015], [125.7866183, 37.6207599], [125.7858928, 37.6257599], [125.7841981, 37.6315979], [125.7857967, 37.6377316], [125.7863971, 37.6434618], [125.786275, 37.6484921], [125.7855495, 37.6534902], [125.7842273, 37.6584107], [125.782001, 37.6638821], [125.7803853, 37.6667958], [125.7804385, 37.6734966], [125.7798047, 37.6778616], [125.7797518, 37.6835504], [125.7790264, 37.6885461], [125.7777041, 37.6934643], [125.7754778, 37.6989331], [125.7729239, 37.7035367], [125.7698284, 37.7079271], [125.7671068, 37.7111896], [125.7662195, 37.7120646], [125.7615332, 37.7164126], [125.7601947, 37.7214409], [125.7579684, 37.7269077], [125.7554144, 37.7315095], [125.752319, 37.7358983], [125.74871, 37.7400342], [125.7439989, 37.7444035], [125.7394053, 37.7478751], [125.7334824, 37.7514608], [125.7391656, 37.7492902], [125.7459916, 37.7473324], [125.7521546, 37.7461089], [125.7584367, 37.7453542], [125.7672654, 37.7451529], [125.7764542, 37.7445321], [125.7828035, 37.7447311], [125.7891001, 37.7454065], [125.795534, 37.7467], [125.7903309, 37.7398834], [125.7875258, 37.735337], [125.7852799, 37.7306001], [125.7836134, 37.7257155], [125.7824376, 37.7200089], [125.7820569, 37.7149579], [125.7822849, 37.7099007], [125.7831195, 37.7048832], [125.7848062, 37.6992558], [125.7869083, 37.6944754], [125.7895751, 37.6898746], [125.7927826, 37.6854948], [125.7970728, 37.6808111], [125.801335, 37.6770359], [125.8060313, 37.6735984], [125.8111191, 37.6705296], [125.8173541, 37.6675095], [125.8231219, 37.66532], [125.8291265, 37.6635744], [125.8353136, 37.6622885], [125.841627, 37.6614739], [125.8480097, 37.6611382], [125.8544037, 37.6612842], [125.8607513, 37.6619107], [125.8669949, 37.6630121], [125.873078, 37.6645782], [125.8789455, 37.666595], [125.8853191, 37.6694279], [125.8905488, 37.6723436], [125.8954047, 37.6756394], [125.8998427, 37.6792854], [125.9038228, 37.6832487], [125.9073088, 37.6874931], [125.9102693, 37.6919804], [125.9126773, 37.6966697], [125.9147251, 37.7022217], [125.9158826, 37.7071991], [125.9164799, 37.7130174], [125.9207845, 37.7142161], [125.9255677, 37.7159078], [125.9325711, 37.7123755], [125.934645, 37.7114792], [125.9336454, 37.708538], [125.9324696, 37.7028301], [125.9320889, 37.6977778], [125.9323168, 37.6927195], [125.9331514, 37.6877008], [125.9348381, 37.6820722], [125.9369402, 37.6772907], [125.9384034, 37.6748876], [125.9396071, 37.6726887], [125.9428146, 37.668308], [125.9471047, 37.6636231], [125.9492274, 37.6617426], [125.944601, 37.6604962], [125.9387687, 37.6584163], [125.9332126, 37.6559068], [125.9272652, 37.6525422], [125.9224665, 37.6491934], [125.9180915, 37.6454984], [125.9163794, 37.6437443], [125.9136283, 37.6414206], [125.9097167, 37.6374127], [125.9058589, 37.6324958], [125.9030538, 37.6279428], [125.9008079, 37.6231991], [125.9007572, 37.6230503], [125.8980757, 37.6186974], [125.8958297, 37.613953], [125.8941633, 37.6090607], [125.8929875, 37.6033452], [125.8926068, 37.5982861], [125.8928347, 37.593221], [125.8936693, 37.5881956], [125.895356, 37.5825594], [125.8974581, 37.5777715], [125.900125, 37.5731634], [125.9033324, 37.5687768], [125.9076226, 37.5640857], [125.9118848, 37.5603046], [125.9165811, 37.5568616], [125.921669, 37.553788], [125.9279039, 37.5507632], [125.9336717, 37.5485702], [125.9396763, 37.5468219], [125.9458634, 37.545534], [125.9521768, 37.5447181], [125.9585595, 37.5443818], [125.9649536, 37.5445281], [125.9713012, 37.5451556], [125.9775448, 37.5462587], [125.9836279, 37.5478273], [125.9894953, 37.5498472], [125.995869, 37.5526846], [126.0010987, 37.5556049], [126.0059545, 37.5589059], [126.0077697, 37.5603995], [126.0090869, 37.5609858], [126.0104554, 37.5617499], [126.0114902, 37.5622105], [126.0167199, 37.5651303], [126.0215757, 37.5684309], [126.0260138, 37.5720822], [126.0299938, 37.5760512], [126.0311181, 37.577422], [126.0334271, 37.5797244], [126.0369131, 37.5839748], [126.0398735, 37.5884683], [126.0422815, 37.5931641], [126.0443294, 37.5987239], [126.0454869, 37.6037082], [126.0460411, 37.6087568], [126.0459871, 37.6138239], [126.0451814, 37.6195787], [126.0438327, 37.6245314], [126.0437961, 37.6246226], [126.0490638, 37.6251428], [126.0553074, 37.6262447], [126.0613905, 37.6278117], [126.0672579, 37.6298294], [126.0736316, 37.6326637], [126.0788613, 37.6355809], [126.0837171, 37.6388783], [126.0874813, 37.6420743], [126.1027612, 37.7077024], [126.1033788, 37.7080566], [126.1111143, 37.7124922], [126.1362276, 37.7146912], [126.1607449, 37.7175013], [126.1665504, 37.7284765], [126.17752, 37.7336077], [126.1871557, 37.7490299], [126.1841127, 37.7613311], [126.1839624, 37.7704985], [126.1836974, 37.7784147], [126.1884127, 37.7837789], [126.1911593, 37.7970733], [126.1941204, 37.8084496], [126.198051, 37.8154895], [126.2060938, 37.8232481], [126.2229166, 37.8297564], [126.2280251, 37.830421], [126.2375078, 37.8316546], [126.264802, 37.8278582], [126.2757883, 37.8255532], [126.2936411, 37.8254176], [126.308404, 37.8290785], [126.358154, 37.8364701], [126.4135758, 37.8447035], [126.425127, 37.8413279], [126.442173, 37.8370237], [126.4532022, 37.827967], [126.4567556, 37.8199126], [126.4592687, 37.8181961], [126.4684887, 37.8118981], [126.4855775, 37.8060324], [126.4942272, 37.8023033], [126.501748, 37.7990608], [126.5199827, 37.7920214], [126.5290106, 37.7901819], [126.5497334, 37.7813108], [126.5632157, 37.7716766], [126.5664447, 37.7690749], [126.566554, 37.7689788], [126.5709729, 37.7650931], [126.575145, 37.7625993], [126.5779942, 37.761996], [126.5796866, 37.7619774], [126.5816575, 37.7619558], [126.5912737, 37.7631222], [126.6034847, 37.7652942], [126.6047489, 37.7659869], [126.6051152, 37.7661876], [126.6086234, 37.7681097], [126.6134242, 37.7741278], [126.616126, 37.7775145], [126.6252412, 37.7821376], [126.6376009, 37.7837657], [126.6474714, 37.7828601], [126.6521667, 37.7809602], [126.6563489, 37.7834946], [126.6568639, 37.7838198], [126.6589408, 37.7851313], [126.6609914, 37.7869523], [126.6626772, 37.7891804], [126.6634707, 37.7911495], [126.6636258, 37.7942801], [126.6634419, 37.7990931], [126.6632605, 37.8016859], [126.6631392, 37.8037303], [126.6637338, 37.8064675], [126.6641935, 37.810868], [126.6650376, 37.8167033], [126.6663658, 37.8222823], [126.6698547, 37.828924], [126.6716009, 37.8310996], [126.6745837, 37.83344], [126.6833822, 37.8365898], [126.6910919, 37.8394882], [127.1378802, 38.0572029], [127.2656195, 38.2166084], [127.3892184, 38.3071827], [127.4323919, 38.3674177], [127.4414008, 38.4062581], [127.5457736, 38.7305207], [127.8344915, 38.6749031], [128.3489308, 38.7615762], [128.3474749, 38.7673341], [128.3452487, 38.7727228], [128.3426947, 38.7772589], [128.3395992, 38.7815849], [128.3359903, 38.7856617], [128.3312792, 38.7899686], [128.3266856, 38.7933906], [128.3216954, 38.7964566], [128.3163539, 38.7991389], [128.3087526, 38.8020432], [128.3052159, 38.804216], [128.2998744, 38.806898], [128.2934018, 38.8094624], [128.2874739, 38.8112455], [128.2813552, 38.8125813], [128.2751013, 38.8134579], [128.2678611, 38.8138873], [128.2606038, 38.8137017], [128.250539, 38.8123486], [128.2499202, 38.816544], [128.248598, 38.8213864], [128.2463717, 38.826771], [128.2438178, 38.8313036], [128.2407223, 38.8356264], [128.2371134, 38.8397001], [128.2324022, 38.8440038], [128.2278086, 38.8474231], [128.2228185, 38.8504868], [128.217477, 38.8531671], [128.2110044, 38.8557299], [128.2050764, 38.8575118], [128.1989578, 38.8588467], [128.1927039, 38.8597227], [128.1828046, 38.8600839], [128.1752836, 38.860784], [128.171815, 38.8625243], [128.1653424, 38.8650867], [128.1608585, 38.8664344], [128.1579012, 38.8691348], [128.1533076, 38.872553], [128.1483174, 38.8756156], [128.1429759, 38.878295], [128.134193, 38.881551], [128.1330752, 38.8842525], [128.1305212, 38.8887815], [128.1274258, 38.8931008], [128.1238168, 38.8971712], [128.1191057, 38.9014713], [128.1145121, 38.904888], [128.1095219, 38.9079492], [128.1017443, 38.9115911], [128.0985356, 38.9135593], [128.0931941, 38.9162372], [128.0867215, 38.9187977], [128.0807936, 38.920578], [128.0746749, 38.9219118], [128.068421, 38.922787], [128.0611808, 38.9232158], [128.0539235, 38.9230304], [128.0476269, 38.9223659], [128.04144, 38.9212388], [128.0323734, 38.9185805], [128.0286515, 38.9215437], [128.0250546, 38.9256265], [128.0244363, 38.9268032], [128.0236705, 38.9333465], [128.0223483, 38.938181], [128.020122, 38.9435567], [128.0175681, 38.9480819], [128.0144726, 38.9523976], [128.0108637, 38.9564646], [128.0061525, 38.9607612], [128.0015589, 38.964175], [127.9965688, 38.9672336], [127.9912273, 38.9699095], [127.9847547, 38.9724681], [127.975752, 38.9749167], [127.9686185, 38.9778062], [127.9653353, 38.9787914], [127.9627871, 38.9843997], [127.9602332, 38.9889223], [127.9571377, 38.9932355], [127.9535288, 38.9973002], [127.9488176, 39.0015943], [127.9419344, 39.0064087], [127.9389416, 39.0105778], [127.9353327, 39.0146415], [127.9306215, 39.0189345], [127.9260279, 39.0223455], [127.9210378, 39.0254016], [127.9156963, 39.0280753], [127.9120756, 39.0295054], [127.9065889, 39.0346705], [127.9019953, 39.0380807], [127.8970052, 39.0411361], [127.8936576, 39.0428114], [127.8882974, 39.0493114], [127.8835863, 39.0536023], [127.8789927, 39.0570116], [127.8754501, 39.0591801], [127.8728479, 39.0621083], [127.8663537, 39.0677216], [127.8627239, 39.0729749], [127.8608519, 39.0750811], [127.858417, 39.0812075], [127.855863, 39.0857239], [127.8527676, 39.0900312], [127.8496881, 39.0934948], [127.8465933, 39.0993135], [127.8434979, 39.1036199], [127.8392205, 39.1082866], [127.8362936, 39.1136996], [127.8331982, 39.1180052], [127.8275089, 39.1239556], [127.8238438, 39.1293646], [127.8227114, 39.1320916], [127.8183676, 39.1390936], [127.8161883, 39.144341], [127.8136343, 39.1488534], [127.8060757, 39.1595461], [127.8024668, 39.1636012], [127.7977556, 39.1678852], [127.793162, 39.1712889], [127.7881719, 39.1743386], [127.7828304, 39.1770067], [127.7763578, 39.1795578], [127.7704298, 39.1813315], [127.7643111, 39.1826603], [127.7580573, 39.1835323], [127.7442939, 39.1842257], [127.7370366, 39.184041], [127.73074, 39.183379], [127.7245531, 39.182256], [127.7185319, 39.1806822], [127.7119234, 39.17835], [127.7064383, 39.1758632], [127.7012831, 39.1729833], [127.6965043, 39.1697365], [127.6936162, 39.1673289], [127.6841649, 39.1672736], [127.6772999, 39.1665083], [127.6726557, 39.1699581], [127.6693877, 39.1719554], [127.6676611, 39.1745942], [127.665901, 39.1793278], [127.6734465, 39.1826585], [127.6786518, 39.1854834], [127.6841451, 39.189164], [127.6885041, 39.1927473], [127.6924039, 39.1966353], [127.6958092, 39.2007928], [127.6986891, 39.205182], [127.7010175, 39.2097632], [127.7027735, 39.2144949], [127.7039409, 39.2193341], [127.7045413, 39.2249401], [127.7044192, 39.2298614], [127.7036756, 39.2348171], [127.7027827, 39.238068], [127.7027026, 39.241296], [127.7019771, 39.246185], [127.7006549, 39.2509981], [127.6984286, 39.25635], [127.6944518, 39.2628302], [127.6956149, 39.2754546], [127.6954928, 39.2803724], [127.6947673, 39.2852586], [127.6934451, 39.290069], [127.6912188, 39.295418], [127.6886649, 39.2999206], [127.6855694, 39.3042148], [127.6819605, 39.3082616], [127.6772493, 39.3125367], [127.6726557, 39.3159335], [127.6676656, 39.3189769], [127.6623241, 39.3216394], [127.6558515, 39.3241852], [127.6499235, 39.3259553], [127.6438049, 39.3272814], [127.637551, 39.3281516], [127.6282433, 39.3284776], [127.6274761, 39.3354641], [127.6253565, 39.3421854], [127.6259204, 39.3474412], [127.6257983, 39.352354], [127.6250728, 39.3572352], [127.6237506, 39.3620407], [127.6215243, 39.3673841], [127.6199688, 39.3701237], [127.6192363, 39.3752841], [127.6179141, 39.3800883], [127.6156878, 39.3854304], [127.6131339, 39.3899273], [127.609687, 39.3946094], [127.6086444, 39.3983967], [127.6064181, 39.4037373], [127.6039794, 39.4080301], [127.6034435, 39.4116332], [127.6021212, 39.4164349], [127.5987054, 39.4238677], [127.5979503, 39.4299333], [127.5966281, 39.4347337], [127.5944018, 39.4400716], [127.5918706, 39.4445249], [127.5911349, 39.4471954], [127.5889086, 39.4525323], [127.5873876, 39.4552078], [127.5866207, 39.461748], [127.5856443, 39.465291], [127.5843403, 39.4728052], [127.5847217, 39.4763535], [127.5845996, 39.4812572], [127.5838741, 39.4861294], [127.5815945, 39.4932196], [127.5815096, 39.4966248], [127.5800579, 39.5041302], [127.583676, 39.5093976], [127.5861413, 39.5142339], [127.5897225, 39.5185359], [127.5926024, 39.5229052], [127.5949308, 39.5274656], [127.5966867, 39.5321758], [127.5976408, 39.5361127], [127.5983921, 39.5370255], [127.6054686, 39.5402098], [127.6106739, 39.5430202], [127.6161672, 39.546682], [127.6205262, 39.550247], [127.624426, 39.5541152], [127.6278313, 39.5582514], [127.631098, 39.5633754], [127.6350411, 39.5680444], [127.637921, 39.5724106], [127.6402494, 39.5769677], [127.6420053, 39.5816745], [127.6431728, 39.5864884], [127.6437732, 39.5920649], [127.6436511, 39.5969604], [127.6429256, 39.6018245], [127.6416034, 39.6066131], [127.6393771, 39.6119377], [127.6368231, 39.61642], [127.6337277, 39.6206947], [127.630197, 39.6246358], [127.629536, 39.6290655], [127.6282138, 39.6338522], [127.6247463, 39.6413523], [127.6237506, 39.6449563], [127.6215243, 39.650278], [127.6189703, 39.6547578], [127.6158749, 39.6590301], [127.6122659, 39.6630563], [127.6075548, 39.6673097], [127.6029612, 39.6706892], [127.5970702, 39.6741639], [127.5914187, 39.6794654], [127.586825, 39.6828443], [127.5818349, 39.6858716], [127.5764934, 39.6885202], [127.5700208, 39.6910526], [127.56085, 39.6935125], [127.5570803, 39.6948032], [127.5646485, 39.6951079], [127.5709452, 39.695765], [127.5771321, 39.6968798], [127.5831532, 39.6984419], [127.5897395, 39.7007798], [127.5975728, 39.7026683], [127.6033737, 39.7046636], [127.6089019, 39.707074], [127.6141071, 39.7098777], [127.6196004, 39.7135307], [127.6239594, 39.7170871], [127.6278592, 39.7209459], [127.6312645, 39.7250722], [127.6342725, 39.7296785], [127.6422508, 39.7395938], [127.6451307, 39.7439492], [127.6474592, 39.748495], [127.6492151, 39.7531902], [127.6503906, 39.7582896], [127.6580415, 39.757238], [127.664386, 39.7569667], [127.6707353, 39.7571602], [127.6770319, 39.7578167], [127.6832188, 39.7589305], [127.68924, 39.7604912], [127.6950409, 39.7624848], [127.700569, 39.7648932], [127.7057743, 39.7676946], [127.7112676, 39.7713444], [127.7156266, 39.7748979], [127.7195264, 39.7787535], [127.7229317, 39.7828763], [127.7253293, 39.7865001], [127.7308561, 39.791681], [127.7342613, 39.795803], [127.738466, 39.802739], [127.7403077, 39.8045591], [127.7487397, 39.8046435], [127.7526963, 39.8038803], [127.7589784, 39.8031471], [127.7653229, 39.8028759], [127.7716722, 39.8030693], [127.7779688, 39.8037254], [127.7839975, 39.8048099], [127.7937616, 39.8055717], [127.7999485, 39.8066846], [127.8059697, 39.8082443], [127.8117706, 39.8102365], [127.8153072, 39.8117762], [127.821727, 39.8139287], [127.8272551, 39.8163353], [127.8324604, 39.8191345], [127.8379537, 39.8227816], [127.8449847, 39.828847], [127.8493799, 39.8293049], [127.8555668, 39.8304174], [127.861588, 39.8319766], [127.8673889, 39.8339681], [127.8745194, 39.8372354], [127.8830326, 39.8385902], [127.8892694, 39.8402232], [127.8964151, 39.8409048], [127.902602, 39.8420172], [127.9086232, 39.843576], [127.9144241, 39.8455673], [127.9199523, 39.8479728], [127.9251576, 39.8507707], [127.9306508, 39.8544162], [127.9350098, 39.8579653], [127.9389096, 39.8618163], [127.9423149, 39.8659341], [127.9451948, 39.8702815], [127.9475233, 39.874819], [127.9492792, 39.8795055], [127.9504467, 39.8842986], [127.9510471, 39.8898511], [127.9509249, 39.8947255], [127.9501995, 39.8995686], [127.9481669, 39.906028], [127.9527479, 39.9124284], [127.867121, 40.0339278], [127.6776068, 40.1200946], [127.735285, 40.5430302], [127.7188055, 40.793023], [127.5128119, 41.1041951], [127.5430243, 41.4365535], [127.2985785, 41.4838952], [127.1227972, 41.6359771], [126.9580023, 41.8204592], [126.7053168, 42.0615327], [126.4636176, 42.1308254], [126.0076849, 42.2203859], [125.6506293, 42.3666657], [125.0628635, 42.2264856], [124.4146674, 42.5247521], [123.6470944, 42.6166048], [123.3877242, 42.4679336], [122.9607481, 42.26419], [120.7863109, 41.7244364], [119.0354799, 40.2200851], [116.784646, 40.6473202], [114.7739193, 40.7360291], [112.8954968, 40.4803898], [112.434071, 39.7494421], [111.4453015, 39.6480058], [110.678421, 38.727062], [108.5075723, 38.229088], [107.3891284, 38.2829287], [105.8429738, 39.6056951], [105.4939509, 39.5184393], [104.795905, 39.4311836], [104.0106035, 39.5184393], [103.600424, 40.2567624], [103.5743248, 40.3037409], [102.876279, 40.5655081], [101.5674431, 40.6527638], [101.1866681, 40.4623763], [101.0439087, 40.3909966], [100.7821415, 39.6056951], [99.647817, 39.6929508], [98.688004, 39.8674623], [98.8429925, 40.7973933], [98.9497712, 41.4380654], [98.4262368, 41.5253211], [97.728191, 41.1762982], [96.5938665, 40.914531], [95.2850306, 40.8272753], [94.848752, 40.4782524], [94.9360077, 40.0419737], [96.5361902, 39.4837705], [99.0370269, 38.3841149], [101.0439087, 37.1625347], [100.4331186, 35.5919316], [101.3056759, 35.5919316], [102.0909774, 35.4174201], [103.1380462, 35.2429086], [103.7488363, 34.80663], [103.9233477, 33.0615154], [104.0978592, 31.6654238], [102.876279, 31.7526795], [99.9560236, 27.4877866], [100.6184978, 25.1028797], [101.8231868, 24.7970582], [102.214827, 24.6976367], [102.5874129, 24.0269821], [103.4379087, 20.1398347], [103.7707149, 19.6189649], [104.5847551, 18.3449235], [105.694779, 17.7973463], [106.5975037, 17.6815109], [106.5788574, 17.9165077], [106.5681076, 18.0244694], [106.0677948, 18.5061684], [105.8569794, 18.7598076], [105.7362442, 18.8611832], [105.9106293, 19.2998524], [106.0470505, 19.7193813], [106.1685333, 19.8974953], [106.2453384, 19.9548225], [106.4850922, 20.0633297], [106.5845871, 20.1270599], [106.8479538, 20.4833374], [106.975235, 20.6551113], [106.949913, 20.832922], [107.010704, 20.921978], [107.5780029, 20.8977642], [107.6694565, 20.9932423], [107.6214752, 21.2027588], [107.9934387, 21.4195099], [108.1000637, 21.4316493], [108.1068696, 21.4348942], [108.1114699, 21.4375986], [108.1157732, 21.4406977], [108.1197406, 21.4441634], [108.123336, 21.4479644], [108.126527, 21.4520662], [108.1292846, 21.4564316], [108.1319016, 21.4618725], [108.1377777, 21.4622364], [108.1431412, 21.4630876], [108.1483935, 21.4644094], [108.1627106, 21.4690492], [108.1673461, 21.4701519], [108.1719862, 21.4662581], [108.1760388, 21.4623502], [108.180195, 21.4590823], [108.1807422, 21.4587203], [108.1853283, 21.4558173], [108.1901097, 21.4534007], [108.1951163, 21.451418], [108.2047659, 21.448609], [108.2100851, 21.4475439], [108.2154891, 21.4469543], [108.2209288, 21.4468454], [108.2339081, 21.4475379], [108.2392716, 21.4483891], [108.2445239, 21.4497111], [108.2496174, 21.4514917], [108.255185, 21.4540675], [108.2597853, 21.4567715], [108.2640887, 21.4598702], [108.2758146, 21.4696803], [108.2815464, 21.4716214], [108.2843756, 21.47293], [108.2911595, 21.4751358], [108.2967271, 21.4777111], [108.3013274, 21.4804147], [108.3056307, 21.4835129], [108.309598, 21.4869777], [108.3129916, 21.4905642], [108.3183564, 21.4930455], [108.3284499, 21.4992626], [108.3327532, 21.5023604], [108.3365553, 21.5056804], [108.3391171, 21.5032425], [108.3432733, 21.4999755], [108.3484066, 21.4967115], [108.353188, 21.4942955], [108.3581946, 21.4923134], [108.363381, 21.490783], [108.3687003, 21.4897182], [108.3741042, 21.4891287], [108.3795439, 21.4890199], [108.3860656, 21.4895665], [108.3925902, 21.4893394], [108.3980163, 21.4897122], [108.4039471, 21.4907059], [108.408383, 21.4906172], [108.4138092, 21.49099], [108.4191727, 21.491841], [108.4236222, 21.4929606], [108.4289824, 21.4928534], [108.4344086, 21.4932261], [108.4397721, 21.4940772], [108.4450244, 21.4953987], [108.4507639, 21.4974775], [108.4593415, 21.4985493], [108.4645938, 21.4998708], [108.4696873, 21.5016509], [108.4752549, 21.5042257], [108.480571, 21.5074441], [108.4869279, 21.5102947], [108.4899588, 21.5120756], [108.4930332, 21.5131499], [108.4986009, 21.5157246], [108.5033743, 21.5185521], [108.5071095, 21.5198572], [108.5126771, 21.5224318], [108.5172774, 21.5251345], [108.5291338, 21.5339804], [108.533518, 21.5378843], [108.5373963, 21.5396775], [108.5419966, 21.54238], [108.5535097, 21.5509054], [108.5574771, 21.5543685], [108.5610725, 21.5581666], [108.5642635, 21.5622653], [108.5670211, 21.5666274], [108.5734306, 21.5794513], [108.5769771, 21.5848259], [108.5789454, 21.5887513], [108.5828029, 21.593553], [108.5868892, 21.6005636], [108.588639, 21.6028106], [108.5918354, 21.6080463], [108.5957478, 21.6121196], [108.5989387, 21.6162167], [108.6016963, 21.6205771], [108.6039956, 21.6251614], [108.6055868, 21.62942], [108.6082843, 21.6273015], [108.6114033, 21.621333], [108.616186, 21.614885], [108.614782, 21.6089579], [108.6141853, 21.6039298], [108.6141053, 21.5988715], [108.6145428, 21.5938289], [108.6156712, 21.5881436], [108.6171984, 21.5832876], [108.6192151, 21.5785885], [108.6217029, 21.5740887], [108.6265425, 21.567573], [108.6278828, 21.5651488], [108.631274, 21.5603023], [108.6346906, 21.556364], [108.6384942, 21.5527455], [108.6426504, 21.5494796], [108.6477837, 21.5462167], [108.6525651, 21.5438016], [108.6575717, 21.5418201], [108.6627581, 21.5402902], [108.6680773, 21.5392258], [108.6734813, 21.5386365], [108.678921, 21.5385277], [108.6843472, 21.5389004], [108.6901262, 21.5398557], [108.6980801, 21.5401778], [108.7034436, 21.5410285], [108.7086959, 21.5423497], [108.7137894, 21.5441292], [108.7206061, 21.547437], [108.7285022, 21.5456126], [108.7339061, 21.5450234], [108.7393458, 21.5449146], [108.744772, 21.5452872], [108.7501355, 21.5461379], [108.7553878, 21.547459], [108.7604813, 21.5492384], [108.766154, 21.5518742], [108.7714677, 21.5537089], [108.7770353, 21.5562829], [108.7816356, 21.558985], [108.7859389, 21.5620815], [108.7899062, 21.5655444], [108.7937745, 21.5696926], [108.7991692, 21.5642405], [108.8024978, 21.5616251], [108.8080956, 21.5559387], [108.8122518, 21.5526728], [108.8209989, 21.5472091], [108.8246115, 21.5443703], [108.8297448, 21.5411073], [108.8345262, 21.5386921], [108.8395327, 21.5367105], [108.8447191, 21.5351806], [108.8500384, 21.5341161], [108.8554424, 21.5335269], [108.8608821, 21.5334181], [108.8663082, 21.5337908], [108.8716718, 21.5346415], [108.8769241, 21.5359627], [108.8820176, 21.5377423], [108.8875852, 21.5403165], [108.8921855, 21.543019], [108.8964888, 21.5461158], [108.9004562, 21.5495791], [108.9040516, 21.5533773], [108.9076823, 21.5581717], [108.9120104, 21.5568952], [108.9173297, 21.5558309], [108.9227336, 21.5552417], [108.9281733, 21.5551329], [108.9318547, 21.5553857], [108.9370364, 21.5533159], [108.9428458, 21.5516615], [108.9457627, 21.5501882], [108.9507693, 21.5482068], [108.9559557, 21.5466769], [108.961275, 21.5456126], [108.9666789, 21.5450234], [108.9721186, 21.5449146], [108.9764087, 21.5452092], [108.9832476, 21.5436966], [108.9886516, 21.5431073], [108.9940913, 21.5429986], [109.0010983, 21.5436219], [109.0058177, 21.5431073], [109.0132212, 21.5431334], [109.0194339, 21.5405427], [109.0253695, 21.5388629], [109.028872, 21.5366364], [109.0336534, 21.5342211], [109.0407725, 21.5316163], [109.0466996, 21.5284726], [109.0498112, 21.5272409], [109.0459565, 21.5258161], [109.0379237, 21.5246738], [109.0326912, 21.5232862], [109.0276242, 21.5214422], [109.0227685, 21.5191584], [109.0175343, 21.5160366], [109.0084702, 21.5096908], [109.0045539, 21.5061767], [109.0010143, 21.5023321], [108.9974714, 21.4975783], [108.9948424, 21.493146], [108.9926781, 21.4885011], [108.9909981, 21.4836856], [108.9896904, 21.4780294], [108.9890937, 21.4729967], [108.9890137, 21.4679339], [108.9894513, 21.4628867], [108.9911096, 21.4555099], [108.9915112, 21.4481883], [108.9926396, 21.4424973], [108.9955401, 21.4318841], [108.9975567, 21.42718], [109.0048511, 21.4150049], [109.0082424, 21.4101533], [109.0116589, 21.406211], [109.0154626, 21.4025888], [109.0196188, 21.3993195], [109.0247521, 21.3960532], [109.0295335, 21.3936356], [109.035965, 21.3912313], [109.0412065, 21.3885208], [109.046213, 21.3865372], [109.0527989, 21.3847254], [109.057886, 21.382701], [109.0630724, 21.3811695], [109.0682438, 21.3801335], [109.0743655, 21.3775859], [109.0795519, 21.3760543], [109.0848712, 21.3749887], [109.0900316, 21.3744253], [109.0949649, 21.3724706], [109.1001513, 21.3709389], [109.1038332, 21.3702013], [109.1091844, 21.3674206], [109.1141909, 21.3654367], [109.1222745, 21.3633245], [109.1292972, 21.360321], [109.1344836, 21.3587892], [109.1398028, 21.3577235], [109.1452068, 21.3571335], [109.1527087, 21.3571663], [109.1590289, 21.355805], [109.1644328, 21.355215], [109.1698725, 21.355106], [109.1752987, 21.3554792], [109.1806622, 21.356331], [109.1860031, 21.3576848], [109.1924649, 21.3580372], [109.1978284, 21.358889], [109.2030807, 21.3602117], [109.2081742, 21.3619935], [109.2137418, 21.3645708], [109.2205598, 21.3688744], [109.2255992, 21.370744], [109.2321607, 21.3716781], [109.237413, 21.3730008], [109.2412211, 21.3743327], [109.2460232, 21.3746629], [109.2513867, 21.3755146], [109.2588438, 21.3776084], [109.2625027, 21.37786], [109.2678662, 21.3787117], [109.2758273, 21.3809817], [109.2822858, 21.3819086], [109.2875381, 21.3832312], [109.2926316, 21.3850126], [109.2964008, 21.3867572], [109.3033309, 21.3883461], [109.3084244, 21.3901275], [109.316136, 21.3939651], [109.3236573, 21.3954308], [109.3311672, 21.3957621], [109.3378447, 21.3969445], [109.344334, 21.3961373], [109.3497737, 21.3960284], [109.3551998, 21.3964014], [109.3605634, 21.397253], [109.3658157, 21.3985754], [109.3716151, 21.4006834], [109.3797894, 21.4017282], [109.3851675, 21.4030945], [109.3922787, 21.4034338], [109.3979566, 21.4043645], [109.4041613, 21.4031202], [109.4095653, 21.4025304], [109.415005, 21.4024215], [109.4204312, 21.4027945], [109.4238387, 21.4033355], [109.4307978, 21.4030608], [109.436224, 21.4034338], [109.4415875, 21.4042854], [109.4468398, 21.4056077], [109.4519334, 21.4073889], [109.4583237, 21.4104492], [109.461946, 21.4113611], [109.4684429, 21.4137917], [109.47205, 21.413398], [109.4774897, 21.4132891], [109.4829159, 21.4136621], [109.4882794, 21.4145136], [109.4925226, 21.4155818], [109.4984057, 21.4137746], [109.5037249, 21.4127093], [109.5091289, 21.4121195], [109.5145686, 21.4120106], [109.5199948, 21.4123836], [109.5253583, 21.4132351], [109.5306106, 21.4145574], [109.5357041, 21.4163384], [109.5417068, 21.4191706], [109.5498367, 21.4209496], [109.5549302, 21.4227306], [109.5604978, 21.4253069], [109.5650981, 21.4280115], [109.5692594, 21.4310085], [109.5749174, 21.4336162], [109.5795177, 21.4363206], [109.583821, 21.4394197], [109.5877883, 21.4428855], [109.5909519, 21.4462301], [109.5948073, 21.4490064], [109.5987746, 21.452472], [109.6023701, 21.4562727], [109.605561, 21.4603743], [109.6082782, 21.4646754], [109.6115385, 21.4675973], [109.6172832, 21.4708304], [109.6230189, 21.4751798], [109.624823, 21.4745492], [109.6314607, 21.4693662], [109.6330898, 21.4670365], [109.6365064, 21.4630957], [109.64031, 21.4594749], [109.6444662, 21.4562069], [109.6495995, 21.4529419], [109.6522027, 21.4516261], [109.6575125, 21.4472598], [109.6629249, 21.4438535], [109.6677758, 21.439024], [109.671932, 21.4357555], [109.6770653, 21.4324901], [109.6818467, 21.430073], [109.6868533, 21.42809], [109.6909318, 21.426886], [109.696978, 21.4229023], [109.7017595, 21.4204851], [109.7059936, 21.4188079], [109.7113725, 21.4160105], [109.7163791, 21.4140273], [109.7215655, 21.4124961], [109.7314077, 21.4107591], [109.7354302, 21.4081999], [109.7402116, 21.4057824], [109.7477949, 21.4030382], [109.7416864, 21.4002963], [109.7364522, 21.3971719], [109.7331519, 21.3947269], [109.7275258, 21.3914179], [109.7232682, 21.3882636], [109.7193518, 21.3847466], [109.7158123, 21.3808988], [109.7122694, 21.376141], [109.7100579, 21.3724096], [109.7060896, 21.367189], [109.7034605, 21.3627527], [109.7012962, 21.3581036], [109.6996162, 21.3532839], [109.6983086, 21.3476226], [109.6977119, 21.3425854], [109.6976319, 21.3375181], [109.6980694, 21.3324664], [109.6991979, 21.3267709], [109.700725, 21.3219062], [109.7027417, 21.3171986], [109.7052296, 21.3126908], [109.7086208, 21.3078358], [109.7120374, 21.3038908], [109.7179154, 21.2986332], [109.7184672, 21.2959279], [109.7183069, 21.2943343], [109.7167824, 21.2899588], [109.7154747, 21.284295], [109.714878, 21.2792557], [109.714884, 21.2731934], [109.7141914, 21.2677383], [109.7141114, 21.2626683], [109.7145489, 21.2576141], [109.7151427, 21.2546158], [109.714798, 21.2473099], [109.7152063, 21.2425934], [109.7148561, 21.2410762], [109.7073541, 21.2378231], [109.7021199, 21.2346952], [109.6978623, 21.2315375], [109.6946735, 21.2286708], [109.6897603, 21.2257346], [109.6855027, 21.2225767], [109.6815863, 21.2190557], [109.6775514, 21.2145375], [109.6740332, 21.2113744], [109.6704937, 21.207522], [109.6669508, 21.2027587], [109.66537, 21.2000883], [109.6615673, 21.195999], [109.6572826, 21.1899821], [109.6533275, 21.1857556], [109.6515952, 21.1834261], [109.6463639, 21.1796852], [109.6424475, 21.1761632], [109.638908, 21.17231], [109.6291853, 21.1598614], [109.6265562, 21.1554189], [109.6243919, 21.1507633], [109.620652, 21.1388921], [109.6193444, 21.1332225], [109.6187476, 21.128178], [109.6186677, 21.1231033], [109.6191052, 21.1180443], [109.6202336, 21.1123406], [109.6217608, 21.1074688], [109.6272107, 21.0944263], [109.6296986, 21.0899117], [109.6330898, 21.0850494], [109.6365064, 21.0810984], [109.6390487, 21.078672], [109.6402569, 21.0758468], [109.6427448, 21.0713316], [109.6466112, 21.0659191], [109.6484913, 21.0625069], [109.6467445, 21.0575338], [109.6454369, 21.0518612], [109.6449452, 21.0477022], [109.6423491, 21.043312], [109.6406788, 21.0397163], [109.638908, 21.0377868], [109.6353651, 21.033018], [109.632736, 21.0285717], [109.6305717, 21.0239121], [109.6287235, 21.0183512], [109.6271385, 21.0149387], [109.6254585, 21.0101077], [109.6239567, 21.00279], [109.6221606, 20.9968177], [109.6151588, 20.9780545], [109.6138512, 20.9723789], [109.6134182, 20.9687144], [109.6117913, 20.96212], [109.6111682, 20.9553952], [109.6090447, 20.9473716], [109.6084479, 20.9423208], [109.608368, 20.9372398], [109.6086922, 20.9334862], [109.608368, 20.9263371], [109.609017, 20.9202013], [109.6084479, 20.9153844], [109.608368, 20.9103024], [109.6088055, 20.9052362], [109.6104734, 20.8978008], [109.6108655, 20.8898407], [109.6125045, 20.8824967], [109.6129254, 20.8763684], [109.6140538, 20.8706554], [109.6164406, 20.8637628], [109.617487, 20.8584646], [109.6190142, 20.8535846], [109.6215272, 20.84796], [109.6231341, 20.8426759], [109.6251507, 20.8379531], [109.6290061, 20.8314667], [109.6313305, 20.8257597], [109.6338184, 20.8212369], [109.6372096, 20.8163659], [109.6406262, 20.8124077], [109.6440868, 20.809099], [109.6475093, 20.8041707], [109.6509259, 20.8002123], [109.6618639, 20.7893024], [109.6660488, 20.7829873], [109.6694653, 20.7790283], [109.672926, 20.7757188], [109.6758777, 20.7714658], [109.6787091, 20.7641358], [109.681197, 20.7596112], [109.6845882, 20.7547382], [109.688777, 20.7498603], [109.6880089, 20.7465216], [109.6874122, 20.7414641], [109.6873322, 20.7363762], [109.6877698, 20.7313041], [109.6888982, 20.7255856], [109.6904253, 20.7207013], [109.692442, 20.7159746], [109.6949299, 20.7114486], [109.6989805, 20.7058096], [109.6951032, 20.7006651], [109.6924742, 20.696209], [109.6907561, 20.6925019], [109.6882368, 20.689103], [109.6856078, 20.6846465], [109.6834434, 20.6799763], [109.6817635, 20.6751345], [109.6804558, 20.6694474], [109.6798591, 20.6643873], [109.6797791, 20.6592969], [109.6802167, 20.6542222], [109.6813451, 20.6485008], [109.6828722, 20.643614], [109.6848889, 20.638885], [109.6888818, 20.6321921], [109.689143, 20.6291622], [109.6902715, 20.6234399], [109.6917986, 20.6185522], [109.6938153, 20.6138224], [109.6963032, 20.6092933], [109.6996944, 20.6044155], [109.703111, 20.6004518], [109.7069146, 20.59681], [109.7114689, 20.5932684], [109.7151543, 20.5897395], [109.7193106, 20.5864524], [109.7244439, 20.5831683], [109.7292253, 20.5807375], [109.7342318, 20.5787431], [109.7394182, 20.5772033], [109.7447375, 20.576132], [109.7523028, 20.5754954], [109.7552111, 20.5746319], [109.7619034, 20.5734099], [109.7641328, 20.5702025], [109.762101, 20.5645975], [109.7607933, 20.5589063], [109.7601966, 20.5538425], [109.7603389, 20.5461687], [109.7587334, 20.5396176], [109.7581367, 20.5345532], [109.7580567, 20.5294584], [109.7584942, 20.5243795], [109.7596227, 20.5186532], [109.7611498, 20.5137622], [109.7637374, 20.5079891], [109.7639874, 20.5050865], [109.7651158, 20.4993595], [109.766643, 20.4944679], [109.7686596, 20.4897342], [109.7711475, 20.4852014], [109.7729936, 20.482544], [109.7748827, 20.4758144], [109.7768994, 20.4710801], [109.7793873, 20.4665468], [109.7827785, 20.4616644], [109.7861951, 20.457697], [109.7899987, 20.4540518], [109.7941549, 20.4507618], [109.7992882, 20.4474748], [109.8040696, 20.4450418], [109.8090762, 20.4430457], [109.8142626, 20.4415045], [109.8225178, 20.4401097], [109.8188091, 20.4360847], [109.8152662, 20.4312969], [109.8126372, 20.4268329], [109.8104729, 20.4221547], [109.8087929, 20.4173048], [109.8074852, 20.4116081], [109.8068885, 20.4065395], [109.8068085, 20.4014405], [109.8072461, 20.3963572], [109.8083745, 20.3906262], [109.8099017, 20.3857311], [109.8119183, 20.3809941], [109.8193599, 20.3684746], [109.8221689, 20.3611546], [109.8234807, 20.3532917], [109.8250079, 20.3483955], [109.8270245, 20.3436573], [109.8295124, 20.3391202], [109.8329036, 20.3342338], [109.8363202, 20.3302632], [109.8401238, 20.3266149], [109.8445797, 20.3231301], [109.8473065, 20.3199609], [109.8511101, 20.3163124], [109.8552664, 20.3130194], [109.8603997, 20.3097295], [109.8658356, 20.3070331], [109.8710592, 20.302716], [109.8756027, 20.2998039], [109.8767755, 20.2984406], [109.8753745, 20.2958584], [109.8703075, 20.290601], [109.8667646, 20.2858087], [109.8641356, 20.2813404], [109.8619713, 20.2766579], [109.8602913, 20.2718034], [109.8589837, 20.2661014], [109.8583869, 20.2610279], [109.8583069, 20.2559241], [109.8587445, 20.2508361], [109.8598729, 20.2450997], [109.8606347, 20.2426554], [109.8603669, 20.2359532], [109.8611611, 20.2290512], [109.8610535, 20.2237118], [109.8614911, 20.2186227], [109.8626195, 20.2128851], [109.8641467, 20.2079844], [109.8661633, 20.2032419], [109.8686512, 20.1987007], [109.8720424, 20.1938099], [109.875459, 20.1898356], [109.8792626, 20.1861841], [109.8834188, 20.1828884], [109.8885521, 20.1795957], [109.8933335, 20.1771585], [109.8983401, 20.1751589], [109.9035265, 20.173615], [109.9088458, 20.1725409], [109.9142497, 20.1719463], [109.9196894, 20.1718365], [109.9251156, 20.1722126], [109.9304791, 20.1730711], [109.9344512, 20.1740793], [109.9407788, 20.1750046], [109.9460311, 20.1763378], [109.9511246, 20.1781335], [109.9566923, 20.1807312], [109.9612926, 20.1834581], [109.9655959, 20.1865832], [109.9695632, 20.1900779], [109.9731586, 20.1939106], [109.9763496, 20.1980467], [109.9798537, 20.2039511], [109.9839027, 20.2090014], [109.9878284, 20.2157539], [109.9939898, 20.2144294], [109.9993938, 20.213835], [110.0048335, 20.2137252], [110.0102597, 20.2141012], [110.0156232, 20.2149595], [110.0208755, 20.2162923], [110.025969, 20.2180876], [110.0332429, 20.2216957], [110.0398524, 20.2214573], [110.0452786, 20.2218332], [110.0489015, 20.222413], [110.0563197, 20.2208143], [110.0629601, 20.2163276], [110.0677415, 20.213891], [110.0731013, 20.2117868], [110.0752895, 20.2086313], [110.0787061, 20.2046574], [110.0825097, 20.2010062], [110.0866659, 20.1977108], [110.0917992, 20.1944184], [110.0965806, 20.1919814], [110.1037939, 20.1893252], [110.1069054, 20.1873294], [110.1116868, 20.1848923], [110.1166934, 20.1828929], [110.1218798, 20.1813491], [110.1271991, 20.180275], [110.132603, 20.1796804], [110.1380427, 20.1795706], [110.1434689, 20.1799467], [110.1488324, 20.1808052], [110.1540847, 20.1821383], [110.1585543, 20.183714], [110.1655085, 20.1834376], [110.1709347, 20.1838136], [110.1768149, 20.1848032], [110.1806147, 20.1847265], [110.1860409, 20.1851026], [110.1914044, 20.185961], [110.1966567, 20.1872941], [110.2017502, 20.1890897], [110.2073179, 20.1916871], [110.2116902, 20.1942788], [110.2189908, 20.1974871], [110.2211693, 20.1987782], [110.2268691, 20.2001828], [110.2319626, 20.2019783], [110.2365017, 20.2040957], [110.2437191, 20.2044356], [110.2511818, 20.2058266], [110.2576406, 20.2009328], [110.2627739, 20.1976405], [110.2675553, 20.1952036], [110.2725619, 20.1932042], [110.2777483, 20.1916606], [110.2830676, 20.1905866], [110.2884715, 20.189992], [110.2939112, 20.1898822], [110.2993374, 20.1902583], [110.3047009, 20.1911167], [110.3099532, 20.1924497], [110.3150468, 20.1942453], [110.3206144, 20.1968426], [110.3252147, 20.1995693], [110.329518, 20.202694], [110.3336279, 20.2063403], [110.3377061, 20.2077778], [110.3432737, 20.210375], [110.347874, 20.2131014], [110.3521773, 20.2162258], [110.3549686, 20.2186842], [110.3624998, 20.2219732], [110.3671001, 20.2246994], [110.3714034, 20.2278236], [110.3753707, 20.2313174], [110.3796033, 20.2359748], [110.3844496, 20.2394205], [110.388417, 20.2429141], [110.3920097, 20.2467426], [110.3961226, 20.2497282], [110.4004039, 20.253556], [110.40157, 20.2542469], [110.4068312, 20.2563098], [110.4153805, 20.2566227], [110.420744, 20.2574808], [110.4259963, 20.2588132], [110.4310898, 20.260608], [110.4442106, 20.2670691], [110.4488109, 20.2697946], [110.4531142, 20.2729178], [110.4561293, 20.2755723], [110.4613767, 20.278019], [110.465977, 20.2807443], [110.4702803, 20.2838673], [110.4742477, 20.2873599], [110.4778431, 20.2911902], [110.4810341, 20.2953237], [110.4837917, 20.2997228], [110.4860909, 20.3043477], [110.4876106, 20.3084512], [110.4908975, 20.314651], [110.4924278, 20.3187829], [110.4977461, 20.3225064], [110.5017135, 20.325998], [110.5053089, 20.3298274], [110.5072167, 20.3322981], [110.5082201, 20.3290804], [110.5102368, 20.3243417], [110.5127247, 20.319804], [110.5161159, 20.314917], [110.5195325, 20.3109458], [110.5233361, 20.3072971], [110.5274923, 20.304004], [110.5381188, 20.2974938], [110.5429002, 20.2950585], [110.5479068, 20.2930604], [110.5530932, 20.2915177], [110.5584124, 20.2904444], [110.5638164, 20.2898502], [110.5692561, 20.2897405], [110.5746823, 20.2901163], [110.5800458, 20.2909742], [110.5852981, 20.2923064], [110.5903916, 20.2941008], [110.5959592, 20.2966964], [110.6039928, 20.3013534], [110.6082961, 20.304476], [110.6112839, 20.3071059], [110.617039, 20.310369], [110.6213423, 20.3134914], [110.6253097, 20.3169833], [110.6289051, 20.3208129], [110.6348427, 20.328165], [110.6376003, 20.3325632], [110.6398995, 20.3371872], [110.6419395, 20.3426943], [110.6431921, 20.3476588], [110.6446224, 20.3572186], [110.6448502, 20.3623152], [110.6444768, 20.3681335], [110.6435987, 20.3731674], [110.6422141, 20.3781], [110.6418394, 20.3818239], [110.6465734, 20.3842328], [110.6510416, 20.3870526], [110.655771, 20.3907453], [110.6595372, 20.3943549], [110.6629202, 20.3982837], [110.6679494, 20.4050702], [110.6704781, 20.4095278], [110.6725432, 20.4141903], [110.6741261, 20.4190155], [110.6752124, 20.4239597], [110.6758334, 20.4296985], [110.6758284, 20.434746], [110.6753113, 20.4397702], [110.674287, 20.4447253], [110.6725072, 20.4502464], [110.6704328, 20.454904], [110.6678953, 20.4593557], [110.6649175, 20.4635611], [110.6610103, 20.4680169], [110.657185, 20.4715697], [110.6530165, 20.4747657], [110.6485427, 20.477576], [110.638988, 20.4825343], [110.6339992, 20.4844371], [110.6288399, 20.485887], [110.6190936, 20.4878358], [110.6129657, 20.4883785], [110.6026912, 20.4882947], [110.5973413, 20.4877081], [110.587306, 20.4856376], [110.5849165, 20.4946964], [110.5847386, 20.4974656], [110.5838605, 20.5024952], [110.5824759, 20.5074237], [110.5805974, 20.5122064], [110.5778679, 20.5174384], [110.5749939, 20.5217652], [110.5716937, 20.5258165], [110.567923, 20.5296169], [110.567381, 20.5327203], [110.5659964, 20.5376478], [110.564118, 20.5424296], [110.5613884, 20.5476606], [110.5598449, 20.5499839], [110.5584433, 20.5550079], [110.5565649, 20.5597892], [110.5538183, 20.5662181], [110.5510887, 20.5714483], [110.5482147, 20.5757736], [110.5449145, 20.5798235], [110.5412772, 20.5835014], [110.5410448, 20.587428], [110.5416255, 20.5913685], [110.5418534, 20.5964573], [110.5414941, 20.6020465], [110.5418534, 20.6080265], [110.5414915, 20.6136559], [110.5423122, 20.6190055], [110.5425401, 20.6240933], [110.5421666, 20.6299018], [110.5412885, 20.634927], [110.5399039, 20.6398512], [110.5380254, 20.6446297], [110.5352958, 20.6498572], [110.5320648, 20.6546182], [110.5309775, 20.6584846], [110.529099, 20.6632626], [110.5256582, 20.6695593], [110.5247977, 20.6726189], [110.5229192, 20.6773964], [110.5201896, 20.6826228], [110.5187321, 20.6848148], [110.5153831, 20.691616], [110.511387, 20.6973138], [110.509873, 20.7011639], [110.5071434, 20.7063894], [110.5042694, 20.7107109], [110.4961627, 20.7205373], [110.4924663, 20.7242716], [110.4877997, 20.7281143], [110.4833711, 20.7310706], [110.4786621, 20.7336197], [110.4720053, 20.736282], [110.4665137, 20.7409577], [110.4620851, 20.7439138], [110.4564424, 20.7468626], [110.4578548, 20.7545464], [110.4580827, 20.7596298], [110.4577092, 20.765433], [110.4568311, 20.7704537], [110.4554465, 20.7753735], [110.4515081, 20.7852835], [110.4487785, 20.7905062], [110.4468661, 20.7933801], [110.4467229, 20.7956059], [110.4454772, 20.8019315], [110.4457231, 20.8071351], [110.4453496, 20.8129365], [110.4444715, 20.8179557], [110.4430869, 20.8228739], [110.4412084, 20.8276467], [110.4384788, 20.8328679], [110.4365772, 20.8357248], [110.4329857, 20.8431356], [110.4301117, 20.8474532], [110.4268115, 20.8514958], [110.4231151, 20.8552268], [110.4191459, 20.8584924], [110.4164248, 20.8613626], [110.4117053, 20.8675368], [110.4080089, 20.8712674], [110.4033423, 20.8751063], [110.3989137, 20.8780598], [110.3942047, 20.8806064], [110.3892579, 20.8827233], [110.3833708, 20.8845919], [110.3780676, 20.8857285], [110.3726728, 20.886389], [110.3664578, 20.8865534], [110.3628082, 20.8863016], [110.3597749, 20.8883244], [110.3550659, 20.8908709], [110.3518215, 20.8922592], [110.3481019, 20.8947394], [110.3433929, 20.8972858], [110.3384461, 20.8994024], [110.3325591, 20.9012708], [110.3272559, 20.9024073], [110.321861, 20.9030677], [110.3067196, 20.9032321], [110.3012934, 20.9028578], [110.2951716, 20.9018425], [110.2909481, 20.9007177], [110.2860571, 20.9017659], [110.279164, 20.9024659], [110.2710493, 20.9037092], [110.2635453, 20.9037846], [110.2587953, 20.905817], [110.2554743, 20.906871], [110.259512, 20.9071495], [110.2648755, 20.9080039], [110.2701278, 20.9093306], [110.2772464, 20.9120581], [110.285234, 20.9138206], [110.2903275, 20.9156077], [110.2951238, 20.9178347], [110.3030868, 20.9195931], [110.3081803, 20.9213802], [110.311591, 20.9229637], [110.3195663, 20.9247241], [110.3246598, 20.9265111], [110.3302274, 20.929096], [110.3354722, 20.9322754], [110.3411393, 20.9342071], [110.3563224, 20.9416875], [110.3678723, 20.9432785], [110.3716201, 20.944225], [110.3757647, 20.9433923], [110.3811687, 20.9428007], [110.3866084, 20.9426914], [110.3920346, 20.9430656], [110.3973981, 20.9439198], [110.4026504, 20.9452463], [110.407372, 20.9469026], [110.4112643, 20.9453558], [110.4170245, 20.9437045], [110.4159431, 20.9365492], [110.4158631, 20.9314679], [110.4163006, 20.9264024], [110.4174291, 20.9206913], [110.4189562, 20.9158132], [110.4209729, 20.9110927], [110.4234608, 20.9065725], [110.426852, 20.9017043], [110.4302686, 20.8977484], [110.4340722, 20.8941137], [110.4382284, 20.8908332], [110.4433617, 20.8875557], [110.4493607, 20.8846457], [110.4512747, 20.8831349], [110.466394, 20.8735455], [110.4705007, 20.8703036], [110.4756341, 20.8670257], [110.4804155, 20.8645994], [110.485422, 20.8626087], [110.4906084, 20.8610718], [110.498304, 20.8597422], [110.5016963, 20.8548704], [110.5051129, 20.8509133], [110.509563, 20.8467671], [110.5140393, 20.8412878], [110.5178429, 20.8376518], [110.5219992, 20.83437], [110.5271325, 20.8310913], [110.5319139, 20.8286644], [110.5369204, 20.8266733], [110.5421068, 20.825136], [110.5453364, 20.8244867], [110.5530932, 20.8219271], [110.5584124, 20.8208575], [110.5638164, 20.8202654], [110.5696474, 20.820183], [110.5755786, 20.8189321], [110.5809825, 20.8183399], [110.5889738, 20.8184067], [110.5927447, 20.8176484], [110.5981487, 20.8170563], [110.6035884, 20.816947], [110.6090145, 20.8173215], [110.6143781, 20.8181764], [110.6196304, 20.819504], [110.6247239, 20.8212922], [110.6302915, 20.8238789], [110.6348918, 20.8265945], [110.6391951, 20.8297064], [110.6448381, 20.8349652], [110.6501814, 20.8386909], [110.6541488, 20.8421707], [110.6577442, 20.8459872], [110.6609352, 20.8501057], [110.6636928, 20.8544888], [110.6659921, 20.859097], [110.6680321, 20.8645852], [110.6690048, 20.8684273], [110.6702713, 20.8710749], [110.6719215, 20.8732044], [110.6752408, 20.8787123], [110.6776569, 20.8812764], [110.6808479, 20.8853939], [110.6836055, 20.8897761], [110.6866972, 20.8965146], [110.6897853, 20.9013228], [110.6920846, 20.9059295], [110.6941246, 20.9114161], [110.6953772, 20.9163621], [110.6961208, 20.9213967], [110.6963487, 20.9264744], [110.6959752, 20.9322712], [110.6950971, 20.9372864], [110.6937125, 20.9422007], [110.691834, 20.9469697], [110.6891044, 20.9521867], [110.6862304, 20.9565012], [110.6829303, 20.9605408], [110.6778519, 20.9654053], [110.6723674, 20.9713221], [110.6677008, 20.9751585], [110.6632722, 20.9781099], [110.6585632, 20.9806549], [110.6536164, 20.9827703], [110.6477294, 20.9846377], [110.6404868, 20.9864379], [110.633844, 20.9902714], [110.6286651, 20.9924603], [110.6234468, 20.9960605], [110.6187378, 20.9986052], [110.613791, 21.0007204], [110.6079039, 21.0025875], [110.6026007, 21.0037233], [110.5989082, 21.004175], [110.6007607, 21.0078841], [110.6028007, 21.0133669], [110.6040533, 21.0183095], [110.6047969, 21.0233407], [110.6049075, 21.0302348], [110.6067999, 21.0368962], [110.6075435, 21.0419268], [110.6076301, 21.0491922], [110.6114967, 21.0540213], [110.6142543, 21.0583985], [110.6165536, 21.0630003], [110.6180224, 21.0669467], [110.6204231, 21.0700406], [110.6231807, 21.0744173], [110.62548, 21.0790186], [110.62752, 21.0844989], [110.6284927, 21.0883353], [110.6316398, 21.0960306], [110.6323752, 21.0989307], [110.6357797, 21.105285], [110.6378196, 21.1107642], [110.639208, 21.1166218], [110.6419595, 21.1219393], [110.6439995, 21.1274179], [110.6455486, 21.134362], [110.6488259, 21.140513], [110.6499665, 21.1435759], [110.6527755, 21.1460347], [110.6566705, 21.1502293], [110.6611678, 21.1534487], [110.6651351, 21.1569212], [110.6687305, 21.1607297], [110.6719215, 21.1648394], [110.6746791, 21.1692134], [110.6769784, 21.1738118], [110.6790184, 21.1792885], [110.680271, 21.1842256], [110.6810146, 21.1892512], [110.6812425, 21.1943197], [110.6810677, 21.1970272], [110.6839554, 21.2004263], [110.6884811, 21.2043005], [110.6920765, 21.2081077], [110.6952675, 21.2122161], [110.6991813, 21.2189004], [110.7014473, 21.2218177], [110.7042049, 21.2261899], [110.7072309, 21.232737], [110.709687, 21.2358988], [110.7124446, 21.2402706], [110.7147439, 21.2448668], [110.7168943, 21.250776], [110.720237, 21.257026], [110.722277, 21.2624996], [110.7235296, 21.2674339], [110.7240856, 21.2711894], [110.7275398, 21.2755747], [110.7302974, 21.2799453], [110.7329308, 21.2854366], [110.7343032, 21.2873767], [110.7374784, 21.2905771], [110.7408187, 21.2929851], [110.744786, 21.2964543], [110.7483814, 21.3002591], [110.7515724, 21.304365], [110.75433, 21.3087348], [110.7566293, 21.3133289], [110.7589737, 21.3199994], [110.7641743, 21.3252069], [110.7661778, 21.3277845], [110.7705856, 21.33142], [110.7763408, 21.334661], [110.7826547, 21.33952], [110.7847781, 21.3407691], [110.7908921, 21.3428081], [110.7958178, 21.3450885], [110.801104, 21.3417007], [110.8058854, 21.3392822], [110.810892, 21.3372979], [110.8160784, 21.3357659], [110.8213977, 21.3347], [110.8268016, 21.3341099], [110.8322413, 21.334001], [110.8376675, 21.3343742], [110.8444059, 21.3354556], [110.8522967, 21.3340604], [110.8577007, 21.3334703], [110.8631404, 21.3333614], [110.8685665, 21.3337346], [110.8739301, 21.3345865], [110.8791824, 21.3359095], [110.8847572, 21.3379144], [110.8885462, 21.3378385], [110.8939724, 21.3382117], [110.899336, 21.3390636], [110.9045883, 21.3403865], [110.9096818, 21.3421685], [110.9159384, 21.3451515], [110.9231277, 21.346782], [110.9282212, 21.3485639], [110.9337888, 21.3511415], [110.9383891, 21.3538475], [110.9426924, 21.3569483], [110.9466598, 21.3604161], [110.9495504, 21.3634737], [110.9551509, 21.3634193], [110.960577, 21.3637924], [110.9659406, 21.3646442], [110.9711929, 21.3659669], [110.9769258, 21.3680446], [110.9849258, 21.3698036], [110.9900193, 21.3715852], [110.9955869, 21.3741624], [111.001328, 21.3776898], [111.0062784, 21.379474], [111.0107022, 21.3797782], [111.0160657, 21.3806298], [111.021318, 21.3819524], [111.0264115, 21.3837339], [111.0319791, 21.3863108], [111.0365794, 21.3890161], [111.0408827, 21.3921163], [111.0448501, 21.3955832], [111.0480309, 21.3989469], [111.0547389, 21.4036924], [111.0579972, 21.4048318], [111.0635648, 21.4074084], [111.0684476, 21.4103168], [111.0719889, 21.411662], [111.0785504, 21.4125958], [111.0831039, 21.4137422], [111.0904735, 21.4127587], [111.0959132, 21.4126499], [111.1011924, 21.4130127], [111.1089594, 21.4126499], [111.1143856, 21.4130228], [111.1197492, 21.4138743], [111.1294255, 21.4165233], [111.1255034, 21.4094264], [111.1233391, 21.4047788], [111.1216591, 21.3999606], [111.1203515, 21.3943011], [111.1197547, 21.3892656], [111.1196747, 21.3841998], [111.1201123, 21.3791498], [111.1212407, 21.3734561], [111.1227679, 21.368593], [111.1247845, 21.3638869], [111.1265697, 21.3606532], [111.1289044, 21.3549341], [111.1313923, 21.3504274], [111.1347835, 21.3455737], [111.1382001, 21.3416297], [111.1420037, 21.3380058], [111.1461599, 21.3347351], [111.1512932, 21.3314674], [111.1560746, 21.3290487], [111.1610812, 21.3270643], [111.1662676, 21.3255322], [111.1715869, 21.3244662], [111.1769908, 21.3238761], [111.1824305, 21.3237671], [111.1899686, 21.3244758], [111.1934168, 21.3244068], [111.198843, 21.32478], [111.2042066, 21.325632], [111.2094589, 21.326955], [111.2145524, 21.3287372], [111.22012, 21.3313151], [111.2247203, 21.3340214], [111.2290236, 21.3371227], [111.2329909, 21.3405909], [111.2365864, 21.3443946], [111.2397773, 21.3484993], [111.2416374, 21.3514459], [111.244633, 21.3532079], [111.2489363, 21.3563088], [111.2533205, 21.3602176], [111.2571989, 21.3620129], [111.2617992, 21.3647187], [111.2669666, 21.3685746], [111.274374, 21.3689081], [111.2797376, 21.3697598], [111.2849899, 21.3710825], [111.2911486, 21.3733572], [111.2969037, 21.3742358], [111.302156, 21.3755584], [111.3072495, 21.37734], [111.3128171, 21.379917], [111.3263438, 21.3883768], [111.3306471, 21.3914769], [111.3366407, 21.3970866], [111.3388215, 21.3981708], [111.3464755, 21.3948487], [111.3516619, 21.3933173], [111.3569812, 21.3922518], [111.3623851, 21.391662], [111.3678248, 21.3915531], [111.3714188, 21.3918002], [111.3781245, 21.3915531], [111.3835507, 21.3919261], [111.3889142, 21.3927777], [111.3941665, 21.3941002], [111.4026932, 21.3971602], [111.4082609, 21.3997369], [111.4128612, 21.4024419], [111.4171645, 21.4055418], [111.4211318, 21.4090084], [111.4247272, 21.4128103], [111.4279182, 21.416913], [111.4306758, 21.4212794], [111.4329751, 21.42587], [111.4350151, 21.4313373], [111.436539, 21.4380969], [111.4410325, 21.4358255], [111.4460391, 21.4338425], [111.4512255, 21.4323115], [111.4565448, 21.4312463], [111.4619487, 21.4306566], [111.4673884, 21.4305478], [111.4728146, 21.4309207], [111.4781781, 21.4317721], [111.4834304, 21.4330942], [111.4885239, 21.434875], [111.4920486, 21.4365059], [111.4988236, 21.4387099], [111.5043912, 21.4412859], [111.5089915, 21.4439902], [111.5132949, 21.4470891], [111.5172622, 21.4505547], [111.5208576, 21.4543556], [111.5240486, 21.4584571], [111.5257394, 21.4611336], [111.5275376, 21.4619655], [111.5326197, 21.4618638], [111.5380459, 21.4622367], [111.5416689, 21.4628116], [111.5485553, 21.4612842], [111.5539592, 21.4606946], [111.5593989, 21.4605857], [111.5648251, 21.4609586], [111.5701886, 21.4618098], [111.5754409, 21.4631316], [111.5805344, 21.4649121], [111.5861021, 21.4674876], [111.5907024, 21.4701914], [111.5956349, 21.4738394], [111.6003594, 21.4708348], [111.6051408, 21.4684184], [111.6101474, 21.4664359], [111.6153338, 21.4649052], [111.620653, 21.4638403], [111.626057, 21.4632507], [111.6314967, 21.4631419], [111.6369229, 21.4635147], [111.6422864, 21.4643659], [111.6475387, 21.4656877], [111.6526322, 21.4674682], [111.6591429, 21.4705979], [111.6653915, 21.4720778], [111.670485, 21.4738581], [111.6760526, 21.4764335], [111.6822487, 21.480286], [111.6880419, 21.4831771], [111.6924576, 21.4847204], [111.6980253, 21.4872956], [111.7026256, 21.489999], [111.7069289, 21.493097], [111.7108962, 21.4965615], [111.7144917, 21.5003611], [111.7176826, 21.5044614], [111.7204402, 21.5088252], [111.7227395, 21.513413], [111.7247795, 21.518877], [111.7260321, 21.5238027], [111.7267757, 21.5288167], [111.7270036, 21.5338735], [111.7262723, 21.5416814], [111.7296059, 21.5479046], [111.7310748, 21.5518379], [111.7316692, 21.5526015], [111.7350814, 21.5550568], [111.740604, 21.5598003], [111.7474152, 21.5596418], [111.7489886, 21.5545523], [111.7510052, 21.5498521], [111.7527904, 21.5466226], [111.7551251, 21.5409108], [111.757613, 21.5364098], [111.7610042, 21.5315623], [111.7644208, 21.5276233], [111.7682244, 21.5240041], [111.7723806, 21.5207376], [111.7775139, 21.517474], [111.7822953, 21.5150584], [111.7873019, 21.5130765], [111.7924883, 21.5115463], [111.7978076, 21.5104817], [111.8032115, 21.5098923], [111.8086512, 21.5097835], [111.8140774, 21.5101562], [111.8199576, 21.5111371], [111.8237574, 21.5110611], [111.8291836, 21.5114339], [111.8376067, 21.5130545], [111.8458728, 21.5111205], [111.8512767, 21.5105311], [111.8567164, 21.5104223], [111.8621426, 21.5107951], [111.8675061, 21.511646], [111.8727584, 21.5129674], [111.8778519, 21.5147472], [111.8834196, 21.5173219], [111.8873755, 21.5196461], [111.8912979, 21.5206329], [111.8963914, 21.5224126], [111.901959, 21.5249872], [111.9065593, 21.5276899], [111.9108626, 21.5307871], [111.9148299, 21.5342507], [111.922371, 21.5422493], [111.927695, 21.5463454], [111.9342313, 21.5492579], [111.9410979, 21.553591], [111.942711, 21.5540555], [111.9505902, 21.555079], [111.9558425, 21.5564], [111.9598354, 21.5577948], [111.9652064, 21.5576874], [111.9706326, 21.55806], [111.9759961, 21.5589107], [111.9812484, 21.5602316], [111.9863419, 21.5620109], [111.9919095, 21.5645847], [111.9965642, 21.5673258], [112.0049649, 21.5676389], [112.0103284, 21.5684895], [112.0155807, 21.5698103], [112.0226993, 21.5725256], [112.0306869, 21.5742802], [112.0357804, 21.5760593], [112.041348, 21.5786329], [112.0459483, 21.5813346], [112.0502516, 21.5844306], [112.054219, 21.5878929], [112.0578144, 21.5916902], [112.0610054, 21.5957879], [112.063763, 21.6001489], [112.0658184, 21.6042477], [112.0691314, 21.6090803], [112.0727246, 21.6048909], [112.0765282, 21.6012737], [112.0791554, 21.59921], [112.0808214, 21.5963812], [112.0833417, 21.5900814], [112.0858295, 21.585582], [112.0892207, 21.5807361], [112.0926373, 21.5767984], [112.1019341, 21.568072], [112.1060903, 21.5648064], [112.1112237, 21.5615438], [112.114946, 21.5596638], [112.1155034, 21.5568548], [112.1170306, 21.5519977], [112.1185975, 21.5483457], [112.1204638, 21.5417791], [112.1224804, 21.5370786], [112.1249683, 21.5325776], [112.1311061, 21.5232586], [112.1345227, 21.5193194], [112.1383263, 21.5157], [112.1424826, 21.5124332], [112.1476159, 21.5091695], [112.1523973, 21.5067537], [112.1574038, 21.5047717], [112.1701433, 21.500686], [112.1754626, 21.4996213], [112.1808666, 21.4990319], [112.194546, 21.4989231], [112.1999722, 21.4992959], [112.2053357, 21.5001468], [112.210588, 21.5014683], [112.222548, 21.5058037], [112.2281156, 21.5083785], [112.2327159, 21.5110815], [112.2370192, 21.5141791], [112.2409866, 21.5176431], [112.244582, 21.5214422], [112.2477729, 21.5255419], [112.2505306, 21.529905], [112.2528298, 21.5344922], [112.2548698, 21.5399554], [112.2561224, 21.5448803], [112.256866, 21.5498936], [112.2570939, 21.5549497], [112.2567204, 21.5607218], [112.2558423, 21.5657156], [112.2544577, 21.570609], [112.2525793, 21.5753577], [112.2498497, 21.5805525], [112.2469757, 21.5848486], [112.2436755, 21.588871], [112.2399791, 21.5925834], [112.2353125, 21.5964037], [112.2308839, 21.5993427], [112.2261749, 21.6018769], [112.2212281, 21.6039834], [112.2130969, 21.6063216], [112.2107276, 21.6076049], [112.2042943, 21.6125331], [112.2036572, 21.6161545], [112.2022727, 21.6210462], [112.2003942, 21.6257932], [112.1976646, 21.6309862], [112.1947906, 21.6352808], [112.1866839, 21.6456842], [112.1794956, 21.6525579], [112.1782514, 21.6595562], [112.1768668, 21.6644464], [112.1749883, 21.669192], [112.1722587, 21.6743834], [112.1693847, 21.6786767], [112.1660846, 21.6826965], [112.1623882, 21.6864065], [112.1542883, 21.6927764], [112.1498597, 21.6957134], [112.1451507, 21.6982459], [112.1402039, 21.7003511], [112.1343169, 21.7022093], [112.1290137, 21.7033396], [112.1236188, 21.7039965], [112.1174038, 21.7041599], [112.1119776, 21.7037877], [112.1058558, 21.7027779], [112.1006233, 21.701392], [112.0955563, 21.6995502], [112.0907007, 21.6972693], [112.0854665, 21.6941513], [112.0828504, 21.6922172], [112.0786, 21.6896851], [112.0743424, 21.6865372], [112.0704261, 21.6830275], [112.0668865, 21.6791876], [112.0633436, 21.6744395], [112.0613345, 21.6710565], [112.0574615, 21.6767625], [112.0541613, 21.6807823], [112.0504649, 21.6844924], [112.0469916, 21.687334], [112.0429118, 21.6915108], [112.0382453, 21.6953284], [112.0338167, 21.6982654], [112.0291076, 21.7007979], [112.0219193, 21.7036105], [112.018978, 21.7055085], [112.0196319, 21.7059785], [112.0272537, 21.7076735], [112.0323472, 21.709451], [112.0379148, 21.7120222], [112.0425151, 21.7147214], [112.0451648, 21.716626], [112.0487805, 21.7171988], [112.0540328, 21.7185183], [112.0591263, 21.7202956], [112.064694, 21.7228666], [112.0680586, 21.7248407], [112.0707046, 21.7257639], [112.0783063, 21.7267671], [112.0835586, 21.7280865], [112.0886521, 21.7298637], [112.0942197, 21.7324345], [112.0989841, 21.7352513], [112.1068058, 21.7375418], [112.1112653, 21.7382482], [112.1165176, 21.7395675], [112.1338875, 21.746084], [112.1342877, 21.7386853], [112.1354161, 21.7330057], [112.1369433, 21.7281546], [112.1389599, 21.7234601], [112.1414478, 21.7189649], [112.144839, 21.7141235], [112.1530621, 21.7050858], [112.1568658, 21.701471], [112.161022, 21.6982085], [112.1661553, 21.6949489], [112.1709367, 21.6925363], [112.1761812, 21.6904867], [112.1817721, 21.6872716], [112.1851836, 21.6845107], [112.1905114, 21.6791401], [112.1946676, 21.675877], [112.1977329, 21.6739304], [112.2021844, 21.6695686], [112.2063406, 21.6663053], [112.2114739, 21.6630451], [112.216984, 21.6603437], [112.2217736, 21.6573016], [112.226555, 21.6548883], [112.2315616, 21.6529083], [112.2360017, 21.6515996], [112.2396012, 21.6497828], [112.2446078, 21.6478027], [112.2497942, 21.6462739], [112.2551135, 21.6452103], [112.2605174, 21.6446215], [112.2659571, 21.6445128], [112.2713833, 21.6448852], [112.2767468, 21.6457353], [112.2819991, 21.6470555], [112.2881579, 21.6493258], [112.2943922, 21.6503233], [112.2982808, 21.6505901], [112.3057826, 21.6502567], [112.3112088, 21.6506291], [112.3165723, 21.6514792], [112.3200286, 21.6523479], [112.3282453, 21.6533938], [112.3346257, 21.6551077], [112.3402832, 21.6560383], [112.347601, 21.6563728], [112.3605176, 21.6584992], [112.3657699, 21.6598193], [112.3708634, 21.6615973], [112.3749604, 21.66349], [112.3753003, 21.6595747], [112.3764287, 21.653892], [112.3779559, 21.6490382], [112.3799725, 21.6443412], [112.3817577, 21.6411138], [112.3840924, 21.6354057], [112.3865803, 21.6309077], [112.3899715, 21.6260633], [112.3933881, 21.6221268], [112.3971917, 21.61851], [112.4013479, 21.6152456], [112.4064812, 21.6119842], [112.4136773, 21.6086149], [112.420189, 21.6051014], [112.4251956, 21.6031207], [112.430382, 21.6015915], [112.4357013, 21.6005275], [112.4411052, 21.5999385], [112.4465451, 21.5998298], [112.456898, 21.5986616], [112.4621494, 21.5985567], [112.4625043, 21.5944673], [112.4636327, 21.5887821], [112.4651598, 21.5839261], [112.4671765, 21.579227], [112.4696644, 21.5747272], [112.4725087, 21.5706625], [112.4751575, 21.5657874], [112.4785488, 21.5609409], [112.4819653, 21.5570026], [112.485769, 21.5533842], [112.4899252, 21.5501183], [112.4950585, 21.5468554], [112.4998399, 21.5444402], [112.5048465, 21.5424588], [112.5100329, 21.5409289], [112.5153521, 21.5398645], [112.5207561, 21.5392752], [112.5261958, 21.5391664], [112.5302809, 21.539447], [112.5345782, 21.5385871], [112.5399822, 21.5379978], [112.5454219, 21.537889], [112.550848, 21.5382617], [112.5567282, 21.5392424], [112.5605281, 21.5391664], [112.5671129, 21.5397229], [112.5750011, 21.5386365], [112.5804408, 21.5385277], [112.585867, 21.5389004], [112.5912305, 21.5397512], [112.5965341, 21.5410902], [112.6023464, 21.5414552], [112.6060517, 21.5420429], [112.6127666, 21.5411913], [112.6182063, 21.5410825], [112.6236325, 21.5414552], [112.6278792, 21.5421288], [112.6360591, 21.5417212], [112.6414852, 21.5420939], [112.6468488, 21.5429446], [112.6521011, 21.5442657], [112.6571946, 21.5460452], [112.6598881, 21.5472905], [112.6647016, 21.5480539], [112.6699539, 21.549375], [112.6750474, 21.5511544], [112.6788166, 21.552897], [112.6857467, 21.5544841], [112.6918382, 21.5567248], [112.6951032, 21.5573878], [112.6986654, 21.5545887], [112.7037987, 21.5513259], [112.7079968, 21.5492055], [112.7117117, 21.5462863], [112.7179844, 21.5424478], [112.7240713, 21.5373448], [112.7292046, 21.5340816], [112.7340743, 21.5316313], [112.7408776, 21.5270555], [112.745659, 21.5246401], [112.7506656, 21.5226583], [112.755852, 21.5211282], [112.7641521, 21.5197386], [112.7716448, 21.5172955], [112.7769641, 21.516231], [112.782368, 21.5156416], [112.7878077, 21.5155328], [112.7954996, 21.516265], [112.8001673, 21.5161716], [112.8055935, 21.5165443], [112.810957, 21.5173952], [112.8162094, 21.5187165], [112.8223009, 21.5209578], [112.8292556, 21.5225492], [112.8343491, 21.5243289], [112.8399167, 21.5269034], [112.8445171, 21.5296061], [112.8488204, 21.5327033], [112.8527877, 21.5361668], [112.8563831, 21.5399654], [112.8600981, 21.5448936], [112.8647655, 21.5443847], [112.8702052, 21.5442759], [112.8756314, 21.5446486], [112.8912946, 21.5467766], [112.8965469, 21.5480977], [112.9016404, 21.5498771], [112.9071279, 21.5524141], [112.9102798, 21.5532068], [112.9153733, 21.5549862], [112.9209409, 21.5575601], [112.9255412, 21.5602622], [112.9283854, 21.5623088], [112.9319272, 21.5639461], [112.9365276, 21.5666481], [112.9408309, 21.5697445], [112.9447982, 21.5732072], [112.9483936, 21.5770048], [112.9515846, 21.5811029], [112.9543422, 21.5854644], [112.9566415, 21.5900498], [112.9586815, 21.5955109], [112.959934, 21.600434], [112.9606777, 21.6054453], [112.9609055, 21.6104994], [112.9605321, 21.6162693], [112.9596539, 21.6212613], [112.9582694, 21.6261528], [112.9536443, 21.6379207], [112.9509147, 21.6431133], [112.9480407, 21.6474074], [112.9447406, 21.6514281], [112.9410442, 21.655139], [112.9363776, 21.6589575], [112.931949, 21.6618952], [112.92724, 21.6644284], [112.9222932, 21.666534], [112.9164061, 21.6683927], [112.9111029, 21.6695233], [112.9057081, 21.6701802], [112.89951, 21.6703433], [112.8919752, 21.6714565], [112.8857601, 21.67162], [112.880334, 21.6712476], [112.8714059, 21.6696678], [112.87039, 21.6767855], [112.8690055, 21.6816752], [112.867127, 21.6864202], [112.8638804, 21.6923833], [112.871428, 21.6947776], [112.8769956, 21.697349], [112.8815959, 21.7000485], [112.8842427, 21.7019512], [112.8892808, 21.7037094], [112.8948484, 21.7062807], [112.8994487, 21.70898], [112.903752, 21.7120733], [112.9077193, 21.7155326], [112.9113148, 21.7193265], [112.915034, 21.7242552], [112.9188679, 21.7282568], [112.9220588, 21.7323506], [112.9248164, 21.7367075], [112.9271157, 21.7412881], [112.9291557, 21.7467435], [112.9304083, 21.7516614], [112.9311519, 21.7566675], [112.9313798, 21.7617163], [112.9306205, 21.7696715], [112.9303197, 21.7770452], [112.9287549, 21.7852196], [112.9273703, 21.7901055], [112.9254919, 21.794847], [112.9223456, 21.8006558], [112.9258503, 21.8014862], [112.9339962, 21.8018039], [112.9393598, 21.8026531], [112.9446121, 21.8039718], [112.9497056, 21.8057481], [112.9552732, 21.8083176], [112.9598735, 21.811015], [112.9641768, 21.8141061], [112.9696297, 21.8191294], [112.9722491, 21.8204858], [112.9793185, 21.8174681], [112.9867205, 21.8154986], [112.993538, 21.8117961], [112.9985446, 21.8098183], [113.003731, 21.8082913], [113.0090502, 21.8072288], [113.0144542, 21.8066407], [113.0301936, 21.8058946], [113.0356198, 21.8062666], [113.0409833, 21.8071157], [113.0544753, 21.8103469], [113.0595689, 21.8121231], [113.0651365, 21.8146924], [113.0697368, 21.8173897], [113.0740401, 21.8204807], [113.0771754, 21.8232124], [113.0807369, 21.8180672], [113.0841534, 21.8141359], [113.0927636, 21.8054239], [113.0969198, 21.8021637], [113.1020531, 21.7989065], [113.1068345, 21.7964956], [113.1118411, 21.7945176], [113.1170275, 21.7929904], [113.1223468, 21.7919278], [113.1293694, 21.7913073], [113.1326464, 21.7906527], [113.1380504, 21.7900644], [113.1434901, 21.7899558], [113.1489163, 21.7903278], [113.1542798, 21.7911771], [113.1595321, 21.7924959], [113.1646256, 21.7942724], [113.1701932, 21.796842], [113.175945, 21.7965577], [113.1782611, 21.7964374], [113.1836945, 21.7966336], [113.1890836, 21.7973065], [113.1951261, 21.7986512], [113.2002582, 21.8003196], [113.2051972, 21.8024315], [113.2098987, 21.8049679], [113.2120696, 21.8064312], [113.212407, 21.8065754], [113.2171085, 21.8091117], [113.2213682, 21.8119828], [113.2243182, 21.8135742], [113.2293466, 21.8169631], [113.2334004, 21.8203276], [113.2353469, 21.8222809], [113.2361722, 21.8229659], [113.2374939, 21.8226585], [113.2428698, 21.8219007], [113.2482989, 21.8216186], [113.2491893, 21.8216508], [113.2541995, 21.8209445], [113.2596286, 21.8206625], [113.265062, 21.8208587], [113.2704511, 21.8215315], [113.2764936, 21.8228759], [113.2816257, 21.8245441], [113.2865647, 21.8266556], [113.2912662, 21.8291916], [113.2962945, 21.8325802], [113.3003483, 21.8359443], [113.3040409, 21.8396494], [113.3043434, 21.8400174], [113.3048115, 21.8404059], [113.3085041, 21.8441108], [113.3118023, 21.8481235], [113.3150509, 21.8530397], [113.3158949, 21.8546671], [113.317702, 21.8556417], [113.3227304, 21.8590296], [113.3267842, 21.8623931], [113.3304767, 21.8660975], [113.3323543, 21.8683815], [113.3327808, 21.8685201], [113.3377198, 21.8706309], [113.3424213, 21.8731661], [113.3474496, 21.8765537], [113.3515034, 21.8799168], [113.355196, 21.8836207], [113.3584942, 21.8876322], [113.3617428, 21.8925471], [113.3641012, 21.8970932], [113.3659852, 21.9018259], [113.3671941, 21.9060591], [113.3680451, 21.9081966], [113.3694379, 21.9130731], [113.3704123, 21.9187664], [113.3707161, 21.923803], [113.3705047, 21.9288434], [113.3702471, 21.9306201], [113.3701614, 21.9326652], [113.3700561, 21.9333913], [113.3743228, 21.9347771], [113.3764921, 21.9357038], [113.3805027, 21.9370064], [113.3854416, 21.9391163], [113.3864205, 21.9396438], [113.3890857, 21.9405095], [113.3940247, 21.9426193], [113.3987262, 21.9451532], [113.3998078, 21.9458815], [113.4026078, 21.9470775], [113.4073093, 21.9496114], [113.4123376, 21.9529971], [113.4141759, 21.9545213], [113.4145191, 21.9547063], [113.4149103, 21.9549697], [113.4182859, 21.9557201], [113.423418, 21.9573867], [113.4246552, 21.9579151], [113.4289112, 21.9592972], [113.4338501, 21.9614067], [113.437455, 21.9633493], [113.437512, 21.963362], [113.4426441, 21.9650285], [113.447583, 21.967138], [113.4522846, 21.9696715], [113.4528734, 21.9700679], [113.4550037, 21.9707596], [113.4599427, 21.972869], [113.4646442, 21.9754024], [113.4696725, 21.9787875], [113.4737263, 21.9821482], [113.4774189, 21.9858494], [113.4807171, 21.9898581], [113.4839657, 21.9947694], [113.4863241, 21.9993123], [113.4882081, 22.0040416], [113.4892063, 22.0075344], [113.4896793, 22.0076879], [113.4917136, 22.0085565], [113.4963575, 22.0091355], [113.497161, 22.0093141], [113.4989245, 22.0092226], [113.504358, 22.0094185], [113.5097471, 22.0100904], [113.5157896, 22.0114331], [113.5209217, 22.013099], [113.5258606, 22.0152078], [113.5305621, 22.0177404], [113.5327331, 22.0192015], [113.5330704, 22.0193455], [113.5377719, 22.021878], [113.5428003, 22.025262], [113.5428038, 22.0252649], [113.5452731, 22.0251368], [113.5483967, 22.0252495], [113.5494571, 22.0251002], [113.5548861, 22.0248185], [113.5603196, 22.0250145], [113.5657087, 22.0256863], [113.5717512, 22.0270288], [113.5740084, 22.0277615], [113.5741482, 22.0252915], [113.5749459, 22.0203052], [113.576249, 22.0154111], [113.578342, 22.0099871], [113.5806833, 22.005437], [113.5834785, 22.0011126], [113.5867027, 21.9970528], [113.5908753, 21.9927837], [113.5949164, 21.9894103], [113.5992838, 21.9864065], [113.6003243, 21.9858237], [113.602717, 21.984178], [113.6073714, 21.981571], [113.6129883, 21.9791072], [113.6181141, 21.9774243], [113.6233887, 21.9761988], [113.6233961, 21.9761978], [113.624762, 21.9758805], [113.626838, 21.9755881], [113.6261862, 21.9743103], [113.6243715, 21.9695568], [113.6241487, 21.9687323], [113.6230963, 21.966669], [113.6212815, 21.9619152], [113.6199601, 21.9570234], [113.6191438, 21.9520373], [113.6189982, 21.9492923], [113.6184571, 21.9459869], [113.6181519, 21.9402304], [113.6184369, 21.9351935], [113.6192345, 21.930204], [113.6205376, 21.9253068], [113.6226307, 21.9198794], [113.6249719, 21.9153264], [113.6277672, 21.9109992], [113.6309913, 21.9069369], [113.6351639, 21.9026651], [113.6392051, 21.8992895], [113.6435724, 21.8962838], [113.6482268, 21.8936752], [113.6538437, 21.8912098], [113.6589695, 21.8895259], [113.6642441, 21.8882997], [113.66962, 21.8875422], [113.6750491, 21.8872603], [113.6751591, 21.8872643], [113.6786872, 21.8843169], [113.6830545, 21.8813109], [113.6877089, 21.878702], [113.6933258, 21.8762364], [113.6984516, 21.8745523], [113.7037262, 21.873326], [113.7091021, 21.8725684], [113.7103729, 21.8725024], [113.7136826, 21.8717329], [113.7190585, 21.8709754], [113.7244876, 21.8706934], [113.727323, 21.8707958], [113.7292941, 21.8706934], [113.7347276, 21.8708896], [113.7401166, 21.8715621], [113.7461591, 21.8729061], [113.7512912, 21.8745737], [113.7562302, 21.8766845], [113.7609317, 21.8792196], [113.7659601, 21.8826069], [113.768789, 21.8849538], [113.7714532, 21.8867485], [113.775507, 21.8901114], [113.7791996, 21.893815], [113.7824978, 21.8978263], [113.7826061, 21.8979901], [113.786066, 21.9014603], [113.7893642, 21.9054713], [113.7926129, 21.9103856], [113.7946827, 21.9143751], [113.7960461, 21.9164374], [113.7975484, 21.9193329], [113.7987927, 21.921215], [113.801151, 21.9257602], [113.8025204, 21.9291995], [113.8026295, 21.92929], [113.8057776, 21.9324467], [113.8058973, 21.9324733], [113.8110294, 21.9341402], [113.8159684, 21.9362501], [113.8185875, 21.9376618], [113.8219315, 21.9377825], [113.8273206, 21.9384547], [113.8333631, 21.939798], [113.8369848, 21.9409743], [113.8379685, 21.941193], [113.8389936, 21.9413208], [113.8408734, 21.9417387], [113.8459641, 21.9419224], [113.8513532, 21.9425946], [113.8573957, 21.9439379], [113.8625278, 21.9456047], [113.8674668, 21.9477144], [113.8721683, 21.9502483], [113.8771966, 21.953634], [113.8812504, 21.9569952], [113.884943, 21.9606972], [113.8882412, 21.9647065], [113.8914899, 21.9696187], [113.8938482, 21.9741624], [113.8957322, 21.9788925], [113.8964302, 21.9813353], [113.8975863, 21.9811725], [113.9030154, 21.9808908], [113.9084489, 21.9810868], [113.9119998, 21.9815296], [113.9173753, 21.9817236], [113.9227643, 21.9823956], [113.9288069, 21.9837385], [113.9315552, 21.9846308], [113.93327, 21.9850119], [113.9384021, 21.9866782], [113.9401713, 21.9874337], [113.9403163, 21.9874518], [113.9403779, 21.987454], [113.9457669, 21.988126], [113.9518095, 21.9894689], [113.9569416, 21.991135], [113.9607327, 21.992754], [113.9630373, 21.990396], [113.9670785, 21.9870225], [113.9714458, 21.9840187], [113.9761002, 21.9814116], [113.9817171, 21.9789478], [113.9868429, 21.9772649], [113.9921175, 21.9760395], [113.9947446, 21.9756696], [113.9952072, 21.9755621], [114.0005832, 21.9748051], [114.0060122, 21.9745233], [114.0114457, 21.9747194], [114.0168348, 21.9753914], [114.0224284, 21.9766346], [114.0226712, 21.9766649], [114.0287138, 21.9780079], [114.0338459, 21.9796742], [114.0387848, 21.9817835], [114.0396841, 21.982268], [114.0415314, 21.9830569], [114.0462329, 21.9855901], [114.04745, 21.9864094], [114.0482929, 21.9868635], [114.0533212, 21.9902484], [114.057375, 21.9936088], [114.0610676, 21.9973098], [114.0639775, 22.0008462], [114.0628466, 21.9966609], [114.0620303, 21.9916762], [114.0617251, 21.9859215], [114.0617534, 21.985421], [114.0614057, 21.985439], [114.0551986, 21.9851761], [114.0498198, 21.9844365], [114.0445407, 21.9832281], [114.0386902, 21.9812872], [114.0337824, 21.9791161], [114.0291184, 21.976524], [114.0247398, 21.9735341], [114.0201356, 21.9696645], [114.0164974, 21.9659168], [114.013258, 21.9618664], [114.0104466, 21.9575498], [114.0077896, 21.9523402], [114.0059749, 21.947586], [114.0046534, 21.9426936], [114.0038586, 21.9378381], [114.0032353, 21.9373142], [114.0004507, 21.9357662], [113.9960721, 21.9327754], [113.9914679, 21.9289048], [113.9878298, 21.925156], [113.9848251, 21.921398], [113.9794957, 21.9211721], [113.974117, 21.9204322], [113.9688379, 21.9192233], [113.9629873, 21.9172815], [113.9580796, 21.9151095], [113.9534155, 21.9125162], [113.9490369, 21.9095249], [113.9444327, 21.9056536], [113.9407945, 21.9019042], [113.9375552, 21.897852], [113.9347437, 21.8935334], [113.9320868, 21.8883215], [113.930272, 21.8835651], [113.9289506, 21.8786705], [113.928347, 21.8749819], [113.9260317, 21.8725952], [113.9227923, 21.8685422], [113.9218888, 21.8671541], [113.9188219, 21.8639926], [113.9155825, 21.8599393], [113.9151213, 21.8592307], [113.913877, 21.8581841], [113.9102388, 21.8544334], [113.9069995, 21.8503799], [113.904188, 21.8460598], [113.9015311, 21.8408462], [113.8997163, 21.8360882], [113.8983948, 21.831192], [113.8975785, 21.8262015], [113.8972733, 21.8204401], [113.8975583, 21.815399], [113.8983559, 21.8104053], [113.899659, 21.805504], [113.901752, 21.800072], [113.9040933, 21.7955152], [113.9068886, 21.7911844], [113.9101127, 21.7871187], [113.9142853, 21.7828433], [113.9183265, 21.7794648], [113.9187644, 21.7791632], [113.9210731, 21.7772331], [113.9213234, 21.7770607], [113.9225251, 21.7758293], [113.9265662, 21.7724507], [113.9309336, 21.7694424], [113.9355879, 21.7668314], [113.9378751, 21.7658267], [113.9417677, 21.7636429], [113.9473847, 21.7611754], [113.9525105, 21.7594899], [113.957785, 21.7582626], [113.963161, 21.7575045], [113.9685901, 21.7572223], [113.9740235, 21.7574186], [113.9794126, 21.7580917], [113.9854551, 21.7594367], [113.9905872, 21.7611056], [113.9955262, 21.7632181], [114.0002277, 21.7657552], [114.005256, 21.7691453], [114.0075251, 21.7710291], [114.0090354, 21.7720474], [114.009625, 21.772121], [114.0156675, 21.7734659], [114.0207996, 21.7751346], [114.0257386, 21.7772469], [114.0304401, 21.7797837], [114.0354684, 21.7831735], [114.0395222, 21.7865388], [114.0432148, 21.7902451], [114.046513, 21.7942593], [114.0497616, 21.7991773], [114.05212, 21.8037264], [114.054004, 21.8084622], [114.0553967, 21.8133421], [114.0555717, 21.8143654], [114.0569477, 21.8157462], [114.0602459, 21.8197596], [114.0634946, 21.8246768], [114.0658529, 21.8292251], [114.0668419, 21.8317109], [114.0682848, 21.8338946], [114.0686207, 21.8342317], [114.0718872, 21.8382061], [114.0764453, 21.8406645], [114.0812201, 21.843882], [114.0834168, 21.844821], [114.0881183, 21.8473566], [114.0931467, 21.8507448], [114.0932414, 21.8508234], [114.0978363, 21.8527875], [114.1025379, 21.855323], [114.1075662, 21.858711], [114.1094423, 21.8602676], [114.1099695, 21.8606228], [114.1140232, 21.8639863], [114.1149965, 21.8649626], [114.1157399, 21.8655794], [114.1194324, 21.8692837], [114.1227306, 21.8732956], [114.1259793, 21.878211], [114.1283376, 21.8827576], [114.1302216, 21.8874908], [114.1316144, 21.892368], [114.1325888, 21.8980621], [114.1328926, 21.9030994], [114.1326812, 21.9081405], [114.1323077, 21.9107176], [114.1325345, 21.9107459], [114.1385771, 21.9120895], [114.1437091, 21.9137566], [114.1486481, 21.9158668], [114.1528182, 21.9181147], [114.1543699, 21.9184597], [114.159502, 21.9201268], [114.164441, 21.9222369], [114.1691425, 21.9247712], [114.1705135, 21.9256945], [114.1706208, 21.9257403], [114.1753223, 21.9282746], [114.1803506, 21.9316608], [114.1844044, 21.9350226], [114.1868605, 21.9374853], [114.1895261, 21.9378178], [114.1955686, 21.9391611], [114.2007007, 21.9408279], [114.2056397, 21.9429377], [114.2057039, 21.9429724], [114.2075396, 21.9433805], [114.2106868, 21.943494], [114.2140658, 21.9433186], [114.2194993, 21.9435147], [114.220815, 21.9436788], [114.2216189, 21.9436371], [114.2270524, 21.9438331], [114.2324414, 21.9445053], [114.238484, 21.9458486], [114.2436161, 21.9475153], [114.248555, 21.9496251], [114.2532565, 21.9521589], [114.2582849, 21.9555445], [114.2623387, 21.9589057], [114.2660312, 21.9626076], [114.2693294, 21.9666169], [114.2725781, 21.971529], [114.2749364, 21.9760727], [114.2766066, 21.9802659], [114.2793394, 21.9808732], [114.2844715, 21.9825395], [114.2851877, 21.9828454], [114.2866864, 21.9830323], [114.292729, 21.9843752], [114.2978611, 21.9860415], [114.2995364, 21.9867569], [114.3012101, 21.9868173], [114.3065992, 21.9874893], [114.3126417, 21.9888322], [114.3177738, 21.9904984], [114.3227127, 21.9926074], [114.3274143, 21.9951405], [114.3298915, 21.9968079], [114.3319825, 21.9977008], [114.336684, 22.0002337], [114.3417123, 22.0036182], [114.3457661, 22.0069783], [114.3494587, 22.010679], [114.3527569, 22.0146869], [114.3555818, 22.018957], [114.3557225, 22.0190735], [114.359415, 22.0227738], [114.3627132, 22.0267814], [114.3659619, 22.0316915], [114.3683202, 22.0362332], [114.3697441, 22.0398065], [114.3700368, 22.0403702], [114.3719208, 22.0450982], [114.3733136, 22.04997], [114.3733266, 22.0500461], [114.3736374, 22.050826], [114.3750302, 22.0556976], [114.3760046, 22.0613852], [114.3763084, 22.0664167], [114.3762769, 22.0671675], [114.3763084, 22.0676894], [114.376097, 22.0727247], [114.3753723, 22.0777187], [114.3739241, 22.083318], [114.3721272, 22.0880735], [114.3698526, 22.09265], [114.3671208, 22.0970062], [114.3634704, 22.1016651], [114.3598463, 22.105421], [114.3558548, 22.1088421], [114.3515317, 22.1118977], [114.346235, 22.1149074], [114.3413354, 22.1170922], [114.3362347, 22.1188376], [114.3309785, 22.1201279], [114.3248417, 22.1210305], [114.3194126, 22.121312], [114.3132054, 22.1210493], [114.3092315, 22.1205034], [114.3131504, 22.123749], [114.316843, 22.1274466], [114.3176114, 22.1283795], [114.3189029, 22.1296728], [114.3193149, 22.130173], [114.3232669, 22.1314548], [114.3282059, 22.1335618], [114.3329074, 22.1360923], [114.3379358, 22.1394736], [114.3419896, 22.1428304], [114.3456821, 22.1465275], [114.3473004, 22.1484915], [114.3489803, 22.1505316], [114.349764, 22.1517151], [114.3522053, 22.1541591], [114.3555035, 22.158163], [114.3587521, 22.1630685], [114.3611104, 22.167606], [114.3629944, 22.1723296], [114.3643872, 22.177197], [114.3653616, 22.1828797], [114.3656654, 22.1879068], [114.365454, 22.1929379], [114.3647293, 22.1979276], [114.3634473, 22.2028803], [114.3679167, 22.203872], [114.3730487, 22.2055357], [114.3779877, 22.2076416], [114.3826892, 22.2101708], [114.3877176, 22.2135502], [114.3898874, 22.2153461], [114.3929615, 22.2163425], [114.3979004, 22.2184482], [114.4026019, 22.2209772], [114.4076303, 22.2243564], [114.4116841, 22.2277113], [114.4153766, 22.2314061], [114.4186748, 22.2354078], [114.4219235, 22.2403106], [114.4242818, 22.2448455], [114.4261658, 22.2495666], [114.4275586, 22.2544313], [114.428533, 22.2601108], [114.4288368, 22.2651352], [114.4286254, 22.2701635], [114.4279007, 22.2751505], [114.4264525, 22.280742], [114.4246556, 22.2854908], [114.422381, 22.2900608], [114.4221887, 22.2903669], [114.4223893, 22.2908693], [114.4225211, 22.2913296], [114.4226102, 22.291464], [114.4249685, 22.2959973], [114.4268525, 22.3007166], [114.4277782, 22.3039488], [114.4298199, 22.3070287], [114.4321782, 22.3115615], [114.4340622, 22.3162803], [114.435455, 22.3211427], [114.4364294, 22.3268195], [114.4365474, 22.3287705], [114.4373493, 22.3295723], [114.4406475, 22.3335711], [114.4438962, 22.3384705], [114.4462545, 22.3430022], [114.4481385, 22.34772], [114.4495312, 22.3525813], [114.4505056, 22.3582569], [114.4508095, 22.3632777], [114.4505981, 22.3683024], [114.4505686, 22.368505], [114.4508095, 22.3724849], [114.4507326, 22.3743118], [114.4511923, 22.3769889], [114.4513308, 22.379277], [114.4521122, 22.3800581], [114.4554104, 22.3840555], [114.458659, 22.388953], [114.4610174, 22.3934832], [114.4629014, 22.3981992], [114.4642941, 22.4030588], [114.4652685, 22.4087323], [114.4654325, 22.4114414], [114.4654871, 22.411404], [114.4701414, 22.4088049], [114.4710907, 22.4083898], [114.4713236, 22.40823], [114.4759779, 22.4056308], [114.4815949, 22.4031745], [114.4856284, 22.4019033], [114.4867207, 22.4014967], [114.4919952, 22.4002749], [114.4973712, 22.3995202], [114.5025264, 22.3993243], [114.5060407, 22.3993558], [114.5082934, 22.3992393], [114.5137269, 22.3994347], [114.5191159, 22.4001047], [114.5251585, 22.4014437], [114.5256751, 22.4016109], [114.5263257, 22.4016918], [114.5323683, 22.4030308], [114.5375003, 22.404692], [114.5424393, 22.4067949], [114.5471408, 22.4093205], [114.5521692, 22.4126951], [114.5558226, 22.4157145], [114.5570697, 22.4161182], [114.5620087, 22.4182209], [114.5646696, 22.4196502], [114.5657853, 22.4201252], [114.5704868, 22.4226505], [114.5749734, 22.4256613], [114.5778755, 22.4220181], [114.5820481, 22.4177619], [114.583459, 22.4165877], [114.5849643, 22.4126978], [114.5873056, 22.4081608], [114.5901008, 22.4038488], [114.593325, 22.3998006], [114.5974976, 22.3955438], [114.6015388, 22.3921799], [114.6028805, 22.3912598], [114.6045337, 22.386987], [114.606875, 22.3824491], [114.6096702, 22.3781363], [114.6128944, 22.3740874], [114.617067, 22.3698297], [114.6211082, 22.3664653], [114.6230636, 22.365124], [114.6248847, 22.3636078], [114.6292521, 22.3606121], [114.6339064, 22.358012], [114.6395233, 22.3555547], [114.6446491, 22.3538764], [114.6499237, 22.3526542], [114.6552997, 22.3518992], [114.6568376, 22.3518196], [114.6607928, 22.3512642], [114.6662219, 22.3509832], [114.6716554, 22.3511787], [114.6770444, 22.3518489], [114.6830869, 22.3531883], [114.688219, 22.3548502], [114.693158, 22.3569538], [114.6978595, 22.3594803], [114.7028879, 22.3628562], [114.7069416, 22.3662077], [114.7106342, 22.3698989], [114.7139324, 22.3738966], [114.7171811, 22.3787945], [114.7195394, 22.383325], [114.7214234, 22.3880413], [114.722444, 22.3916026], [114.7227967, 22.3924855], [114.7241895, 22.3973452], [114.7251638, 22.403019], [114.7254677, 22.4080382], [114.7252563, 22.4130613], [114.7245316, 22.4180432], [114.7230834, 22.4236289], [114.7212864, 22.4283729], [114.7190119, 22.4329382], [114.71628, 22.4372839], [114.7137224, 22.4405402], [114.7135833, 22.4438445], [114.7133521, 22.4454335], [114.7134514, 22.4470728], [114.71324, 22.4520945], [114.7125153, 22.457075], [114.7110671, 22.4626592], [114.7096368, 22.4664341], [114.7096748, 22.4670619], [114.7094634, 22.4720829], [114.7087387, 22.4770627], [114.7072905, 22.482646], [114.7054936, 22.487388], [114.703219, 22.4919513], [114.7004872, 22.4962952], [114.6968368, 22.5009408], [114.6932127, 22.5046859], [114.6908892, 22.5066717], [114.690657, 22.5069672], [114.6870329, 22.5107122], [114.6830414, 22.5141234], [114.6807908, 22.5157095], [114.6806243, 22.5196626], [114.6803991, 22.52121], [114.6821717, 22.5219641], [114.6868732, 22.5244875], [114.6919015, 22.5278594], [114.6959553, 22.5312069], [114.6969688, 22.5322188], [114.6981077, 22.5315834], [114.7037247, 22.5291292], [114.7088505, 22.5274529], [114.7141251, 22.5262323], [114.719501, 22.5254782], [114.7249301, 22.5251976], [114.7265503, 22.5252558], [114.7276767, 22.5251976], [114.7331101, 22.5253929], [114.7384992, 22.5260623], [114.7445417, 22.5274], [114.7496738, 22.5290598], [114.7546128, 22.5311608], [114.7593143, 22.5336841], [114.7609984, 22.5348133], [114.7631093, 22.535496], [114.7643525, 22.5355407], [114.7697416, 22.53621], [114.7757841, 22.5375477], [114.7809162, 22.5392073], [114.7828586, 22.5400336], [114.7818106, 22.5379872], [114.7808018, 22.5353555], [114.779064, 22.5319622], [114.7772493, 22.5272275], [114.7759278, 22.5223554], [114.7751115, 22.5173894], [114.7748063, 22.5116562], [114.7750912, 22.5066398], [114.7758888, 22.5016706], [114.777192, 22.4967933], [114.779285, 22.4913879], [114.7816263, 22.4868534], [114.7831242, 22.484544], [114.7847162, 22.4814606], [114.7875114, 22.4771509], [114.7907356, 22.4731049], [114.7949082, 22.4688502], [114.7989493, 22.4654882], [114.8033167, 22.4624946], [114.807971, 22.4598965], [114.813588, 22.457441], [114.8187138, 22.4557639], [114.8239883, 22.4545426], [114.8293643, 22.4537882], [114.8347934, 22.4535074], [114.8402268, 22.4537028], [114.8456159, 22.4543725], [114.8516584, 22.4557109], [114.8555369, 22.456966], [114.8598982, 22.457932], [114.8650302, 22.4595926], [114.8699692, 22.4616946], [114.8746707, 22.4642192], [114.8747355, 22.4642626], [114.8787906, 22.4664401], [114.883819, 22.4698133], [114.886088, 22.4716879], [114.8889688, 22.4736204], [114.8930226, 22.4769692], [114.8967151, 22.4806575], [114.9000133, 22.484652], [114.903262, 22.489546], [114.9056203, 22.4940729], [114.9074814, 22.4987282], [114.9105039, 22.4991037], [114.9165464, 22.5004417], [114.9216785, 22.5021018], [114.9266175, 22.5042032], [114.9286409, 22.5052894], [114.9327973, 22.5070578], [114.9374988, 22.5095815], [114.9425271, 22.5129537], [114.9430905, 22.513419], [114.9453952, 22.5146561], [114.9504236, 22.5180282], [114.9605929, 22.523426], [114.9641547, 22.5281983], [114.966795, 22.5326458], [114.966916, 22.5329056], [114.9671383, 22.53328], [114.9685511, 22.5363124], [114.9691982, 22.5374024], [114.9713689, 22.5420613], [114.9730503, 22.5468895], [114.9743533, 22.5525586], [114.9749408, 22.5576009], [114.9750065, 22.5626717], [114.9749814, 22.5629504], [114.9750065, 22.564891], [114.97455, 22.5699444], [114.9733944, 22.5756397], [114.9719095, 22.5802813], [114.9719501, 22.5804578], [114.9725375, 22.585499], [114.9726033, 22.5905688], [114.9721468, 22.5956213], [114.9709911, 22.6013155], [114.9702161, 22.6037377], [114.9720555, 22.6076838], [114.9723103, 22.6084151], [114.973933, 22.6111468], [114.9768576, 22.615063], [114.9768805, 22.6151015], [114.9774157, 22.6156815], [114.9777858, 22.616177], [114.9810645, 22.6191119], [114.9836815, 22.6219476], [114.9870786, 22.6244566], [114.9891373, 22.6262993], [114.9907119, 22.6272507], [114.9915328, 22.6275615], [114.9958597, 22.6296632], [114.9969892, 22.6298733], [115.002245, 22.6313422], [115.0073257, 22.6332655], [115.0121852, 22.6356259], [115.0165511, 22.6382637], [115.0169918, 22.6384777], [115.0215863, 22.6412536], [115.0247791, 22.6436114], [115.0266048, 22.6444981], [115.0311993, 22.6472739], [115.0354871, 22.6504402], [115.0394294, 22.6539681], [115.0429904, 22.6578258], [115.04639, 22.6623765], [115.0474536, 22.6635285], [115.0510153, 22.6682959], [115.0536556, 22.6727389], [115.053864, 22.6731857], [115.0547042, 22.6735037], [115.0595638, 22.6758633], [115.0641583, 22.6786385], [115.0684461, 22.681804], [115.0723883, 22.6853311], [115.0759494, 22.689188], [115.0795111, 22.6939545], [115.0821514, 22.6983966], [115.0843221, 22.7030501], [115.0858335, 22.7073852], [115.0861529, 22.7079225], [115.087279, 22.709142], [115.0889417, 22.7113668], [115.0893275, 22.7108467], [115.0933798, 22.7064268], [115.0973344, 22.702912], [115.1016333, 22.6997598], [115.1062375, 22.6969989], [115.1118198, 22.6943544], [115.1169348, 22.6925112], [115.1222167, 22.6911248], [115.1276174, 22.6902079], [115.1330881, 22.6897688], [115.1385794, 22.6898115], [115.1440413, 22.6903355], [115.1494245, 22.6913362], [115.1546803, 22.6928045], [115.1554452, 22.6930939], [115.1588202, 22.6918777], [115.1638235, 22.6905644], [115.1680899, 22.6890269], [115.1733717, 22.6876405], [115.1787725, 22.6867236], [115.1808115, 22.6865599], [115.183579, 22.6860901], [115.1890497, 22.685651], [115.194541, 22.6856936], [115.2000029, 22.6862177], [115.2030177, 22.6867781], [115.2037795, 22.6868512], [115.2091627, 22.6878519], [115.2144184, 22.6893202], [115.2194991, 22.6912427], [115.2243587, 22.6936021], [115.2289532, 22.6963769], [115.233241, 22.699542], [115.2371833, 22.7030687], [115.2407443, 22.706925], [115.244306, 22.7116909], [115.2469463, 22.7161325], [115.249117, 22.7207853], [115.2507984, 22.7256072], [115.2521014, 22.7312689], [115.2523903, 22.7337451], [115.2532139, 22.7339751], [115.2558742, 22.7349814], [115.2559645, 22.7349901], [115.2599246, 22.735726], [115.2608023, 22.7357328], [115.2662642, 22.7362567], [115.2716474, 22.737257], [115.2740852, 22.7379378], [115.2755651, 22.7379493], [115.2810271, 22.7384732], [115.2822616, 22.7387026], [115.281808, 22.7365129], [115.2812642, 22.730747], [115.2813477, 22.7256826], [115.2819529, 22.7206483], [115.2830741, 22.7156896], [115.2849742, 22.7101728], [115.2871612, 22.7055262], [115.2898171, 22.7010922], [115.2925259, 22.6974396], [115.293341, 22.6957076], [115.2959969, 22.6912733], [115.2990977, 22.6870919], [115.30315, 22.6826712], [115.3071046, 22.6791558], [115.308826, 22.6778934], [115.3096731, 22.6769693], [115.3136277, 22.6734537], [115.3179266, 22.6703009], [115.3191043, 22.6695945], [115.3213461, 22.6671487], [115.3253007, 22.6636329], [115.3295996, 22.6604798], [115.3299723, 22.6602563], [115.3304506, 22.6598311], [115.3347495, 22.6566779], [115.3393537, 22.6539161], [115.3449359, 22.6512708], [115.350051, 22.649427], [115.3553328, 22.6480402], [115.3607335, 22.647123], [115.3656502, 22.6467283], [115.3658149, 22.6459997], [115.367715, 22.6404801], [115.369902, 22.635831], [115.3725579, 22.6313948], [115.3756587, 22.6272115], [115.3797109, 22.6227889], [115.3836656, 22.619272], [115.3879645, 22.6161179], [115.3925687, 22.6133553], [115.398151, 22.6107092], [115.403266, 22.6088648], [115.4085478, 22.6074776], [115.408561, 22.6074754], [115.4091025, 22.6072801], [115.4143843, 22.6058929], [115.4159973, 22.6056189], [115.4165032, 22.6047737], [115.419604, 22.6005896], [115.4236562, 22.5961662], [115.4276109, 22.5926486], [115.4319098, 22.5894939], [115.436514, 22.5867307], [115.4420963, 22.5840841], [115.4472113, 22.5822394], [115.4509893, 22.581247], [115.4510227, 22.5812311], [115.4561377, 22.5793864], [115.4614195, 22.5779989], [115.4668203, 22.5770812], [115.472291, 22.5766418], [115.4777822, 22.5766845], [115.4832442, 22.5772089], [115.4886274, 22.5782105], [115.4938832, 22.5796799], [115.4989638, 22.581604], [115.5038234, 22.5839652], [115.5084179, 22.5867422], [115.5127057, 22.5899099], [115.5147263, 22.5917189], [115.5178556, 22.5940306], [115.5217978, 22.59756], [115.5253589, 22.6014192], [115.5277333, 22.6045989], [115.5294787, 22.6064904], [115.53251, 22.6105495], [115.5338748, 22.6099026], [115.5349066, 22.6091455], [115.5395109, 22.6063827], [115.5450931, 22.6037365], [115.5502082, 22.601892], [115.55549, 22.6005047], [115.5608907, 22.5995872], [115.5663615, 22.5991478], [115.5718527, 22.5991905], [115.5773146, 22.5997149], [115.5826978, 22.6007163], [115.5879536, 22.6021855], [115.5930343, 22.6041092], [115.5978939, 22.6064701], [115.6024884, 22.6092467], [115.6067762, 22.6124138], [115.6107184, 22.6159427], [115.6142795, 22.6198014], [115.6144548, 22.6200363], [115.6148383, 22.6203795], [115.6183993, 22.6242382], [115.6219611, 22.6290069], [115.6246014, 22.6334512], [115.626772, 22.6381068], [115.6284534, 22.6429316], [115.6295109, 22.6475292], [115.6310211, 22.6500709], [115.6343022, 22.6509877], [115.6393828, 22.6529108], [115.6442424, 22.6552708], [115.6488369, 22.6580464], [115.6531247, 22.6612124], [115.657067, 22.6647401], [115.660628, 22.6685975], [115.6641897, 22.6733647], [115.6668301, 22.6778075], [115.6690007, 22.6824616], [115.6694755, 22.6838235], [115.6706066, 22.6857268], [115.6727773, 22.6903806], [115.6744586, 22.6952036], [115.6747937, 22.69666], [115.6758319, 22.6996379], [115.677135, 22.7053007], [115.6777224, 22.7103373], [115.6777882, 22.7154025], [115.6773317, 22.7204504], [115.6761761, 22.7261395], [115.6746204, 22.730997], [115.6725712, 22.7356959], [115.670047, 22.7401938], [115.66661, 22.7450358], [115.6631501, 22.7489685], [115.6593006, 22.75258], [115.656064, 22.7550877], [115.6555767, 22.757486], [115.6551556, 22.7588007], [115.6550157, 22.7603464], [115.6538601, 22.7660338], [115.6531545, 22.7682364], [115.6528301, 22.7698327], [115.6512745, 22.7746886], [115.6492252, 22.779386], [115.646701, 22.7838824], [115.6432641, 22.7887229], [115.6398042, 22.7926544], [115.6359546, 22.7962647], [115.6317502, 22.7995212], [115.6265597, 22.8027722], [115.6254108, 22.8033436], [115.625491, 22.803392], [115.6288154, 22.8058441], [115.6291362, 22.8059997], [115.6337307, 22.8087722], [115.6344165, 22.8092781], [115.6387493, 22.8113798], [115.6415601, 22.8130759], [115.645906, 22.8147189], [115.6499408, 22.8166761], [115.6505926, 22.8159657], [115.6545472, 22.8124538], [115.6588461, 22.8093041], [115.6634504, 22.8065454], [115.6690326, 22.803903], [115.6741477, 22.8020613], [115.6794295, 22.800676], [115.6835713, 22.7999734], [115.6853358, 22.7975958], [115.6893881, 22.7931787], [115.6933427, 22.7896662], [115.6976416, 22.786516], [115.7022458, 22.7837568], [115.7041896, 22.7828366], [115.7068975, 22.7798846], [115.7108522, 22.7763717], [115.7151511, 22.7732212], [115.7176185, 22.7717424], [115.7185705, 22.7707045], [115.7201483, 22.7693029], [115.722347, 22.7669057], [115.7263017, 22.7633924], [115.7306006, 22.7602417], [115.7352048, 22.7574819], [115.7407871, 22.7548387], [115.7429406, 22.754063], [115.7434468, 22.751825], [115.7434602, 22.7510138], [115.7440653, 22.7459804], [115.7451865, 22.7410227], [115.7470866, 22.7355069], [115.7492736, 22.7308611], [115.7519295, 22.7264279], [115.7550303, 22.7222475], [115.7590826, 22.717828], [115.7630372, 22.7143135], [115.7661292, 22.7120465], [115.7666357, 22.7114941], [115.7705903, 22.7079794], [115.7748892, 22.7048274], [115.7761971, 22.7040432], [115.7771135, 22.7032287], [115.7814124, 22.7000766], [115.7860166, 22.6973156], [115.7915988, 22.6946712], [115.7951462, 22.6933928], [115.7984653, 22.6918205], [115.8035804, 22.6899772], [115.8088622, 22.6885908], [115.8142629, 22.6876739], [115.8197336, 22.6872348], [115.8252249, 22.6872774], [115.8306868, 22.6878015], [115.83607, 22.6888022], [115.8413258, 22.6902705], [115.8464065, 22.692193], [115.8512661, 22.6945523], [115.8558606, 22.6973271], [115.8601484, 22.7004922], [115.8640906, 22.7040188], [115.8666888, 22.7068325], [115.8702704, 22.7100364], [115.8738315, 22.7138925], [115.8773932, 22.7186581], [115.8788977, 22.7211889], [115.8798835, 22.7220706], [115.8834445, 22.7259264], [115.8870062, 22.7306917], [115.8874614, 22.7314572], [115.8886542, 22.733053], [115.8901831, 22.7344205], [115.8915008, 22.7358471], [115.8935705, 22.7354958], [115.8990412, 22.7350569], [115.9045324, 22.7350995], [115.9099944, 22.7356234], [115.9153776, 22.7366237], [115.9206333, 22.7380915], [115.925714, 22.7400133], [115.9305736, 22.7423719], [115.9351681, 22.7451457], [115.9394559, 22.7483096], [115.9422858, 22.7508403], [115.9423201, 22.7508656], [115.9431014, 22.7506606], [115.9485021, 22.7497441], [115.9539728, 22.7493052], [115.9594641, 22.7493479], [115.964926, 22.7498717], [115.9703092, 22.750872], [115.975565, 22.7523396], [115.9806457, 22.7542612], [115.9855053, 22.7566195], [115.9880428, 22.7581513], [115.992715, 22.7604186], [115.9973095, 22.763192], [116.0015973, 22.7663556], [116.0055396, 22.7698805], [116.0091006, 22.773735], [116.0126623, 22.7784985], [116.0141401, 22.7809832], [116.0146343, 22.7811701], [116.0194939, 22.7835279], [116.0240884, 22.7863009], [116.0254084, 22.7872746], [116.0276805, 22.7881338], [116.0325401, 22.7904915], [116.0369617, 22.79316], [116.0370194, 22.7931761], [116.0387102, 22.7938154], [116.0389579, 22.7934816], [116.0430102, 22.7890643], [116.0469648, 22.7855517], [116.0512637, 22.7824014], [116.0558679, 22.7796421], [116.0614502, 22.7769993], [116.0665652, 22.7751571], [116.0718471, 22.7737716], [116.0772478, 22.7728553], [116.0827185, 22.7724164], [116.0872691, 22.7724518], [116.092354, 22.771589], [116.0978247, 22.7711502], [116.1033159, 22.7711928], [116.1087779, 22.7717166], [116.1141611, 22.7727167], [116.1194169, 22.774184], [116.1244976, 22.7761054], [116.1293571, 22.7784633], [116.1339516, 22.7812363], [116.1361541, 22.7828611], [116.1362236, 22.7828948], [116.1408181, 22.7856678], [116.1427709, 22.7871084], [116.1471569, 22.7887669], [116.1482197, 22.7892825], [116.1485301, 22.7893999], [116.1533897, 22.7917576], [116.1579842, 22.7945304], [116.1615472, 22.7971585], [116.1654221, 22.7982402], [116.1705028, 22.8001612], [116.1753624, 22.8025187], [116.1787492, 22.8045625], [116.1821758, 22.805858], [116.1870354, 22.8082154], [116.1916299, 22.8109879], [116.1959177, 22.8141503], [116.198706, 22.8166426], [116.2035149, 22.8189752], [116.2081094, 22.8217475], [116.2123972, 22.8249096], [116.2163394, 22.8284331], [116.2199004, 22.8322859], [116.2234622, 22.8370474], [116.2255757, 22.8405995], [116.2260803, 22.8411454], [116.229642, 22.8459066], [116.2322823, 22.8503438], [116.2333607, 22.8526531], [116.2350066, 22.8544336], [116.2361532, 22.8559661], [116.237803, 22.8571826], [116.2417453, 22.8607052], [116.2437276, 22.8628494], [116.2458749, 22.8641446], [116.2501627, 22.8673058], [116.2529347, 22.8697826], [116.2561745, 22.8717368], [116.2604623, 22.8748978], [116.2644046, 22.8784199], [116.2679656, 22.8822713], [116.2686902, 22.8832396], [116.2688145, 22.8833312], [116.2714397, 22.8843232], [116.2762993, 22.8866792], [116.2808938, 22.8894501], [116.2851816, 22.8926107], [116.2891238, 22.8961324], [116.2926849, 22.8999832], [116.2962465, 22.9047423], [116.298202, 22.9068568], [116.300516, 22.9051626], [116.3051203, 22.9024058], [116.3107025, 22.8997653], [116.3158176, 22.8979248], [116.3176169, 22.8974532], [116.3188532, 22.896713], [116.3244354, 22.8940724], [116.3295505, 22.8922319], [116.3336115, 22.8911675], [116.3381683, 22.8890119], [116.3432834, 22.8871713], [116.3485652, 22.8857869], [116.3487307, 22.8857588], [116.3512146, 22.8845838], [116.3563296, 22.8827431], [116.3616115, 22.8813586], [116.3670122, 22.880443], [116.3724829, 22.8800045], [116.3766621, 22.880037], [116.3779985, 22.8798104], [116.3834693, 22.8793719], [116.3889605, 22.8794145], [116.3944224, 22.8799379], [116.3998057, 22.8809371], [116.4050614, 22.8824033], [116.4101421, 22.8843232], [116.4106663, 22.8845773], [116.4149119, 22.8853654], [116.4201676, 22.8868315], [116.4235994, 22.8881283], [116.4239482, 22.8881617], [116.4293314, 22.8891609], [116.4345872, 22.890627], [116.4349925, 22.8907802], [116.4377123, 22.8908013], [116.4431743, 22.8913246], [116.4485575, 22.8923238], [116.4521903, 22.8933371], [116.4575938, 22.8938548], [116.4586248, 22.8940462], [116.4611751, 22.8933778], [116.4613405, 22.8933497], [116.4638245, 22.8921747], [116.4689395, 22.8903342], [116.4742213, 22.8889498], [116.4796221, 22.8880342], [116.4850928, 22.8875958], [116.490584, 22.8876384], [116.496046, 22.8881617], [116.5014292, 22.8891609], [116.5066849, 22.890627], [116.5067973, 22.8906695], [116.5070323, 22.890692], [116.5124155, 22.8916912], [116.5176713, 22.8931573], [116.5227519, 22.895077], [116.5276115, 22.8974328], [116.532206, 22.9002034], [116.5364938, 22.9033638], [116.5404361, 22.9068852], [116.5439971, 22.9107358], [116.5443888, 22.9112591], [116.5479892, 22.914475], [116.5515502, 22.9183253], [116.555112, 22.9230838], [116.5577523, 22.9275185], [116.5599229, 22.9321641], [116.5616043, 22.9369785], [116.5629074, 22.9426314], [116.5634948, 22.9476593], [116.5635144, 22.9491663], [116.5647295, 22.9517664], [116.5653089, 22.9534252], [116.5691697, 22.9545017], [116.5742504, 22.9564205], [116.57911, 22.9587753], [116.5830548, 22.9611531], [116.5859764, 22.9625687], [116.5905709, 22.9653381], [116.5948587, 22.9684969], [116.598801, 22.9720166], [116.602362, 22.9758653], [116.605653, 22.9802603], [116.6070407, 22.9814992], [116.6106017, 22.9853476], [116.6141635, 22.9901037], [116.6168038, 22.9945362], [116.6189744, 22.9991795], [116.6206558, 23.0039916], [116.6219589, 23.0096417], [116.6225463, 23.0146671], [116.6226121, 23.019721], [116.6223251, 23.0228868], [116.6225463, 23.0247786], [116.6226121, 23.0298321], [116.6221556, 23.0348682], [116.6209999, 23.0405442], [116.6194443, 23.0453904], [116.6173951, 23.0500785], [116.6148708, 23.0545659], [116.6131958, 23.0569203], [116.6129227, 23.0575451], [116.6129333, 23.0576357], [116.612999, 23.062688], [116.6125426, 23.0677229], [116.6122873, 23.0689761], [116.6122913, 23.0692821], [116.6131027, 23.0716031], [116.6144058, 23.0772504], [116.6149932, 23.0822733], [116.615059, 23.0873246], [116.6146025, 23.0923586], [116.6134468, 23.0980321], [116.6118912, 23.1028763], [116.609842, 23.1075624], [116.6086, 23.1097693], [116.6085357, 23.1099695], [116.6101771, 23.10954], [116.6155779, 23.1086259], [116.6210486, 23.1081882], [116.6265398, 23.1082307], [116.6320018, 23.1087531], [116.6335051, 23.1090317], [116.6361548, 23.1088197], [116.641646, 23.1088623], [116.647108, 23.1093847], [116.6524912, 23.1103823], [116.657747, 23.111846], [116.6628276, 23.1137626], [116.6676872, 23.1161146], [116.6722817, 23.1188807], [116.6765695, 23.122036], [116.6805118, 23.1255517], [116.6829031, 23.1281332], [116.6832681, 23.1283529], [116.6875558, 23.131508], [116.6914981, 23.1350234], [116.6950591, 23.1388675], [116.6986209, 23.1436182], [116.7001497, 23.1461818], [116.7017978, 23.1476514], [116.7053588, 23.151495], [116.7089205, 23.1562453], [116.7115609, 23.1606723], [116.7137315, 23.1653099], [116.714042, 23.1661973], [116.7151004, 23.1676087], [116.7177407, 23.1720354], [116.7199113, 23.1766725], [116.7202603, 23.17767], [116.7225472, 23.1815038], [116.7247179, 23.1861406], [116.7250668, 23.187138], [116.7254026, 23.1877009], [116.72603, 23.1883779], [116.7262362, 23.1882273], [116.7294544, 23.1863044], [116.7308637, 23.1850563], [116.7351626, 23.1819153], [116.7397669, 23.1791642], [116.7416303, 23.1782846], [116.7425367, 23.1774818], [116.7468356, 23.1743407], [116.7514398, 23.1715894], [116.7570221, 23.1689542], [116.7621371, 23.1671173], [116.767419, 23.1657358], [116.7728197, 23.1648222], [116.7732702, 23.1647861], [116.7738101, 23.1645922], [116.7790919, 23.1632107], [116.7844927, 23.162297], [116.7899634, 23.1618594], [116.7954546, 23.1619019], [116.8009166, 23.1624242], [116.8062998, 23.1634214], [116.8115555, 23.1648845], [116.8166362, 23.1668003], [116.8214958, 23.1691514], [116.8260903, 23.1719165], [116.8303781, 23.1750705], [116.8343204, 23.1785848], [116.8378814, 23.1824276], [116.8395714, 23.184681], [116.8398135, 23.1848968], [116.8433746, 23.1887395], [116.8469363, 23.1934884], [116.8495766, 23.1979142], [116.8517473, 23.2025505], [116.8525362, 23.2048049], [116.8536965, 23.2067497], [116.8558671, 23.2113857], [116.8575485, 23.2161901], [116.8588309, 23.2217418], [116.8593004, 23.2227444], [116.8609817, 23.2275484], [116.8622848, 23.2331892], [116.8628722, 23.2382062], [116.862938, 23.2432517], [116.8624815, 23.2482798], [116.8613259, 23.2539467], [116.8597702, 23.2587853], [116.857721, 23.2634659], [116.8551968, 23.2679462], [116.8517598, 23.2727693], [116.8482999, 23.2766866], [116.8444504, 23.280284], [116.840246, 23.2835289], [116.8364819, 23.285878], [116.8355471, 23.2865994], [116.837217, 23.2893967], [116.8393877, 23.2940298], [116.841069, 23.2988313], [116.8421825, 23.3036488], [116.8427102, 23.3045326], [116.8448808, 23.3091651], [116.8465622, 23.3139661], [116.8469622, 23.3156965], [116.8476765, 23.3168928], [116.8481811, 23.3174367], [116.8517428, 23.3221811], [116.8523945, 23.3232724], [116.8528598, 23.3236868], [116.8564208, 23.3275254], [116.8599826, 23.3322694], [116.8620961, 23.3358085], [116.8626006, 23.3363523], [116.8661624, 23.341096], [116.8685196, 23.345043], [116.8700259, 23.3463841], [116.873587, 23.350222], [116.8771487, 23.3549652], [116.879789, 23.3593857], [116.8819597, 23.3640163], [116.883641, 23.3688153], [116.8837185, 23.3691502], [116.8843075, 23.3695041], [116.8857133, 23.3698949], [116.8907939, 23.3718077], [116.8956535, 23.3741552], [116.900248, 23.376916], [116.9045358, 23.3800652], [116.9049852, 23.3804651], [116.9093683, 23.37785], [116.9149506, 23.3752189], [116.9200656, 23.3733849], [116.9253474, 23.3720055], [116.9307482, 23.3710932], [116.9353743, 23.3707238], [116.937707, 23.3701146], [116.9431078, 23.3692023], [116.9437775, 23.3691488], [116.9473201, 23.3682236], [116.9527208, 23.3673113], [116.9581916, 23.3668744], [116.9636828, 23.3669169], [116.9691447, 23.3674383], [116.9696533, 23.3675324], [116.9746935, 23.366681], [116.9801642, 23.3662441], [116.9815954, 23.3662552], [116.9837123, 23.3657023], [116.9864513, 23.3652396], [116.9901035, 23.3639301], [116.9953853, 23.3625506], [117.000786, 23.3616383], [117.0058789, 23.3612315], [117.0069611, 23.3607214], [117.0120761, 23.3588872], [117.0173579, 23.3575077], [117.0227587, 23.3565953], [117.0268053, 23.3562721], [117.0262306, 23.3535103], [117.0256867, 23.3477707], [117.0257703, 23.3427295], [117.0263754, 23.3377181], [117.0274967, 23.3327821], [117.0293967, 23.3272905], [117.0315838, 23.3226651], [117.0342397, 23.3182513], [117.0353298, 23.3167881], [117.0364231, 23.3119743], [117.0383231, 23.3064818], [117.0405101, 23.3018556], [117.0431661, 23.2974412], [117.0462668, 23.2932785], [117.0503191, 23.2888776], [117.0542738, 23.2853779], [117.0585727, 23.2822393], [117.0631769, 23.2794903], [117.0687591, 23.2768572], [117.0738742, 23.2750219], [117.079156, 23.2736415], [117.0831933, 23.272959], [117.0862338, 23.271868], [117.0915156, 23.2704876], [117.0969164, 23.2695746], [117.1023871, 23.2691374], [117.1078783, 23.2691799], [117.1133403, 23.2697017], [117.1187235, 23.2706981], [117.1239793, 23.27216], [117.1290599, 23.2740743], [117.1339195, 23.2764235], [117.138514, 23.2791864], [117.1428018, 23.2823378], [117.1467441, 23.2858493], [117.1503051, 23.289689], [117.1538668, 23.2944344], [117.1565072, 23.2988568], [117.1586778, 23.3034896], [117.1603592, 23.3082907], [117.1616622, 23.313928], [117.1622497, 23.318942], [117.1623154, 23.3239844], [117.161859, 23.3290095], [117.1607033, 23.334673], [117.1591476, 23.3395086], [117.1570984, 23.3441863], [117.1558721, 23.3463617], [117.1563668, 23.346659], [117.1606546, 23.3498089], [117.1619848, 23.3509931], [117.1620189, 23.351006], [117.1668785, 23.3533538], [117.171473, 23.3561151], [117.1757608, 23.3592647], [117.1797031, 23.3627742], [117.183055, 23.3663863], [117.1853738, 23.3680895], [117.1893161, 23.3715988], [117.1928771, 23.375436], [117.1964389, 23.3801783], [117.1990792, 23.3845979], [117.2012498, 23.3892277], [117.2029312, 23.3940257], [117.2042343, 23.3996594], [117.2048217, 23.4046701], [117.2048579, 23.4074403], [117.2056778, 23.4097798], [117.2069808, 23.4154128], [117.2075683, 23.4204229], [117.207634, 23.4254615], [117.2071776, 23.4304827], [117.2061476, 23.4355262], [117.2058043, 23.4393028], [117.2046486, 23.4449616], [117.2041705, 23.4464466], [117.2042008, 23.4487713], [117.2037443, 23.4537917], [117.2025887, 23.4594498], [117.201033, 23.4642808], [117.1989838, 23.4689542], [117.1964596, 23.4734276], [117.1930226, 23.4782432], [117.1895628, 23.4821545], [117.1857132, 23.4857463], [117.1846206, 23.4865883], [117.1827336, 23.4892319], [117.1825114, 23.4897387], [117.1824583, 23.4903217], [117.1813027, 23.4959783], [117.179747, 23.500808], [117.1776978, 23.5054801], [117.1751736, 23.5099522], [117.1717366, 23.5147665], [117.1682767, 23.5186767], [117.1644272, 23.5222675], [117.1642056, 23.5224382], [117.1645969, 23.5227861], [117.1681579, 23.5266189], [117.1717196, 23.5313558], [117.1743599, 23.5357703], [117.1765306, 23.5403948], [117.178212, 23.5451873], [117.179515, 23.5508145], [117.1801025, 23.5558195], [117.1801045, 23.5559726], [117.1831363, 23.5586676], [117.186587, 23.5623807], [117.1867912, 23.5624792], [117.1913857, 23.5652361], [117.1931935, 23.5665619], [117.1947682, 23.5673214], [117.1977594, 23.5655393], [117.2033417, 23.5629119], [117.2084567, 23.5610806], [117.2137385, 23.5597031], [117.213881, 23.5596791], [117.2187564, 23.5579335], [117.2240382, 23.5565561], [117.2294389, 23.5556451], [117.2349097, 23.5552088], [117.2404009, 23.5552512], [117.2458629, 23.5557719], [117.2461739, 23.5558293], [117.2480868, 23.5544356], [117.2526911, 23.5516922], [117.2582733, 23.5490645], [117.2633884, 23.547233], [117.2686702, 23.5458554], [117.2721364, 23.5452707], [117.273688, 23.5447151], [117.2789699, 23.5433375], [117.2810259, 23.5429906], [117.2817325, 23.5424758], [117.28508, 23.540481], [117.2858385, 23.5396588], [117.2897932, 23.5361657], [117.2940921, 23.5330331], [117.2986963, 23.5302892], [117.3042786, 23.5276611], [117.3093936, 23.5258293], [117.3146754, 23.5244515], [117.3200762, 23.5235403], [117.3255469, 23.5231039], [117.3310381, 23.5231463], [117.3365001, 23.5236671], [117.3418833, 23.5246616], [117.3453693, 23.5256294], [117.3454596, 23.5256222], [117.3460706, 23.5256269], [117.3509752, 23.5247994], [117.3564459, 23.5243631], [117.3616598, 23.5244033], [117.362952, 23.5239405], [117.3682338, 23.5225627], [117.3736345, 23.5216515], [117.3782596, 23.5212826], [117.3785495, 23.5210713], [117.3831537, 23.5183272], [117.388736, 23.5156989], [117.393851, 23.5138669], [117.3991328, 23.512489], [117.4045336, 23.5115777], [117.4100043, 23.5111412], [117.4154955, 23.5111836], [117.4209575, 23.5117045], [117.4263407, 23.5126991], [117.4315964, 23.5141584], [117.4366771, 23.5160691], [117.4415367, 23.518414], [117.4447946, 23.5203696], [117.4463633, 23.5205192], [117.4517466, 23.5215137], [117.4570023, 23.5229729], [117.462083, 23.5248835], [117.465701, 23.5266292], [117.4676494, 23.526815], [117.4730326, 23.5278094], [117.4782883, 23.5292686], [117.483369, 23.5311791], [117.4882286, 23.5335238], [117.4928231, 23.5362812], [117.4971109, 23.5394266], [117.5010532, 23.5429313], [117.5019368, 23.5438822], [117.5026482, 23.5442254], [117.5072427, 23.5469827], [117.5115305, 23.5501278], [117.5154727, 23.5536322], [117.5190337, 23.5574641], [117.5225955, 23.5621999], [117.5252358, 23.5666134], [117.5274065, 23.5712367], [117.5290878, 23.5760282], [117.5303909, 23.5816541], [117.5309783, 23.5866579], [117.5310441, 23.5916901], [117.5305876, 23.596705], [117.5294319, 23.602357], [117.5278763, 23.6071828], [117.5258271, 23.6118511], [117.524747, 23.6137631], [117.5263466, 23.6158891], [117.5274463, 23.6168662], [117.5308006, 23.6184835], [117.5353951, 23.6212392], [117.5396829, 23.6243825], [117.5409508, 23.625509], [117.5444805, 23.6268353], [117.5493401, 23.6291782], [117.5539346, 23.6319337], [117.5582224, 23.6350768], [117.5621646, 23.6385789], [117.5657256, 23.6424083], [117.5692874, 23.647141], [117.5719277, 23.6515517], [117.5740983, 23.6561721], [117.5757797, 23.6609604], [117.5770828, 23.6665826], [117.5773053, 23.6684767], [117.5775458, 23.6684575], [117.583037, 23.6684998], [117.588499, 23.6690201], [117.5938822, 23.6700135], [117.5991379, 23.671471], [117.6037329, 23.673197], [117.6069285, 23.6737867], [117.6121842, 23.6752442], [117.6172649, 23.6771526], [117.6221245, 23.6794946], [117.626719, 23.6822491], [117.6310068, 23.6853909], [117.634949, 23.6888917], [117.6385101, 23.6927197], [117.6420717, 23.6974504], [117.6446899, 23.7002647], [117.6482516, 23.7049953], [117.6508919, 23.709404], [117.6530626, 23.7140223], [117.6531455, 23.7142585], [117.6537448, 23.7150543], [117.6563851, 23.7194626], [117.6585557, 23.7240806], [117.6599625, 23.7280849], [117.6619845, 23.7307699], [117.6626345, 23.7318551], [117.6647674, 23.7308525], [117.6698825, 23.7290235], [117.6751643, 23.7276478], [117.680565, 23.726738], [117.6860358, 23.7263023], [117.6884574, 23.726321], [117.6930171, 23.7251334], [117.6984178, 23.7242236], [117.7038886, 23.7237879], [117.7093798, 23.7238302], [117.7148417, 23.7243502], [117.720225, 23.7253432], [117.7254807, 23.7268001], [117.7255931, 23.7268423], [117.7258281, 23.7268647], [117.7312113, 23.7278576], [117.736467, 23.7293145], [117.7415477, 23.7312221], [117.7464073, 23.7335632], [117.7510018, 23.7363165], [117.7552896, 23.739457], [117.7592319, 23.7429564], [117.7627929, 23.7467828], [117.7663546, 23.7515117], [117.7682844, 23.7547327], [117.7696594, 23.7562101], [117.7714358, 23.7585685], [117.7729648, 23.7599255], [117.7765258, 23.7637514], [117.780007, 23.7683728], [117.7821129, 23.769387], [117.7867074, 23.7721395], [117.7889099, 23.7737523], [117.7889793, 23.7737857], [117.7935738, 23.7765381], [117.7978616, 23.7796777], [117.8018039, 23.783176], [117.8053649, 23.7870012], [117.8089267, 23.7917286], [117.811567, 23.7961344], [117.8137376, 23.8007497], [117.815419, 23.8055327], [117.8167221, 23.8111487], [117.8173095, 23.8161437], [117.8173753, 23.8211671], [117.8169188, 23.8261732], [117.8157631, 23.8318152], [117.8142075, 23.8366326], [117.8121582, 23.8412926], [117.809634, 23.8457533], [117.8061971, 23.8505553], [117.8027372, 23.8544554], [117.7988876, 23.858037], [117.7946832, 23.8612676], [117.7894927, 23.8644927], [117.7866132, 23.8659134], [117.7909862, 23.8675536], [117.7958458, 23.8698922], [117.8004403, 23.8726426], [117.8047281, 23.8757799], [117.8086704, 23.8792755], [117.8122314, 23.8830979], [117.8157931, 23.8878219], [117.8184334, 23.8922243], [117.8206041, 23.8968362], [117.8222854, 23.9016157], [117.8235885, 23.9072275], [117.8241087, 23.9116472], [117.8241246, 23.911681], [117.8253185, 23.9121287], [117.8301781, 23.9144665], [117.8347726, 23.9172159], [117.8390604, 23.9203521], [117.8430026, 23.9238465], [117.8465637, 23.9276676], [117.8501254, 23.9323899], [117.8527657, 23.9367909], [117.8549364, 23.9414012], [117.8566177, 23.946179], [117.8579208, 23.9517889], [117.8585082, 23.9567785], [117.858574, 23.9617964], [117.858508, 23.9625194], [117.8594821, 23.9633826], [117.8630431, 23.9672025], [117.8666049, 23.9719234], [117.868085, 23.9743897], [117.8684085, 23.9746764], [117.8717569, 23.9782679], [117.87349, 23.9781301], [117.8789812, 23.9781724], [117.8829304, 23.9785476], [117.8865587, 23.9779376], [117.8920294, 23.9775027], [117.8975207, 23.977545], [117.9029826, 23.978064], [117.9083658, 23.979055], [117.9136216, 23.9805091], [117.9187023, 23.982413], [117.9235619, 23.9847495], [117.9281564, 23.9874975], [117.9324442, 23.9906319], [117.9358901, 23.9936848], [117.9370827, 23.9943981], [117.9413705, 23.9975324], [117.9453128, 24.0010247], [117.9488738, 24.0048435], [117.9524356, 24.009563], [117.9550759, 24.0139613], [117.9572465, 24.0185688], [117.9589279, 24.0233438], [117.960231, 24.0289503], [117.9608184, 24.033937], [117.9608842, 24.0389518], [117.9604277, 24.0439495], [117.959272, 24.0495821], [117.9586518, 24.0514994], [117.9583678, 24.0546092], [117.9572121, 24.0602413], [117.9556564, 24.0650501], [117.9551398, 24.0662229], [117.9553252, 24.0677968], [117.955391, 24.0728103], [117.9549345, 24.0778067], [117.9548996, 24.077977], [117.955018, 24.0789818], [117.9551701, 24.0794136], [117.9556222, 24.0796838], [117.95991, 24.082816], [117.9638522, 24.0863061], [117.9674133, 24.0901223], [117.970975, 24.0948387], [117.9735435, 24.0991146], [117.9764682, 24.1029871], [117.9766172, 24.1032352], [117.9795396, 24.1040429], [117.9846202, 24.105945], [117.9894798, 24.1082793], [117.9902005, 24.1087099], [117.99286, 24.1097056], [117.9977196, 24.1120398], [118.0023141, 24.114785], [118.0066019, 24.1179164], [118.0071159, 24.1183713], [118.0105538, 24.1204254], [118.0148416, 24.1235566], [118.0187839, 24.1270455], [118.0223449, 24.1308605], [118.0259066, 24.1355754], [118.0278496, 24.1388088], [118.031962, 24.139565], [118.0372178, 24.1410172], [118.0422985, 24.1429188], [118.0471581, 24.1452524], [118.0517525, 24.1479969], [118.0560403, 24.1511275], [118.0599826, 24.1546156], [118.0635436, 24.1584298], [118.0671054, 24.1631437], [118.0697457, 24.1675367], [118.0719163, 24.1721387], [118.0720731, 24.1725835], [118.0737155, 24.1740365], [118.0772765, 24.1778501], [118.0808383, 24.1825632], [118.081022, 24.1828689], [118.0827697, 24.1847404], [118.0855758, 24.1884534], [118.0862029, 24.189125], [118.0897647, 24.1938377], [118.0923837, 24.1981943], [118.0941378, 24.2000724], [118.0945879, 24.2000759], [118.1000499, 24.200594], [118.1054331, 24.2015833], [118.1106888, 24.2030348], [118.1157695, 24.2049355], [118.1175277, 24.2057794], [118.1189286, 24.2061662], [118.1240093, 24.2080668], [118.1288689, 24.2103993], [118.1334634, 24.2131424], [118.1377089, 24.2162404], [118.1378154, 24.2162505], [118.1431986, 24.2172397], [118.1471947, 24.2183432], [118.1480051, 24.2184922], [118.1532609, 24.2199435], [118.1583415, 24.2218439], [118.1632011, 24.2241761], [118.1677956, 24.2269189], [118.1720834, 24.2300475], [118.1760257, 24.2335335], [118.1795867, 24.2373453], [118.1831485, 24.2420563], [118.1855349, 24.2460245], [118.1872683, 24.2483171], [118.1899086, 24.2527072], [118.1920793, 24.2573061], [118.1937607, 24.2620721], [118.1950637, 24.2676682], [118.1956512, 24.2726456], [118.1957169, 24.2776511], [118.1952605, 24.2826394], [118.1941048, 24.2882615], [118.1933772, 24.2905066], [118.1941348, 24.2915083], [118.1953753, 24.2935702], [118.1960662, 24.2943095], [118.1996279, 24.2990183], [118.2022683, 24.3034066], [118.2044389, 24.3080037], [118.2061203, 24.3127679], [118.2074234, 24.3183617], [118.2080108, 24.3233371], [118.2079983, 24.3239872], [118.2080766, 24.3283406], [118.2076201, 24.3333269], [118.2073803, 24.3344929], [118.2073899, 24.3352228], [118.2069334, 24.3402088], [118.2057778, 24.3458283], [118.2042221, 24.3506264], [118.2021729, 24.3552678], [118.2013244, 24.3567611], [118.2044532, 24.3565132], [118.2099444, 24.3565553], [118.2154063, 24.3570728], [118.2207895, 24.3580608], [118.2260453, 24.3595106], [118.2261576, 24.3595526], [118.2263926, 24.3595748], [118.2303827, 24.3603072], [118.2305437, 24.3603084], [118.2360057, 24.3608259], [118.2413889, 24.3618139], [118.2433638, 24.3623587], [118.2460114, 24.3626095], [118.2498866, 24.3616052], [118.2509126, 24.3614332], [118.2524469, 24.3605247], [118.2580292, 24.3579135], [118.2598561, 24.3572634], [118.2606867, 24.3567716], [118.2662689, 24.3541603], [118.26805, 24.3535265], [118.268442, 24.3532426], [118.2730463, 24.3505161], [118.2755612, 24.3493396], [118.2799127, 24.3467627], [118.285495, 24.3441512], [118.29061, 24.3423309], [118.2930504, 24.3416983], [118.297168, 24.3397719], [118.302283, 24.3379516], [118.3075648, 24.3365824], [118.3129656, 24.3356769], [118.3184363, 24.3352433], [118.3239275, 24.3352854], [118.3246246, 24.3353515], [118.3259894, 24.3352433], [118.3314806, 24.3352854], [118.3369426, 24.335803], [118.3381262, 24.3360203], [118.3424357, 24.3364286], [118.347819, 24.3374169], [118.3530747, 24.3388669], [118.3581554, 24.3407655], [118.363015, 24.3430954], [118.3676095, 24.3458357], [118.3718973, 24.3489614], [118.3758395, 24.3524441], [118.3794006, 24.3562524], [118.381177, 24.3585999], [118.382706, 24.3599505], [118.386267, 24.3637586], [118.3898287, 24.3684648], [118.3907805, 24.3700458], [118.393985, 24.368547], [118.3991, 24.366727], [118.4043818, 24.3653582], [118.4055613, 24.3651605], [118.4063446, 24.3647941], [118.4089104, 24.3638811], [118.4091906, 24.3635793], [118.4131452, 24.3601085], [118.4174441, 24.3569958], [118.4220484, 24.3542694], [118.4276306, 24.3516581], [118.4327457, 24.3498379], [118.4380275, 24.3484689], [118.4434282, 24.3475634], [118.448899, 24.3471298], [118.4543902, 24.347172], [118.4598521, 24.3476895], [118.4652353, 24.3486776], [118.4704911, 24.3501275], [118.4755718, 24.3520259], [118.4804314, 24.3543557], [118.4850259, 24.3570957], [118.4893137, 24.3602211], [118.4932559, 24.3637036], [118.4968169, 24.3675115], [118.5003787, 24.3722176], [118.503019, 24.3766034], [118.5051897, 24.3811978], [118.506871, 24.3859592], [118.5081741, 24.3915498], [118.5087615, 24.3965223], [118.5088062, 24.3999208], [118.5096176, 24.4022182], [118.5101826, 24.404642], [118.5105499, 24.4050346], [118.5141116, 24.4097393], [118.5162251, 24.413249], [118.5167297, 24.4137884], [118.5202914, 24.4184927], [118.5229317, 24.422877], [118.5251024, 24.4274697], [118.5257971, 24.4294363], [118.5263649, 24.4303792], [118.5285356, 24.4349716], [118.530217, 24.439731], [118.53152, 24.4453192], [118.5321075, 24.4502896], [118.5321732, 24.4552881], [118.5321085, 24.4559944], [118.5321732, 24.4609133], [118.5319831, 24.4629882], [118.5320539, 24.4635032], [118.5321732, 24.4690383], [118.5318024, 24.4730841], [118.5347473, 24.4717078], [118.5398624, 24.4698893], [118.5451442, 24.4685216], [118.5505449, 24.467617], [118.5560157, 24.4671838], [118.5599096, 24.4672137], [118.5649645, 24.4663671], [118.5704352, 24.4659339], [118.5759264, 24.465976], [118.5813884, 24.466493], [118.5867716, 24.4674802], [118.5920274, 24.4689287], [118.5953206, 24.4701581], [118.5977579, 24.4706051], [118.6030137, 24.4720535], [118.6080944, 24.4739501], [118.6129539, 24.4762777], [118.6175484, 24.479015], [118.6195906, 24.4805021], [118.620454, 24.4808244], [118.6205522, 24.4808714], [118.6259104, 24.481854], [118.6311661, 24.4833023], [118.6362468, 24.4851987], [118.6411064, 24.4875261], [118.6418271, 24.4879554], [118.6444866, 24.488948], [118.6493462, 24.4912753], [118.6539407, 24.4940123], [118.6582285, 24.4971343], [118.6621707, 24.500613], [118.6657317, 24.5044168], [118.6662803, 24.5051409], [118.6699455, 24.5068959], [118.6707737, 24.5073892], [118.671229, 24.5074727], [118.6764847, 24.5089208], [118.6815654, 24.5108168], [118.686425, 24.5131436], [118.6910195, 24.5158802], [118.6953073, 24.5190017], [118.6992496, 24.5224797], [118.7028106, 24.5262829], [118.7063723, 24.530983], [118.7090126, 24.5353634], [118.7111833, 24.539952], [118.7128647, 24.5447074], [118.7138505, 24.5489315], [118.7157291, 24.5505885], [118.7192901, 24.5543908], [118.7228518, 24.5590899], [118.7254921, 24.5634692], [118.7276628, 24.5680568], [118.7293442, 24.5728111], [118.7306472, 24.5783935], [118.731037, 24.5816878], [118.732173, 24.5840883], [118.7345248, 24.5871905], [118.7371651, 24.5915688], [118.7393358, 24.5961554], [118.7410171, 24.6009086], [118.7423202, 24.6064897], [118.7429076, 24.6114537], [118.7429734, 24.6164458], [118.7425169, 24.6214207], [118.7422694, 24.6226215], [118.7422868, 24.6239364], [118.7420966, 24.6260086], [118.742221, 24.6270594], [118.7422868, 24.6320508], [118.7422508, 24.6324427], [118.7422868, 24.6351716], [118.7421206, 24.6369825], [118.7447458, 24.6388918], [118.7486881, 24.6423665], [118.7502041, 24.6439841], [118.7509256, 24.6445088], [118.7548679, 24.6479834], [118.7574854, 24.6507762], [118.7591653, 24.6519978], [118.7626113, 24.6550348], [118.7638039, 24.6557443], [118.7680917, 24.6588623], [118.772034, 24.6623365], [118.775595, 24.6661354], [118.7791568, 24.6708303], [118.7815123, 24.6747338], [118.7845712, 24.6769578], [118.7885135, 24.6804315], [118.7891257, 24.6810846], [118.7905831, 24.6819514], [118.7948709, 24.6850688], [118.7988132, 24.6885422], [118.8023742, 24.6923403], [118.8059359, 24.6970342], [118.8075135, 24.699648], [118.8104861, 24.7022668], [118.8140472, 24.7060645], [118.8176089, 24.7107579], [118.8202492, 24.7151319], [118.8224199, 24.719714], [118.8241012, 24.7244625], [118.8247151, 24.7270893], [118.8265398, 24.7309405], [118.8281454, 24.7354747], [118.8305489, 24.7394557], [118.8327196, 24.7440369], [118.8344009, 24.7487845], [118.8346258, 24.7497464], [118.8354661, 24.7515199], [118.8371475, 24.7562672], [118.8384506, 24.7618413], [118.839038, 24.7667991], [118.8391038, 24.771785], [118.8386473, 24.7767537], [118.8374916, 24.7823537], [118.835936, 24.787135], [118.8338868, 24.7917603], [118.8313625, 24.7961876], [118.8293194, 24.7990209], [118.8286975, 24.8004245], [118.830281, 24.8048939], [118.8305059, 24.8058553], [118.8313463, 24.807628], [118.8316392, 24.8084547], [118.833964, 24.8088798], [118.8392197, 24.8103244], [118.8443004, 24.8122159], [118.8463401, 24.8131901], [118.8495194, 24.8140639], [118.8546001, 24.8159554], [118.8594597, 24.8182765], [118.8640542, 24.8210064], [118.868342, 24.8241202], [118.8717879, 24.827153], [118.8729806, 24.8278616], [118.8772684, 24.8309752], [118.8812106, 24.8344446], [118.8847717, 24.8382383], [118.88536, 24.8390127], [118.8879916, 24.8380798], [118.8932734, 24.8367162], [118.8980379, 24.8359205], [118.898978, 24.8355873], [118.9028773, 24.8345805], [118.9048492, 24.8336616], [118.9099643, 24.8318484], [118.9152461, 24.8304846], [118.9206468, 24.8295827], [118.9261176, 24.8291508], [118.9316088, 24.8291927], [118.9370707, 24.8297082], [118.940881, 24.830405], [118.9453417, 24.8304391], [118.9508037, 24.8309546], [118.953749, 24.8314931], [118.9570894, 24.8309353], [118.9580295, 24.8306021], [118.9633113, 24.8292383], [118.968712, 24.8283363], [118.9741828, 24.8279044], [118.979674, 24.8279464], [118.9851359, 24.8284619], [118.9905192, 24.8294463], [118.9957749, 24.8308906], [119.0008556, 24.8327817], [119.0057152, 24.8351026], [119.0069406, 24.8358306], [119.0104686, 24.8371437], [119.0153282, 24.8394645], [119.0199227, 24.8421939], [119.0242105, 24.8453072], [119.0281528, 24.8487762], [119.0317138, 24.8525694], [119.0352755, 24.8572573], [119.0379158, 24.8616261], [119.0400865, 24.8662028], [119.0417679, 24.8709457], [119.0430709, 24.8765147], [119.0436584, 24.8814679], [119.0437226, 24.8863317], [119.0437576, 24.8864812], [119.044345, 24.8914341], [119.0444108, 24.8964149], [119.0439543, 24.9013786], [119.0430823, 24.9055999], [119.0441232, 24.9063553], [119.0471554, 24.9090221], [119.0476006, 24.9092346], [119.0521951, 24.9119624], [119.0564828, 24.915074], [119.0604251, 24.918541], [119.0639861, 24.9223321], [119.0644997, 24.9230076], [119.0647226, 24.9231694], [119.0686649, 24.9266361], [119.0690781, 24.9270761], [119.0722757, 24.9293962], [119.076218, 24.9328628], [119.0767273, 24.933405], [119.0796512, 24.935976], [119.0832122, 24.9397666], [119.0867739, 24.9444511], [119.0894143, 24.9488169], [119.0915849, 24.9533903], [119.0932663, 24.9581299], [119.0945693, 24.9636949], [119.0951568, 24.9686446], [119.0952037, 24.9721951], [119.1005255, 24.9717754], [119.1060168, 24.9718173], [119.1114787, 24.9723323], [119.1168619, 24.9733155], [119.1221177, 24.9747581], [119.1271984, 24.9766471], [119.1327786, 24.9793929], [119.1354381, 24.9803816], [119.1402977, 24.9826997], [119.1448922, 24.9854259], [119.14918, 24.9885356], [119.1531223, 24.9920005], [119.1571961, 24.9964636], [119.160853, 24.9991154], [119.1647952, 25.0025801], [119.1683563, 25.0063685], [119.171918, 25.0110506], [119.1734225, 25.0135369], [119.1779693, 25.0181913], [119.1877108, 25.030339], [119.1903511, 25.0347017], [119.1925218, 25.0392719], [119.1942032, 25.0440082], [119.1955062, 25.0495694], [119.1960937, 25.0545156], [119.1960023, 25.0611966], [119.1965648, 25.0651413], [119.2006508, 25.0714023], [119.2028215, 25.0759711], [119.2045028, 25.080706], [119.2085525, 25.0980805], [119.2091399, 25.1030248], [119.2092057, 25.1079971], [119.2087492, 25.1129523], [119.2075936, 25.118537], [119.2060379, 25.1233053], [119.2039887, 25.1279179], [119.2016237, 25.1320547], [119.2085295, 25.1331799], [119.2158624, 25.135392], [119.2236357, 25.1365989], [119.2304955, 25.1386352], [119.2321895, 25.138329], [119.2354036, 25.1355257], [119.2397025, 25.1324324], [119.2443067, 25.1297229], [119.2498889, 25.1271278], [119.255004, 25.1253189], [119.2602858, 25.1239584], [119.2656865, 25.1230586], [119.2711573, 25.1226277], [119.2766485, 25.1226696], [119.2821105, 25.1231839], [119.2874937, 25.1241659], [119.2927494, 25.1256067], [119.3006979, 25.1288597], [119.3002003, 25.1236813], [119.3002839, 25.1187099], [119.300889, 25.113768], [119.3020103, 25.1089003], [119.3039103, 25.1034848], [119.3060973, 25.0989234], [119.3087533, 25.0945707], [119.311854, 25.0904663], [119.3159063, 25.086127], [119.3256974, 25.078012], [119.3299963, 25.0749172], [119.3346006, 25.0722064], [119.3401828, 25.0696101], [119.3452979, 25.0678004], [119.3505797, 25.0664392], [119.3559804, 25.065539], [119.3614512, 25.0651079], [119.3731222, 25.0654608], [119.3785842, 25.0659753], [119.3915205, 25.0685127], [119.3967762, 25.0699542], [119.4018569, 25.0718417], [119.4067165, 25.0741581], [119.411311, 25.0768823], [119.4155988, 25.0799896], [119.4195411, 25.083452], [119.4231021, 25.087238], [119.4266638, 25.0919169], [119.4293041, 25.0962774], [119.4314748, 25.1008454], [119.4331561, 25.1055792], [119.4344592, 25.1111376], [119.4350466, 25.1160814], [119.4351124, 25.1210531], [119.4346559, 25.1260078], [119.4335003, 25.1315919], [119.4319446, 25.1363597], [119.4298954, 25.1409718], [119.4273712, 25.1453866], [119.4239342, 25.1501392], [119.4204744, 25.1539993], [119.4180521, 25.1562297], [119.421984, 25.1552172], [119.427352, 25.1532911], [119.4326338, 25.1519309], [119.4380346, 25.1510314], [119.4435053, 25.1506006], [119.4473409, 25.1506298], [119.4530469, 25.147128], [119.4584931, 25.1445965], [119.4600088, 25.1429742], [119.4623092, 25.1380911], [119.4649651, 25.1337399], [119.4680659, 25.1296367], [119.4721182, 25.1252988], [119.4760728, 25.1218492], [119.4841483, 25.1162687], [119.4887525, 25.1135589], [119.4943347, 25.1109634], [119.4994498, 25.1091543], [119.5047316, 25.1077936], [119.5101323, 25.1068937], [119.5156031, 25.1064627], [119.5210943, 25.1065046], [119.5265563, 25.1070189], [119.5319395, 25.1080011], [119.5371952, 25.1094421], [119.5422759, 25.111329], [119.5487174, 25.1145823], [119.5563154, 25.1157729], [119.5603764, 25.1168863], [119.5666151, 25.1179489], [119.5718708, 25.1193898], [119.5769515, 25.1212766], [119.5835412, 25.1246174], [119.5879378, 25.12625], [119.5927974, 25.1285654], [119.5973919, 25.1312884], [119.6016797, 25.1343943], [119.6065033, 25.1387918], [119.6116963, 25.1402152], [119.616777, 25.1421016], [119.6281597, 25.1472137], [119.6327542, 25.1499363], [119.637042, 25.1530418], [119.6409842, 25.1565021], [119.6445453, 25.1602858], [119.648107, 25.164962], [119.6509184, 25.1696798], [119.6546712, 25.1690548], [119.660142, 25.1686241], [119.6656332, 25.168666], [119.6710951, 25.16918], [119.6764784, 25.1701617], [119.6817341, 25.171602], [119.6868148, 25.1734879], [119.6916744, 25.1758023], [119.6962689, 25.1785243], [119.7010707, 25.1820801], [119.7045086, 25.1841168], [119.7087964, 25.1872214], [119.7127387, 25.1906808], [119.7162997, 25.1944634], [119.7198614, 25.1991382], [119.7225018, 25.203495], [119.7246724, 25.2080588], [119.7263538, 25.2127886], [119.7276568, 25.2183421], [119.7282845, 25.2263183], [119.7381873, 25.2286658], [119.7451503, 25.2282839], [119.750115, 25.2274574], [119.7555857, 25.2270269], [119.7610769, 25.2270687], [119.7665389, 25.2275826], [119.7719221, 25.2285638], [119.7771778, 25.2300034], [119.7822585, 25.2318884], [119.7871181, 25.2342017], [119.7917126, 25.2369223], [119.7960004, 25.2400256], [119.7999427, 25.2434835], [119.8035037, 25.2472645], [119.8054943, 25.249876], [119.8090467, 25.2524468], [119.8129889, 25.2559043], [119.81655, 25.2596849], [119.8201117, 25.2643572], [119.822752, 25.2687116], [119.8249227, 25.2732731], [119.826604, 25.2780003], [119.8296237, 25.2900697], [119.8302111, 25.2950062], [119.8302769, 25.2999706], [119.8298204, 25.304918], [119.8262615, 25.3198045], [119.8247059, 25.3245649], [119.8226566, 25.32917], [119.8201324, 25.3335779], [119.8166955, 25.3383232], [119.8132356, 25.3421772], [119.8078491, 25.3468835], [119.8023689, 25.3529481], [119.80939, 25.3576653], [119.8133323, 25.3611198], [119.8168933, 25.3648971], [119.8206242, 25.3698442], [119.8269637, 25.3703641], [119.8323469, 25.3713441], [119.8376026, 25.3727821], [119.8426833, 25.3746648], [119.8475429, 25.3769754], [119.8521374, 25.3796929], [119.8564252, 25.3827925], [119.8603675, 25.3862463], [119.8639285, 25.3900228], [119.8674902, 25.3946901], [119.8701305, 25.3990398], [119.8723012, 25.4035963], [119.8739826, 25.4083184], [119.874789, 25.41175], [119.8806631, 25.4141572], [119.8835662, 25.4075715], [119.8862221, 25.4032299], [119.8893229, 25.3991358], [119.8933752, 25.3948075], [119.8973298, 25.3913656], [119.9016287, 25.3882788], [119.906233, 25.385575], [119.9118152, 25.3829854], [119.9169303, 25.3811803], [119.9222121, 25.3798226], [119.9276128, 25.3789247], [119.9330836, 25.3784947], [119.9385748, 25.3785365], [119.9440367, 25.3790497], [119.94942, 25.3800297], [119.9546757, 25.3814675], [119.9597564, 25.3833502], [119.964616, 25.3856606], [119.9692105, 25.3883778], [119.9734983, 25.3914772], [119.9774405, 25.3949307], [119.9810016, 25.398707], [119.9852499, 25.4043044], [119.9878902, 25.4086537], [119.9900609, 25.4132099], [119.9917423, 25.4179316], [119.9940753, 25.4284368], [119.9953494, 25.4377082], [119.9954152, 25.4426668], [119.9949587, 25.4476084], [119.993803, 25.4531777], [119.9922474, 25.4579329], [119.9901981, 25.4625328], [119.9876739, 25.4669359], [119.984237, 25.4716759], [119.9807771, 25.4755257], [119.9769275, 25.479061], [119.9727231, 25.48225], [119.9675326, 25.4854334], [119.9626998, 25.4877871], [119.9576409, 25.4897155], [119.952402, 25.4912011], [119.9462549, 25.4923396], [119.9407911, 25.4928363], [119.9345159, 25.4928271], [119.9302251, 25.4924243], [119.9286299, 25.4972153], [119.9275417, 25.5024574], [119.9259861, 25.5072106], [119.9239368, 25.5118087], [119.9214126, 25.51621], [119.9193773, 25.5190158], [119.9219671, 25.522738], [119.9264541, 25.5243987], [119.9313137, 25.5267064], [119.9359082, 25.5294205], [119.940196, 25.5325163], [119.9441382, 25.5359657], [119.9476993, 25.5397376], [119.951261, 25.5443991], [119.9539013, 25.5487434], [119.956072, 25.5532942], [119.9577533, 25.5580105], [119.9590564, 25.5635481], [119.9596438, 25.5684734], [119.9597096, 25.5734266], [119.9592374, 25.5784386], [119.9611865, 25.5837152], [119.9624896, 25.5892516], [119.963077, 25.5941758], [119.9631428, 25.6034626], [119.9626863, 25.6083975], [119.9615307, 25.6139593], [119.959975, 25.6187082], [119.9579258, 25.6233019], [119.9554016, 25.6276991], [119.9519646, 25.6324328], [119.9485047, 25.6362774], [119.9428823, 25.6411509], [119.939235, 25.6452533], [119.9353855, 25.6487837], [119.9311811, 25.6519681], [119.9259906, 25.655147], [119.9211577, 25.6574974], [119.9160989, 25.6594231], [119.9108599, 25.6609065], [119.9047128, 25.6620434], [119.8979073, 25.6627065], [119.8967471, 25.663417], [119.896546, 25.6655904], [119.9011359, 25.6713347], [119.9037762, 25.6756744], [119.9059468, 25.6802204], [119.9076282, 25.6849317], [119.9084325, 25.6883461], [119.9114047, 25.6957602], [119.9127078, 25.7012914], [119.9132952, 25.706211], [119.913361, 25.7111585], [119.9129045, 25.716089], [119.9117489, 25.7216458], [119.9101932, 25.7263903], [119.908144, 25.7309799], [119.9056198, 25.7353732], [119.9021828, 25.7401025], [119.898723, 25.7439437], [119.8948734, 25.7474711], [119.890669, 25.7506529], [119.8854785, 25.7538291], [119.8778991, 25.7574145], [119.8728402, 25.7593385], [119.8676012, 25.7608207], [119.8614541, 25.7619567], [119.8559904, 25.7624523], [119.8497152, 25.7624431], [119.8442533, 25.7619315], [119.83887, 25.7609547], [119.8328767, 25.7592801], [119.8278248, 25.7573413], [119.8181939, 25.7528142], [119.8136407, 25.7500492], [119.808822, 25.7464287], [119.8049851, 25.74289], [119.8015391, 25.7390387], [119.7985151, 25.7349097], [119.7956108, 25.7298987], [119.7935781, 25.725303], [119.7919575, 25.7201669], [119.7851939, 25.7225297], [119.7853016, 25.7297169], [119.7848452, 25.7346466], [119.7836895, 25.7402026], [119.7821338, 25.7449464], [119.7800846, 25.7495353], [119.7775604, 25.7539278], [119.7741234, 25.7586564], [119.7706636, 25.762497], [119.766814, 25.7660239], [119.7626096, 25.7692051], [119.7574191, 25.7723809], [119.7498557, 25.7757674], [119.7494829, 25.7797915], [119.7483272, 25.7853453], [119.7467716, 25.7900873], [119.7447224, 25.7946745], [119.7380783, 25.8071017], [119.7329247, 25.8139917], [119.7294648, 25.8178305], [119.7256153, 25.8213557], [119.7214109, 25.8245355], [119.7162204, 25.8277098], [119.7113875, 25.8300568], [119.7063287, 25.8319797], [119.7010897, 25.833461], [119.6949426, 25.8345962], [119.6894788, 25.8350915], [119.6832037, 25.8350823], [119.6777417, 25.8345711], [119.6739952, 25.8338917], [119.6760592, 25.8471882], [119.676125, 25.8521298], [119.6754001, 25.8583434], [119.6790228, 25.8583708], [119.6844847, 25.858882], [119.689868, 25.859858], [119.6951237, 25.86129], [119.7002044, 25.8631652], [119.7109005, 25.8682466], [119.715495, 25.8709529], [119.7197828, 25.8740398], [119.723725, 25.8774794], [119.727286, 25.8812405], [119.7308478, 25.8858886], [119.7334881, 25.8902204], [119.7356588, 25.8947582], [119.7373401, 25.899461], [119.7382883, 25.9034787], [119.7411167, 25.9105787], [119.742239, 25.9153343], [119.745392, 25.9245328], [119.7468777, 25.9269695], [119.7495702, 25.9329651], [119.7554607, 25.9420982], [119.7576314, 25.946634], [119.7592215, 25.9510795], [119.7617513, 25.9562039], [119.7634326, 25.9609041], [119.7667956, 25.9753739], [119.7672857, 25.9794688], [119.7689258, 25.9840528], [119.7702289, 25.9895705], [119.7708163, 25.9944782], [119.7712254, 26.0080535], [119.7707689, 26.0129716], [119.7685833, 26.0228338], [119.7670276, 26.0275662], [119.7622318, 26.0386223], [119.7597076, 26.0430041], [119.7562707, 26.0477212], [119.7528108, 26.0515523], [119.7427814, 26.061239], [119.738577, 26.0644123], [119.7352784, 26.0664255], [119.7303373, 26.0702719], [119.7251468, 26.0734396], [119.7203139, 26.0757817], [119.7152551, 26.0777006], [119.7100161, 26.0791788], [119.7069763, 26.079739], [119.7079231, 26.086475], [119.7109313, 26.090104], [119.7134253, 26.0922761], [119.7176054, 26.0968367], [119.7220084, 26.1006008], [119.7255694, 26.1043547], [119.7291312, 26.108994], [119.7317715, 26.1133176], [119.7339421, 26.1178468], [119.7369968, 26.1271643], [119.7382999, 26.1326754], [119.7388873, 26.137577], [119.7389531, 26.1425064], [119.7384966, 26.1474189], [119.7373409, 26.1529554], [119.7357853, 26.1576826], [119.733736, 26.1622554], [119.7312118, 26.1666326], [119.7277749, 26.1713447], [119.724315, 26.1751718], [119.7204654, 26.1786863], [119.716261, 26.1818564], [119.7104679, 26.1853129], [119.7114585, 26.1869341], [119.717787, 26.1874504], [119.7231703, 26.1884237], [119.728426, 26.1898517], [119.7335067, 26.1917216], [119.7367842, 26.1932693], [119.7425022, 26.1947808], [119.7475829, 26.1966506], [119.7592045, 26.2017982], [119.7629125, 26.1978643], [119.7668672, 26.1944456], [119.7711661, 26.1913796], [119.7757703, 26.1886941], [119.7813526, 26.1861219], [119.7864676, 26.184329], [119.7917494, 26.1829806], [119.7971502, 26.1820887], [119.8026209, 26.1816616], [119.8081121, 26.1817031], [119.8135741, 26.1822129], [119.8189573, 26.1831862], [119.8242131, 26.1846143], [119.8292937, 26.1864843], [119.8341533, 26.1887791], [119.8387478, 26.191478], [119.8430356, 26.1945565], [119.8469779, 26.1979867], [119.8505389, 26.2017375], [119.8542792, 26.2066651], [119.8583172, 26.2090368], [119.862605, 26.2121148], [119.8665473, 26.2155445], [119.8701083, 26.2192947], [119.87367, 26.2239294], [119.8763104, 26.2282488], [119.878481, 26.2327735], [119.8801624, 26.2374627], [119.8814654, 26.2429685], [119.8820892, 26.2505886], [119.8901682, 26.2497313], [119.8956594, 26.2497728], [119.9011214, 26.2502822], [119.9065046, 26.251255], [119.9117604, 26.2526823], [119.916841, 26.2545511], [119.9217006, 26.2568446], [119.9262951, 26.2595419], [119.9305829, 26.2626186], [119.9320156, 26.2604081], [119.9265086, 26.2546812], [119.9234846, 26.2505702], [119.9164604, 26.2391145], [119.9096475, 26.2261416], [119.9054746, 26.2253874], [119.8994813, 26.2237194], [119.8944294, 26.2217882], [119.889605, 26.219435], [119.8850519, 26.2166809], [119.8802331, 26.2130748], [119.8763962, 26.2095501], [119.8678004, 26.2004774], [119.8647764, 26.1963645], [119.8618721, 26.1913731], [119.8598394, 26.1867955], [119.8583009, 26.1820649], [119.8572704, 26.1772244], [119.855706, 26.1627378], [119.8534943, 26.1564901], [119.8524638, 26.1516485], [119.85192, 26.1460368], [119.8520036, 26.1411078], [119.8526087, 26.136208], [119.8537299, 26.1313818], [119.85563, 26.1260124], [119.857817, 26.1214899], [119.8604729, 26.1171743], [119.8635737, 26.1131048], [119.867626, 26.1088025], [119.8715806, 26.1053811], [119.8758795, 26.1023128], [119.882887, 26.098392], [119.8884693, 26.0958178], [119.8973609, 26.0927902], [119.9015734, 26.0917139], [119.9005003, 26.0836111], [119.9005839, 26.0786795], [119.901189, 26.0737771], [119.9023103, 26.0689483], [119.9042103, 26.0635761], [119.9063974, 26.0590511], [119.9090533, 26.0547332], [119.9121541, 26.0506615], [119.9162063, 26.0463569], [119.920161, 26.0429338], [119.9244599, 26.0398638], [119.9290641, 26.0371748], [119.9346463, 26.0345993], [119.9392245, 26.0329925], [119.9379492, 26.0329906], [119.9363875, 26.0328447], [119.9332086, 26.0334308], [119.9277448, 26.0339252], [119.9214697, 26.0339161], [119.9160077, 26.0334057], [119.9106245, 26.0324311], [119.9046311, 26.0307604], [119.8995792, 26.028826], [119.8947549, 26.0264689], [119.8902017, 26.0237103], [119.8853829, 26.0200982], [119.8815461, 26.0165677], [119.8781001, 26.0127253], [119.8750761, 26.0086058], [119.8721718, 26.0036064], [119.8701391, 25.9990214], [119.8686005, 25.9942833], [119.86757, 25.989435], [119.8670262, 25.9838155], [119.8670529, 25.9822395], [119.8670262, 25.9819638], [119.8671098, 25.9770278], [119.8677149, 25.9721212], [119.8688361, 25.9672883], [119.8707362, 25.9619113], [119.8729232, 25.9573824], [119.8735749, 25.9563221], [119.8751994, 25.9517246], [119.8773864, 25.9471953], [119.8800423, 25.9428733], [119.8831431, 25.9387977], [119.8871954, 25.934489], [119.89115, 25.9310626], [119.8954489, 25.9279897], [119.9000532, 25.9252982], [119.9056354, 25.9227202], [119.9088431, 25.9215933], [119.9103454, 25.9184813], [119.9130013, 25.9141582], [119.9161021, 25.9100817], [119.9201544, 25.9057719], [119.924109, 25.9023447], [119.9284079, 25.899271], [119.9330121, 25.8965788], [119.9385944, 25.8940002], [119.9437094, 25.8922029], [119.9489913, 25.890851], [119.954392, 25.889957], [119.9598627, 25.8895288], [119.9653539, 25.8895704], [119.9708159, 25.8900814], [119.9761991, 25.8910572], [119.9814549, 25.8924889], [119.9865356, 25.8943635], [119.9913951, 25.896664], [119.9959896, 25.8993696], [119.9977047, 25.9006041], [119.9977063, 25.900605], [120.0019941, 25.9036911], [120.0059363, 25.9071299], [120.0094973, 25.91089], [120.0106398, 25.9123805], [120.0110958, 25.912649], [120.0153836, 25.9157349], [120.0193259, 25.9191732], [120.0228869, 25.9229329], [120.0264487, 25.9275794], [120.0270882, 25.9286283], [120.0272223, 25.9287453], [120.0307834, 25.9325047], [120.0318025, 25.9338342], [120.0334021, 25.9352291], [120.0369632, 25.9389883], [120.0405249, 25.9436342], [120.0431652, 25.9479639], [120.0453359, 25.9524995], [120.0470172, 25.9571999], [120.0483203, 25.9627189], [120.0489077, 25.9676277], [120.0489735, 25.9725643], [120.048517, 25.9774839], [120.0473614, 25.9830284], [120.0458057, 25.9877624], [120.0437565, 25.9923419], [120.0412323, 25.9967255], [120.0377953, 26.0014444], [120.0376027, 26.0016577], [120.0357354, 26.0042215], [120.0322755, 26.0080541], [120.0284259, 26.0115736], [120.0242216, 26.0147483], [120.019031, 26.0179175], [120.0141982, 26.0202607], [120.0091394, 26.0221805], [120.0039004, 26.0236594], [119.9977533, 26.0247928], [119.9922895, 26.0252873], [119.9903444, 26.0252844], [119.9884508, 26.0258189], [119.9823037, 26.0269523], [119.97684, 26.0274468], [119.9765403, 26.0274464], [119.9760894, 26.027665], [119.9710305, 26.0295847], [119.9670287, 26.0307143], [119.9722511, 26.0316597], [119.9775068, 26.0330897], [119.987909, 26.0371215], [119.9927686, 26.0394192], [120.0002814, 26.0441266], [120.0045691, 26.047209], [120.0085114, 26.0506435], [120.0120724, 26.054399], [120.0156342, 26.0590403], [120.0182745, 26.0633657], [120.0204451, 26.0678969], [120.0221265, 26.0725927], [120.0234296, 26.0781063], [120.024017, 26.0830102], [120.0240828, 26.0879419], [120.0234546, 26.0970191], [120.022299, 26.102558], [120.0207433, 26.1072872], [120.0186941, 26.1118621], [120.0161699, 26.1162411], [120.0127329, 26.1209552], [120.0088683, 26.1251537], [120.0155494, 26.1314279], [120.0191104, 26.1351808], [120.0243887, 26.1422846], [120.027029, 26.1466069], [120.0291997, 26.1511348], [120.0308811, 26.1558273], [120.0322946, 26.1622582], [120.037004, 26.1639919], [120.0418636, 26.1662872], [120.0464581, 26.1689866], [120.0507459, 26.1720657], [120.0546882, 26.1754965], [120.0582492, 26.179248], [120.0618109, 26.1838844], [120.0644512, 26.1882052], [120.0666219, 26.1927315], [120.0683032, 26.1974223], [120.0713229, 26.2121709], [120.0719104, 26.2170692], [120.0719198, 26.2226011], [120.0722638, 26.2261403], [120.0730395, 26.2294185], [120.073627, 26.2343161], [120.0736927, 26.2392414], [120.0733736, 26.2426736], [120.0736927, 26.2497111], [120.0732363, 26.2546191], [120.0720806, 26.2601505], [120.0705249, 26.2648733], [120.0691368, 26.2679682], [120.0670917, 26.2750328], [120.0650425, 26.2796011], [120.0625183, 26.2839738], [120.0590813, 26.2886811], [120.0548724, 26.2931876], [120.0530155, 26.2993505], [120.0509663, 26.3039177], [120.048442, 26.3082896], [120.0450051, 26.3129959], [120.0415452, 26.3168184], [120.0376957, 26.3203286], [120.0334913, 26.3234949], [120.0283008, 26.3266556], [120.0169448, 26.3323774], [120.0131534, 26.3338123], [120.0184237, 26.3390442], [120.0219855, 26.3436742], [120.0246258, 26.3479891], [120.0267964, 26.3525091], [120.0284778, 26.3571935], [120.0297809, 26.3626936], [120.0303959, 26.3696475], [120.0314974, 26.3665411], [120.0336844, 26.3620279], [120.0363403, 26.3577213], [120.0394411, 26.3536602], [120.0434934, 26.3493667], [120.047448, 26.3459525], [120.0517469, 26.3428905], [120.0563511, 26.3402085], [120.0619334, 26.3376397], [120.0670484, 26.3358491], [120.0723303, 26.3345024], [120.077731, 26.3336117], [120.0832017, 26.3331852], [120.0894654, 26.3332266], [120.0949274, 26.3337357], [120.1003106, 26.3347078], [120.1055664, 26.336134], [120.110647, 26.3380015], [120.1155066, 26.3402934], [120.1201011, 26.3429887], [120.1243889, 26.3460632], [120.1283312, 26.3494889], [120.1318922, 26.3532348], [120.1354539, 26.3578642], [120.1380943, 26.3621786], [120.1402649, 26.3666981], [120.1419463, 26.3713818], [120.1432493, 26.3768813], [120.1438368, 26.3817727], [120.1439025, 26.3866917], [120.1434461, 26.3915939], [120.1422904, 26.3971187], [120.1407347, 26.401836], [120.1386855, 26.4063992], [120.1361613, 26.4107672], [120.1327244, 26.4154694], [120.1292645, 26.4192884], [120.1254149, 26.4227955], [120.1212105, 26.425959], [120.11602, 26.429117], [120.1111872, 26.4314519], [120.1061283, 26.4333649], [120.1008893, 26.4348386], [120.0947422, 26.435968], [120.0892785, 26.4364608], [120.0822308, 26.4364517], [120.0767689, 26.4359431], [120.0713857, 26.4349718], [120.0653923, 26.4333069], [120.0603404, 26.4313792], [120.0555161, 26.4290302], [120.0509629, 26.4262811], [120.0461441, 26.4226815], [120.0423073, 26.4191632], [120.0388612, 26.4153341], [120.0358372, 26.4112288], [120.032933, 26.4062467], [120.0309003, 26.4016775], [120.0293617, 26.3969558], [120.0283312, 26.3921242], [120.0277955, 26.3860465], [120.025893, 26.3916494], [120.0238438, 26.3962131], [120.0213195, 26.4005814], [120.0178826, 26.405284], [120.0144227, 26.4091034], [120.0105732, 26.4126108], [120.0063688, 26.4157746], [120.0011783, 26.4189328], [119.9956588, 26.4215755], [119.9893799, 26.4238318], [119.9826388, 26.4281565], [119.9747192, 26.4316588], [119.973547, 26.4373594], [119.9719913, 26.442075], [119.9700708, 26.4463502], [119.977487, 26.4442583], [119.9828878, 26.4433685], [119.9883585, 26.4429423], [119.9938497, 26.4429837], [119.9993117, 26.4434923], [120.0046949, 26.4444635], [120.0080886, 26.4453835], [120.012506, 26.4442583], [120.0244298, 26.4424463], [120.0299006, 26.4420201], [120.0353918, 26.4420615], [120.0408537, 26.4425701], [120.046237, 26.4435413], [120.0580159, 26.4468106], [120.0609776, 26.4478982], [120.0640898, 26.4484596], [120.0786152, 26.4523435], [120.0858124, 26.4552063], [120.0913072, 26.4501647], [120.0956061, 26.4471055], [120.1002103, 26.4444259], [120.1109424, 26.4397075], [120.1160575, 26.4379186], [120.1213393, 26.436573], [120.12674, 26.4356831], [120.1322108, 26.435257], [120.137702, 26.4352984], [120.1431639, 26.435807], [120.1485472, 26.4367782], [120.1538029, 26.4382032], [120.1588836, 26.4400691], [120.1637432, 26.4423589], [120.1683377, 26.4450519], [120.1791486, 26.4533492], [120.1830909, 26.4567717], [120.1866519, 26.4605141], [120.1902136, 26.4651392], [120.1928539, 26.4694495], [120.1950246, 26.4739649], [120.196706, 26.4786443], [120.199039, 26.4890552], [120.1996264, 26.4939418], [120.1996922, 26.4988561], [120.1985491, 26.5086692], [120.1971853, 26.514819], [120.2001744, 26.5206682], [120.2011143, 26.523283], [120.2063498, 26.5296634], [120.2089901, 26.5339714], [120.2111608, 26.5384841], [120.2128421, 26.5431609], [120.2141452, 26.5486522], [120.2147614, 26.5556855], [120.2159199, 26.5608053], [120.2176486, 26.5655796], [120.2190099, 26.5715533], [120.2203952, 26.5754056], [120.2216983, 26.5808953], [120.2222857, 26.585778], [120.2226948, 26.5995913], [120.2222383, 26.6044844], [120.2197094, 26.615831], [120.2181537, 26.6205393], [120.2161045, 26.6250939], [120.2135803, 26.6294535], [120.2101433, 26.6341467], [120.2066835, 26.6379585], [120.1959674, 26.6472894], [120.1892593, 26.651967], [120.1883065, 26.6584328], [120.1956722, 26.6616368], [120.2002667, 26.6643246], [120.2045545, 26.6673905], [120.2084967, 26.6708067], [120.2120578, 26.6745421], [120.2156195, 26.6791586], [120.2182598, 26.6834609], [120.2204305, 26.6879678], [120.2221118, 26.6926384], [120.2234149, 26.6981225], [120.2240023, 26.7030002], [120.2240681, 26.7079055], [120.2236116, 26.7127939], [120.222456, 26.7183033], [120.2209003, 26.7230074], [120.2188511, 26.7275578], [120.2163269, 26.7319136], [120.2123892, 26.7371537], [120.2112873, 26.7404852], [120.2086506, 26.7460485], [120.2072401, 26.7498197], [120.2100201, 26.7543002], [120.2121907, 26.7588043], [120.2138721, 26.763472], [120.2145326, 26.76625], [120.2159673, 26.7692267], [120.2176486, 26.7738941], [120.2189517, 26.7793742], [120.2195391, 26.7842484], [120.2196049, 26.7891502], [120.2191484, 26.7940352], [120.2185241, 26.7970093], [120.2185749, 26.8007956], [120.2181185, 26.8056801], [120.2155895, 26.8179259], [120.2140339, 26.8226258], [120.2127419, 26.8254922], [120.2141698, 26.8257489], [120.2211294, 26.8256762], [120.2265914, 26.826183], [120.2319746, 26.8271509], [120.2372303, 26.8285711], [120.242311, 26.8304306], [120.2471706, 26.8327126], [120.2503763, 26.8345851], [120.2564403, 26.8373078], [120.2610348, 26.8399915], [120.2653226, 26.8430527], [120.2692649, 26.8464636], [120.2728259, 26.8501932], [120.2763876, 26.8548025], [120.2790279, 26.8590982], [120.2811986, 26.8635981], [120.28288, 26.8682616], [120.2838518, 26.8723453], [120.288844, 26.8752148], [120.291182, 26.8768835], [120.298379, 26.8761756], [120.3038702, 26.8762168], [120.3158553, 26.877336], [120.3198665, 26.8780569], [120.3302909, 26.8742333], [120.3355727, 26.8728929], [120.3409734, 26.8720065], [120.3539973, 26.8709694], [120.3594885, 26.8710107], [120.3649504, 26.8715174], [120.3703336, 26.8724849], [120.3755894, 26.8739044], [120.3806701, 26.8757632], [120.3912121, 26.8801963], [120.3968794, 26.8807045], [120.4022627, 26.881672], [120.4133549, 26.8843163], [120.4184356, 26.8861749], [120.4232952, 26.8884557], [120.4278897, 26.8911382], [120.4321775, 26.894198], [120.4361197, 26.8976073], [120.4396808, 26.9013353], [120.4432425, 26.9059426], [120.4458828, 26.9102363], [120.4480535, 26.9147341], [120.4497348, 26.9193955], [120.4507292, 26.9235721], [120.4573551, 26.9204115], [120.4624701, 26.91863], [120.4729018, 26.9160656], [120.4783025, 26.9151795], [120.4837733, 26.9147551], [120.4892645, 26.9147964], [120.4947264, 26.9153028], [120.5001097, 26.91627], [120.5053654, 26.917689], [120.5104461, 26.919547], [120.5153057, 26.9218272], [120.5199002, 26.9245089], [120.524188, 26.9275678], [120.5281302, 26.9309761], [120.5316913, 26.934703], [120.535253, 26.9393089], [120.5378933, 26.9436013], [120.5393963, 26.9467149], [120.5426998, 26.9518645], [120.5448705, 26.9563607], [120.5465518, 26.9610204], [120.5478549, 26.9664915], [120.5484423, 26.9713576], [120.5485081, 26.9762513], [120.5477083, 26.9890827], [120.5465526, 26.9945786], [120.544997, 26.9992712], [120.5429478, 27.0038106], [120.5404236, 27.0081557], [120.5369866, 27.0128333], [120.5335267, 27.0166323], [120.5296772, 27.0201211], [120.5254728, 27.023268], [120.5182552, 27.0273837], [120.5151731, 27.0296904], [120.5099826, 27.0328317], [120.5051497, 27.0351543], [120.5000909, 27.0370572], [120.4948519, 27.0385231], [120.4887048, 27.0396465], [120.4814438, 27.0401341], [120.473628, 27.041054], [120.4673528, 27.041045], [120.4618909, 27.040539], [120.4565077, 27.039573], [120.4505143, 27.0379168], [120.4454624, 27.0359994], [120.4406381, 27.0336628], [120.4299051, 27.0275643], [120.4250863, 27.0239836], [120.4212495, 27.0204839], [120.4178034, 27.0166749], [120.4134084, 27.0102518], [120.4080804, 27.0122845], [120.4028414, 27.0137507], [120.3966943, 27.0148744], [120.3893902, 27.015362], [120.3853647, 27.0160978], [120.3811579, 27.0164753], [120.3747781, 27.0190134], [120.3626726, 27.0226205], [120.3565255, 27.0237441], [120.3510618, 27.0242343], [120.3453053, 27.0242259], [120.3460393, 27.0275435], [120.3475098, 27.0317376], [120.3497503, 27.0365364], [120.3564005, 27.0359192], [120.3618917, 27.0359603], [120.3660315, 27.0363438], [120.3715067, 27.0359192], [120.3794152, 27.0361843], [120.3883276, 27.0359603], [120.3937895, 27.0364663], [120.3991728, 27.0374324], [120.4044285, 27.0388499], [120.4095092, 27.0407059], [120.4143688, 27.0429837], [120.4197149, 27.0461981], [120.4230685, 27.0477699], [120.426332, 27.048962], [120.4312356, 27.0512652], [120.4390349, 27.0538542], [120.4438945, 27.0561317], [120.448489, 27.0588102], [120.4527768, 27.0618654], [120.4632422, 27.071384], [120.4668033, 27.0751062], [120.470365, 27.0797063], [120.4730053, 27.0839934], [120.4767662, 27.0921747], [120.4820547, 27.0922143], [120.4902944, 27.0928257], [120.4957564, 27.0933313], [120.5011396, 27.0942969], [120.5063954, 27.0957137], [120.511476, 27.0975688], [120.5170596, 27.1002673], [120.5247271, 27.1016693], [120.5328352, 27.1021948], [120.5382185, 27.1031603], [120.5434742, 27.104577], [120.5485549, 27.1064319], [120.5534145, 27.1087083], [120.558009, 27.1113856], [120.5639792, 27.1158915], [120.5683087, 27.1184141], [120.5725965, 27.1214677], [120.5765387, 27.1248702], [120.5805075, 27.1291169], [120.5861518, 27.1337311], [120.5897128, 27.1374513], [120.5932745, 27.1420489], [120.5959148, 27.1463335], [120.5980855, 27.150822], [120.5997669, 27.1554735], [120.6010699, 27.1609351], [120.6016574, 27.1657929], [120.6017231, 27.1706781], [120.6012667, 27.1755465], [120.600111, 27.1810333], [120.5985553, 27.1857181], [120.5931288, 27.1977675], [120.5967948, 27.2009293], [120.6003558, 27.2046472], [120.6042621, 27.2098009], [120.6072223, 27.2128912], [120.610784, 27.2174857], [120.6134243, 27.2217675], [120.615595, 27.2262529], [120.6172763, 27.2309013], [120.6185794, 27.2363592], [120.6191668, 27.2412136], [120.6192326, 27.2460955], [120.6187761, 27.2509606], [120.6176205, 27.2564438], [120.6160648, 27.2611254], [120.6140156, 27.2656541], [120.6102028, 27.2717387], [120.6121573, 27.2742587], [120.6147976, 27.2785383], [120.6169683, 27.2830214], [120.6186496, 27.2876674], [120.6230938, 27.2910823], [120.6275548, 27.2942303], [120.6333822, 27.2995497], [120.6366529, 27.3018574], [120.640757, 27.3053677], [120.6449629, 27.3097822], [120.6467299, 27.3120747], [120.6599307, 27.3138864], [120.6654104, 27.3152691], [120.6707174, 27.3171083], [120.6765094, 27.3197477], [120.681287, 27.3225038], [120.685748, 27.3256509], [120.6898522, 27.3291604], [120.694058, 27.333574], [120.6972768, 27.3377491], [120.7000342, 27.3421768], [120.7057385, 27.3550506], [120.7075028, 27.3598612], [120.7087442, 27.3647986], [120.7094515, 27.3698183], [120.7096174, 27.3748473], [120.7104813, 27.3804892], [120.7106119, 27.3859862], [120.7115112, 27.3917684], [120.7116781, 27.3968239], [120.7112052, 27.4025878], [120.7099113, 27.410154], [120.7116847, 27.4134404], [120.7144427, 27.4170153], [120.7172001, 27.4214399], [120.7184285, 27.4239478], [120.7220751, 27.4289103], [120.7256435, 27.4326516], [120.7302756, 27.4390904], [120.7328533, 27.4417928], [120.7360721, 27.4459637], [120.7422627, 27.455871], [120.7455638, 27.4626391], [120.747328, 27.4674449], [120.7485694, 27.4723776], [120.7492767, 27.4773924], [120.7494436, 27.482444], [120.7488136, 27.488993], [120.7517361, 27.4920555], [120.7549548, 27.4962245], [120.7597722, 27.5043002], [120.7620433, 27.5089338], [120.7638075, 27.5137376], [120.7650489, 27.5186682], [120.7657811, 27.524433], [120.7686877, 27.5281967], [120.7714451, 27.5326169], [120.7737162, 27.5372492], [120.7754805, 27.5420518], [120.7767219, 27.5469811], [120.7774292, 27.5519926], [120.777596, 27.5570407], [120.7771232, 27.5627962], [120.776133, 27.5677691], [120.7746141, 27.5726358], [120.7725802, 27.5773523], [120.769649, 27.582504], [120.7665793, 27.5867571], [120.7630674, 27.5907321], [120.759145, 27.5943932], [120.7542055, 27.5981504], [120.7495276, 27.6010312], [120.744562, 27.6035047], [120.7393534, 27.6055487], [120.730403, 27.6078641], [120.7329085, 27.6141744], [120.7341499, 27.6191005], [120.7348572, 27.6241086], [120.7349597, 27.6272069], [120.7376128, 27.6415126], [120.7400706, 27.6470927], [120.7422137, 27.6533934], [120.7448771, 27.6586487], [120.7458968, 27.6614214], [120.7517414, 27.6633901], [120.7558071, 27.6652369], [120.7591385, 27.6608254], [120.7613981, 27.6584079], [120.7604822, 27.6543912], [120.7592423, 27.6423744], [120.7592304, 27.6373281], [120.75976, 27.6323034], [120.761022, 27.6266456], [120.7626896, 27.6218197], [120.7648675, 27.6171559], [120.7682225, 27.6114795], [120.7718414, 27.6066849], [120.775474, 27.6027965], [120.7795072, 27.5992317], [120.7839046, 27.5960226], [120.7893248, 27.5928279], [120.7943645, 27.5904747], [120.7996339, 27.5885567], [120.8050851, 27.5870913], [120.8106687, 27.5860917], [120.8163343, 27.5855671], [120.8220305, 27.5855223], [120.8277057, 27.5859575], [120.8333085, 27.5868689], [120.8387882, 27.5882481], [120.8440952, 27.5900828], [120.8498872, 27.5927156], [120.8546648, 27.595465], [120.8591258, 27.5986043], [120.86323, 27.6021051], [120.8688051, 27.6082795], [120.8714855, 27.6101655], [120.8772216, 27.6153742], [120.8789581, 27.6130737], [120.8825907, 27.6091855], [120.8866239, 27.6056208], [120.8972011, 27.5981524], [120.9026213, 27.5949578], [120.9076611, 27.5926046], [120.9129304, 27.5906867], [120.9249047, 27.5873956], [120.9304884, 27.586396], [120.9361539, 27.5858714], [120.9418501, 27.5858266], [120.9475253, 27.5862618], [120.9531281, 27.5871731], [120.9586079, 27.5885524], [120.9639148, 27.5903871], [120.9697069, 27.5930199], [120.9735409, 27.5952263], [120.9812806, 27.5963014], [120.9867603, 27.5976806], [120.9920673, 27.5995151], [120.9974946, 27.6019819], [121.0009504, 27.5989274], [121.0053478, 27.5957183], [121.010768, 27.5925236], [121.0158077, 27.5901704], [121.0225652, 27.5878523], [121.0306901, 27.5846009], [121.0361413, 27.5831354], [121.0417249, 27.5821359], [121.0473905, 27.5816113], [121.0616698, 27.5812621], [121.067345, 27.5816973], [121.0749536, 27.5829293], [121.0785414, 27.5797575], [121.0829387, 27.5765479], [121.0883589, 27.5733526], [121.0933987, 27.570999], [121.098668, 27.5690807], [121.1041192, 27.567615], [121.1097028, 27.5666153], [121.1153684, 27.5660906], [121.1210646, 27.5660457], [121.1267398, 27.566481], [121.1323426, 27.5673925], [121.1378223, 27.5687721], [121.1431293, 27.570607], [121.1489214, 27.5732404], [121.1529177, 27.5755405], [121.1599906, 27.5735949], [121.1660228, 27.5689396], [121.171443, 27.5657441], [121.1764828, 27.5633904], [121.1893052, 27.5584283], [121.1947564, 27.5569624], [121.20034, 27.5559626], [121.2060056, 27.5554379], [121.2117018, 27.555393], [121.2168459, 27.5557876], [121.2230314, 27.5556974], [121.2287067, 27.5561327], [121.2343095, 27.5570443], [121.2397892, 27.558424], [121.2450962, 27.5602592], [121.2508882, 27.5628927], [121.2556658, 27.5656428], [121.2604723, 27.5689906], [121.2649333, 27.5721307], [121.2690375, 27.5756323], [121.2732433, 27.5800361], [121.2764621, 27.5842018], [121.2792195, 27.5886197], [121.2814906, 27.5932497], [121.2832548, 27.5980498], [121.2844962, 27.6029766], [121.2852036, 27.6079855], [121.2857137, 27.6206362], [121.2852408, 27.6263884], [121.2842507, 27.6313584], [121.2827318, 27.6362223], [121.2806979, 27.6409361], [121.2777666, 27.6460847], [121.274697, 27.6503354], [121.2716083, 27.6538293], [121.2678103, 27.6609859], [121.2647406, 27.6652359], [121.2612287, 27.6692081], [121.2555678, 27.6741881], [121.2529539, 27.6785518], [121.251833, 27.6821396], [121.2497991, 27.6868514], [121.2468679, 27.6919979], [121.2420159, 27.698262], [121.2438986, 27.7049272], [121.2446059, 27.7099314], [121.2447727, 27.7149722], [121.2442999, 27.7207195], [121.2433097, 27.7256852], [121.2417908, 27.7305449], [121.2397569, 27.7352546], [121.2368257, 27.7403988], [121.233756, 27.7446458], [121.2302441, 27.7486151], [121.2263217, 27.7522709], [121.2213822, 27.7560227], [121.2141271, 27.7601812], [121.2133423, 27.766236], [121.2251019, 27.7673176], [121.2307048, 27.7682274], [121.2361845, 27.7696044], [121.2414915, 27.771436], [121.2524333, 27.7763427], [121.2572109, 27.7790875], [121.2616719, 27.7822215], [121.2657761, 27.7857164], [121.2699819, 27.7901117], [121.2732007, 27.7942694], [121.2759581, 27.7986788], [121.2782292, 27.8032999], [121.2799934, 27.8080908], [121.2812349, 27.8130082], [121.2819422, 27.8180074], [121.282109, 27.8230432], [121.2816361, 27.8287847], [121.2799593, 27.8373887], [121.2784404, 27.8422434], [121.2764065, 27.8469483], [121.2734753, 27.8520872], [121.2704056, 27.8563298], [121.2668937, 27.8602951], [121.2629713, 27.8639471], [121.2580318, 27.867695], [121.2533539, 27.8705686], [121.2499458, 27.8722622], [121.2490603, 27.8766968], [121.2475414, 27.8815497], [121.2455075, 27.8862529], [121.2425762, 27.89139], [121.236245, 27.8997272], [121.2327331, 27.9036909], [121.2288107, 27.9073414], [121.2238712, 27.9110879], [121.2191933, 27.9139603], [121.2154035, 27.9158427], [121.2140349, 27.922596], [121.2223636, 27.9278256], [121.2297026, 27.9333626], [121.2329182, 27.9348677], [121.2401182, 27.9371714], [121.2427589, 27.938368], [121.2487012, 27.9403562], [121.2625614, 27.9464684], [121.2686715, 27.9500973], [121.2720752, 27.9506491], [121.2775549, 27.9520238], [121.2828618, 27.9538523], [121.2886539, 27.9564764], [121.2934315, 27.9592166], [121.2978925, 27.9623454], [121.3080048, 27.9712926], [121.3122106, 27.9756803], [121.3154294, 27.9798309], [121.3181868, 27.9842327], [121.32162, 27.989993], [121.3238911, 27.9946059], [121.3270287, 28.0024197], [121.3282701, 28.0073283], [121.3289774, 28.0123185], [121.3291442, 28.0173453], [121.3286713, 28.0230765], [121.3281189, 28.0258394], [121.3313507, 28.0285853], [121.3355566, 28.0329707], [121.3407689, 28.0399365], [121.3422677, 28.0398386], [121.3454264, 28.032365], [121.3485685, 28.0272973], [121.3497717, 28.0238283], [121.3519496, 28.0191817], [121.3546179, 28.0147387], [121.3616701, 28.0051121], [121.3653027, 28.0012379], [121.3693359, 27.9976861], [121.3737333, 27.9944887], [121.3791535, 27.9913057], [121.3841932, 27.9889611], [121.3932391, 27.9856859], [121.3986903, 27.9842258], [121.4042739, 27.9832299], [121.4099395, 27.9827072], [121.4156357, 27.9826625], [121.4213109, 27.9830961], [121.4269137, 27.9840042], [121.4323934, 27.9853784], [121.4377004, 27.9872064], [121.4434924, 27.9898297], [121.44827, 27.992569], [121.4527311, 27.9956969], [121.4568352, 27.9991849], [121.4610411, 28.0035715], [121.467693, 28.0116614], [121.4704504, 28.016062], [121.4727215, 28.0206738], [121.4748656, 28.0269567], [121.4821177, 28.0248443], [121.4877014, 28.0238488], [121.4933669, 28.0233263], [121.4998578, 28.0233423], [121.5067073, 28.020697], [121.5121584, 28.0192374], [121.5177421, 28.0182419], [121.5234077, 28.0177194], [121.5291039, 28.0176747], [121.5347791, 28.0181082], [121.5403819, 28.0190159], [121.5458616, 28.0203897], [121.5554601, 28.0237324], [121.5612521, 28.0263548], [121.5660297, 28.0290932], [121.5704908, 28.03222], [121.5745949, 28.0357069], [121.5788008, 28.040092], [121.5820195, 28.0442401], [121.5847769, 28.0486393], [121.587048, 28.0532497], [121.5888123, 28.0580296], [121.5900537, 28.0629356], [121.590761, 28.0679232], [121.5909278, 28.0729474], [121.5904549, 28.0786757], [121.5886065, 28.08938], [121.5869714, 28.0944914], [121.5883577, 28.1065417], [121.5885246, 28.1115641], [121.5880517, 28.1172903], [121.5870615, 28.1222379], [121.5855426, 28.1270798], [121.5835087, 28.1317722], [121.5805775, 28.1368976], [121.5775078, 28.141129], [121.5739959, 28.1450838], [121.5700735, 28.1487261], [121.565134, 28.1524642], [121.5604562, 28.1553302], [121.5554905, 28.1577911], [121.5502819, 28.1598247], [121.5440926, 28.1616021], [121.5390771, 28.162558], [121.5357941, 28.1671613], [121.5322822, 28.1711151], [121.5283598, 28.1747566], [121.5234203, 28.1784938], [121.5187424, 28.1813591], [121.5137768, 28.1838194], [121.5085682, 28.1858525], [121.5023789, 28.1876295], [121.4968111, 28.1886903], [121.4911541, 28.1892798], [121.4846454, 28.1893698], [121.4789702, 28.1889371], [121.4750589, 28.1882801], [121.4767174, 28.1927677], [121.4779588, 28.1976676], [121.4796961, 28.2099103], [121.4798629, 28.2149278], [121.4792484, 28.2213555], [121.4829882, 28.2276515], [121.4908673, 28.2375387], [121.493654, 28.2419892], [121.496377, 28.2385208], [121.4994067, 28.2314323], [121.502075, 28.2269981], [121.505694, 28.2222307], [121.5093266, 28.2183644], [121.5133598, 28.2148197], [121.5195208, 28.2105952], [121.5263402, 28.2052753], [121.5317604, 28.2020985], [121.5368002, 28.1997586], [121.5420695, 28.1978513], [121.5475207, 28.1963942], [121.5531043, 28.1954002], [121.5587699, 28.1948786], [121.5671017, 28.1950349], [121.5704429, 28.1947273], [121.5771948, 28.1947632], [121.5793529, 28.194379], [121.5829693, 28.1905289], [121.5870025, 28.1869834], [121.5913999, 28.1837916], [121.5968201, 28.1806142], [121.6018598, 28.1782738], [121.6071292, 28.1763662], [121.6118205, 28.1751119], [121.6157644, 28.1732802], [121.6237215, 28.1706538], [121.6303556, 28.1673784], [121.635625, 28.1654706], [121.6410761, 28.164013], [121.6497497, 28.1625648], [121.6554153, 28.162043], [121.6611115, 28.1619983], [121.6719365, 28.1628852], [121.6775393, 28.1637918], [121.683019, 28.1651637], [121.688326, 28.1669886], [121.6941181, 28.1696075], [121.6988956, 28.1723422], [121.7033567, 28.1754649], [121.7074608, 28.1789471], [121.7116667, 28.1833264], [121.7148854, 28.1874689], [121.7181959, 28.1929836], [121.7254049, 28.1952841], [121.7311969, 28.1979022], [121.7359745, 28.2006363], [121.7404355, 28.2037581], [121.7445397, 28.2072393], [121.7487455, 28.2116175], [121.7519643, 28.2157589], [121.7536903, 28.2185082], [121.7596927, 28.2211981], [121.7644703, 28.2239316], [121.7689313, 28.2270527], [121.7730354, 28.2305332], [121.7774986, 28.2349192], [121.7817045, 28.2392962], [121.7849232, 28.2434366], [121.7876807, 28.2478276], [121.7899518, 28.2524294], [121.791716, 28.2572004], [121.7934724, 28.264214], [121.7941797, 28.2691923], [121.7943466, 28.2742071], [121.7938737, 28.2799245], [121.7928835, 28.2848646], [121.7913646, 28.2896991], [121.7893307, 28.2943844], [121.7863995, 28.299502], [121.7833298, 28.3037269], [121.7798179, 28.3076757], [121.7758955, 28.3113125], [121.770956, 28.3150449], [121.7662781, 28.3179066], [121.7613125, 28.3203637], [121.7561039, 28.3223942], [121.7499146, 28.3241689], [121.7443468, 28.3252284], [121.7386898, 28.3258172], [121.7298412, 28.3257289], [121.7295379, 28.3260698], [121.7350459, 28.3269597], [121.7405256, 28.3283295], [121.7458326, 28.3301516], [121.7567745, 28.335184], [121.761552, 28.3379145], [121.7660131, 28.3410323], [121.7701172, 28.3445091], [121.7743231, 28.3488816], [121.7775418, 28.3530177], [121.7802992, 28.3574042], [121.7825703, 28.3620013], [121.7843346, 28.3667674], [121.785576, 28.3716592], [121.7869699, 28.3811634], [121.7871368, 28.3861729], [121.7866639, 28.3918844], [121.7848154, 28.4002923], [121.7832965, 28.4051216], [121.7812626, 28.4098018], [121.7783314, 28.4149138], [121.773152, 28.4215037], [121.7706196, 28.4277678], [121.7676884, 28.432879], [121.7646187, 28.4370986], [121.7611068, 28.4410424], [121.7571844, 28.4446747], [121.7522449, 28.4484023], [121.7458504, 28.452166], [121.7408848, 28.45462], [121.7356762, 28.456648], [121.7271075, 28.4588726], [121.7267541, 28.4631386], [121.7257639, 28.4680701], [121.724245, 28.4728964], [121.7194645, 28.4846652], [121.7165333, 28.4897736], [121.7093437, 28.5001764], [121.7058318, 28.5041178], [121.7009071, 28.5089276], [121.7032628, 28.5137037], [121.705027, 28.518463], [121.7062684, 28.5233478], [121.7078465, 28.532173], [121.709015, 28.5367704], [121.7097223, 28.5417359], [121.7098892, 28.5467377], [121.7094163, 28.5524405], [121.7084261, 28.5573679], [121.7069072, 28.56219], [121.7048733, 28.5668633], [121.7019421, 28.5719677], [121.6988724, 28.5761817], [121.6926139, 28.5834367], [121.6886916, 28.587064], [121.683752, 28.5907867], [121.6790742, 28.5936409], [121.6741085, 28.5960917], [121.6689, 28.5981169], [121.6644368, 28.5997748], [121.6582474, 28.6015448], [121.6526796, 28.6026015], [121.6470226, 28.6031887], [121.6420259, 28.6032576], [121.6390293, 28.6061736], [121.6380969, 28.6083151], [121.6351656, 28.6134175], [121.6333883, 28.6158566], [121.6311152, 28.6202491], [121.6301744, 28.6232343], [121.6281405, 28.6279048], [121.6214327, 28.6396354], [121.6163166, 28.6473297], [121.622724, 28.6490345], [121.6273044, 28.6493823], [121.6329072, 28.6502847], [121.6383869, 28.6516504], [121.6495578, 28.6552989], [121.6565965, 28.6563103], [121.6620762, 28.6576759], [121.6673832, 28.6594923], [121.6756062, 28.6634841], [121.6780262, 28.6643124], [121.6898228, 28.6695279], [121.6943497, 28.6632779], [121.6979822, 28.6594276], [121.7020155, 28.6558977], [121.7081737, 28.6516924], [121.7109419, 28.6492696], [121.7162811, 28.645542], [121.7197555, 28.640983], [121.7239846, 28.6366098], [121.7254156, 28.6294166], [121.7270833, 28.6246356], [121.7292611, 28.6200152], [121.7319295, 28.6155972], [121.7363955, 28.609949], [121.7363269, 28.6044381], [121.7368565, 28.5994585], [121.7381185, 28.5938516], [121.7397862, 28.589069], [121.7419641, 28.584447], [121.7446324, 28.5800276], [121.7482513, 28.575276], [121.7518839, 28.5714226], [121.7627836, 28.5618591], [121.767181, 28.5586786], [121.7726012, 28.5555124], [121.7776409, 28.5531802], [121.7880601, 28.5491683], [121.7935113, 28.5477159], [121.7990949, 28.5467253], [121.8047605, 28.5462054], [121.8104567, 28.5461609], [121.8161319, 28.5465922], [121.8217347, 28.5474955], [121.8272144, 28.5488625], [121.8325214, 28.5506808], [121.8383134, 28.5532902], [121.843091, 28.5560151], [121.8489845, 28.5603375], [121.8548856, 28.5597759], [121.8605818, 28.5597314], [121.8652341, 28.5600849], [121.8646012, 28.5583324], [121.8571401, 28.5579258], [121.8507457, 28.5568555], [121.8452877, 28.5554232], [121.8400093, 28.5535418], [121.8349585, 28.5512281], [121.8295233, 28.5480816], [121.8251108, 28.5449169], [121.8210608, 28.541398], [121.8174099, 28.5375567], [121.8137684, 28.5328165], [121.811079, 28.5284048], [121.8088792, 28.5237882], [121.8071887, 28.5190085], [121.8059, 28.513402], [121.8053467, 28.5084201], [121.8053348, 28.5034143], [121.8058644, 28.4984299], [121.8076388, 28.4913468], [121.8055858, 28.4879777], [121.803386, 28.4833593], [121.8016956, 28.4785779], [121.8000635, 28.4711584], [121.7995066, 28.4646648], [121.7944075, 28.4595614], [121.7907659, 28.4548178], [121.7880766, 28.4504027], [121.7858767, 28.4457827], [121.7841863, 28.4409996], [121.7828976, 28.4353889], [121.7823442, 28.4304033], [121.7823323, 28.4253938], [121.782862, 28.4204058], [121.784124, 28.4147893], [121.7857916, 28.4099986], [121.7879695, 28.4053688], [121.7906378, 28.4009418], [121.7942567, 28.3961822], [121.7978893, 28.3923222], [121.8019226, 28.3887833], [121.8063199, 28.3855977], [121.8206665, 28.3775933], [121.8257063, 28.3752572], [121.8309756, 28.3733531], [121.8388131, 28.3714742], [121.8436951, 28.3646172], [121.8473276, 28.360756], [121.8513609, 28.3572161], [121.8557582, 28.3540295], [121.8611784, 28.3508571], [121.8660433, 28.3486015], [121.8714781, 28.3454184], [121.8765179, 28.3430816], [121.8817872, 28.3411769], [121.8944482, 28.3379086], [121.9000318, 28.336916], [121.9056974, 28.3363951], [121.9113936, 28.3363505], [121.9170688, 28.3367827], [121.9226716, 28.3376878], [121.9281513, 28.3390575], [121.9334583, 28.3408794], [121.9392503, 28.343494], [121.9440279, 28.3462243], [121.9484889, 28.3493418], [121.9525931, 28.3528184], [121.9567989, 28.3571905], [121.9600177, 28.3613263], [121.9628875, 28.36594], [121.9675708, 28.3715977], [121.9703282, 28.3759834], [121.9725993, 28.3805797], [121.9743635, 28.385345], [121.9756049, 28.3902359], [121.9763123, 28.3952083], [121.9764791, 28.4002171], [121.9760062, 28.4059278], [121.9750161, 28.410862], [121.9734972, 28.4156908], [121.9714633, 28.4203706], [121.968532, 28.4254821], [121.9663419, 28.4284929], [121.9686007, 28.4313935], [121.9713582, 28.4357768], [121.9736293, 28.4403705], [121.9753935, 28.445133], [121.9766349, 28.4500212], [121.9773422, 28.4549908], [121.9775091, 28.4599968], [121.9763495, 28.4717404], [121.9753594, 28.4766715], [121.9738405, 28.4814973], [121.9725065, 28.4845647], [121.973545, 28.4886523], [121.9742523, 28.4936201], [121.9744192, 28.4986242], [121.9744192, 28.50315], [121.9739463, 28.5088551], [121.9726367, 28.5147992], [121.9751347, 28.5187671], [121.9774058, 28.5233572], [121.9791701, 28.5281159], [121.9804115, 28.5330003], [121.9811188, 28.537966], [121.9812856, 28.542968], [121.9808127, 28.548671], [121.9798226, 28.5535985], [121.9783037, 28.5584208], [121.9762698, 28.5630943], [121.9733385, 28.5681988], [121.9702689, 28.5724131], [121.9667569, 28.5763518], [121.9628346, 28.5799794], [121.9578951, 28.5837023], [121.9532172, 28.5865567], [121.9482515, 28.5890077], [121.943043, 28.591033], [121.9368536, 28.5928032], [121.9312858, 28.59386], [121.9256288, 28.5944473], [121.9203532, 28.59452], [121.9224742, 28.5990444], [121.9242384, 28.6037997], [121.9254798, 28.6086806], [121.9261871, 28.6136427], [121.926354, 28.6186411], [121.9260804, 28.6219385], [121.9299517, 28.6241451], [121.9344127, 28.6272544], [121.9385168, 28.6307218], [121.9427227, 28.6350824], [121.9459414, 28.6392074], [121.9486989, 28.643582], [121.95097, 28.6481667], [121.9527342, 28.6529198], [121.953901, 28.6575053], [121.9588589, 28.6625], [121.9617988, 28.6662666], [121.9666872, 28.6690384], [121.9711482, 28.6721464], [121.9752524, 28.6756123], [121.9794582, 28.6799711], [121.982677, 28.6840943], [121.9854344, 28.6884671], [121.9877055, 28.6930498], [121.9888591, 28.6961565], [121.9921687, 28.7023854], [121.9939329, 28.7071361], [121.9951743, 28.7120122], [121.9958817, 28.7169694], [121.9960485, 28.7219629], [121.9955756, 28.7276562], [121.9945855, 28.7325753], [121.9930666, 28.7373894], [121.9882858, 28.7483767], [121.9875734, 28.7506341], [121.9855395, 28.755299], [121.9826083, 28.7603942], [121.9795386, 28.7646007], [121.9760267, 28.7685323], [121.9721043, 28.7721532], [121.9673373, 28.7757395], [121.9656007, 28.7816324], [121.9635668, 28.7862958], [121.9606356, 28.7913896], [121.9575659, 28.7955948], [121.954054, 28.7995252], [121.9501317, 28.8031451], [121.9451921, 28.80686], [121.9405143, 28.8097084], [121.9355486, 28.8121541], [121.9298411, 28.8143175], [121.9281786, 28.8198408], [121.9247855, 28.8268636], [121.9220248, 28.8338265], [121.9190935, 28.8389179], [121.914147, 28.8452208], [121.9138648, 28.848614], [121.9128746, 28.8535274], [121.9113557, 28.8583359], [121.9093218, 28.862996], [121.9063906, 28.8680859], [121.9033209, 28.8722881], [121.899809, 28.8762156], [121.8958867, 28.8798328], [121.8909472, 28.883545], [121.8862693, 28.8863912], [121.8813036, 28.8888352], [121.8760951, 28.8908547], [121.8699057, 28.8926198], [121.8643379, 28.8936736], [121.8586809, 28.8942592], [121.8521723, 28.8943486], [121.8464971, 28.8939187], [121.8401027, 28.8928518], [121.8346447, 28.8914242], [121.8310356, 28.8901419], [121.8299267, 28.8946541], [121.8310867, 28.9013778], [121.8312536, 28.9063624], [121.8308947, 28.9106754], [121.8375978, 28.9142554], [121.8420589, 28.9173562], [121.846163, 28.9208139], [121.8503689, 28.9251624], [121.8535876, 28.9292759], [121.856345, 28.9336384], [121.8586161, 28.9382103], [121.8603804, 28.9429503], [121.8635542, 28.9574354], [121.8703381, 28.9540972], [121.8756074, 28.9522036], [121.8810586, 28.9507569], [121.8866422, 28.9497701], [121.8923078, 28.9492521], [121.898004, 28.9492078], [121.9036792, 28.9496375], [121.909282, 28.9505373], [121.9147617, 28.951899], [121.9200687, 28.9537103], [121.9258607, 28.9563097], [121.9306383, 28.9590241], [121.9350994, 28.9621235], [121.9392035, 28.9655797], [121.9434094, 28.9699264], [121.9466281, 28.9740381], [121.9493855, 28.9783987], [121.9516566, 28.9829686], [121.9531329, 28.9869332], [121.9561176, 28.9879516], [121.9619096, 28.9905501], [121.9659463, 28.9928427], [121.9694639, 28.989774], [121.9738613, 28.9866065], [121.9792815, 28.9834533], [121.9843212, 28.9811306], [121.9895905, 28.9792375], [121.9950417, 28.9777911], [122.0006254, 28.9768046], [122.006291, 28.9762868], [122.0119871, 28.9762425], [122.0176623, 28.976672], [122.0262454, 28.9778734], [122.0318482, 28.978773], [122.037328, 28.9801343], [122.0426349, 28.9819451], [122.048427, 28.9845438], [122.0532045, 28.9872574], [122.0576656, 28.990356], [122.0617697, 28.9938113], [122.0659756, 28.9981568], [122.0691943, 29.0022674], [122.0719517, 29.0066268], [122.0742228, 29.0111955], [122.0759871, 29.015932], [122.0772285, 29.0207936], [122.0779358, 29.0257361], [122.0781026, 29.0307148], [122.0776298, 29.0363912], [122.0766396, 29.0412957], [122.0751207, 29.0460955], [122.0725191, 29.0517311], [122.0726095, 29.0544269], [122.0721366, 29.060102], [122.0711464, 29.0650054], [122.0696275, 29.0698041], [122.0675936, 29.0744546], [122.0654511, 29.0781674], [122.0696003, 29.0791972], [122.0749073, 29.0810063], [122.0806993, 29.0836024], [122.0854769, 29.0863135], [122.0899379, 29.0894091], [122.094042, 29.092861], [122.0982479, 29.0972024], [122.1014667, 29.101309], [122.1042241, 29.1056642], [122.1064952, 29.1102285], [122.1082594, 29.1149606], [122.1094167, 29.1194883], [122.1113493, 29.1245583], [122.1125907, 29.1294147], [122.1133875, 29.1370196], [122.1172595, 29.1417986], [122.1200169, 29.1461521], [122.1219362, 29.1500079], [122.1245978, 29.1522452], [122.1288036, 29.156584], [122.1320224, 29.1606883], [122.1347798, 29.165041], [122.1370509, 29.1696027], [122.1388151, 29.174332], [122.1400565, 29.1791861], [122.1407639, 29.184121], [122.1409307, 29.1890921], [122.1404578, 29.1947597], [122.1394677, 29.1996567], [122.1379488, 29.2044491], [122.1359149, 29.2090935], [122.1323242, 29.2150662], [122.1318748, 29.2214304], [122.1308846, 29.2263261], [122.1293657, 29.2311172], [122.1273318, 29.2357605], [122.1244006, 29.2408321], [122.1213309, 29.2450191], [122.117819, 29.2489324], [122.1138966, 29.2525365], [122.1089571, 29.2562354], [122.1042792, 29.2590713], [122.0983429, 29.2618814], [122.098702, 29.2681892], [122.0982291, 29.2738524], [122.097692, 29.2765066], [122.0980154, 29.2825639], [122.0975425, 29.2882264], [122.0965523, 29.2931189], [122.0950334, 29.2979069], [122.0929995, 29.3025471], [122.0900683, 29.3076154], [122.0818488, 29.3189842], [122.0783368, 29.3228947], [122.0728612, 29.3278808], [122.0744819, 29.3337429], [122.0751892, 29.3386704], [122.0753561, 29.3496192], [122.0748832, 29.3552779], [122.073893, 29.3601672], [122.0723741, 29.3649521], [122.0703402, 29.3695892], [122.067409, 29.3746542], [122.0651991, 29.3776645], [122.0677473, 29.3839555], [122.0689887, 29.3887996], [122.0697299, 29.3947319], [122.0728972, 29.4033987], [122.0741386, 29.4082419], [122.0748459, 29.4131658], [122.0750127, 29.4181257], [122.0745399, 29.4237806], [122.0735497, 29.4286666], [122.0720308, 29.4334482], [122.0699969, 29.4380823], [122.0670657, 29.4431438], [122.063996, 29.4473225], [122.0618092, 29.4497544], [122.0636002, 29.4565129], [122.0688561, 29.4551248], [122.0744398, 29.4541428], [122.0801053, 29.4536274], [122.0858015, 29.4535833], [122.0914767, 29.4540109], [122.0970796, 29.4549063], [122.1025593, 29.4562613], [122.1078663, 29.4580638], [122.1136583, 29.4606503], [122.1181038, 29.4631637], [122.1181018, 29.4548656], [122.1189198, 29.4486563], [122.1175263, 29.4457578], [122.1158359, 29.4410206], [122.1145472, 29.4354638], [122.1139939, 29.4305261], [122.1140728, 29.4247173], [122.1133072, 29.4188638], [122.1132953, 29.4139018], [122.1136683, 29.4104226], [122.1133072, 29.4072001], [122.1132953, 29.4022375], [122.1138249, 29.3972962], [122.1150869, 29.3917324], [122.1167546, 29.3869866], [122.1209924, 29.3779126], [122.1236607, 29.3735269], [122.1272796, 29.3688117], [122.132454, 29.3636475], [122.1360203, 29.3573696], [122.1396393, 29.3526537], [122.1432719, 29.348829], [122.1473051, 29.3453226], [122.1517025, 29.3421661], [122.1571226, 29.3390238], [122.1621624, 29.3367091], [122.1674317, 29.3348226], [122.1728829, 29.3333812], [122.1797554, 29.3322806], [122.1868235, 29.3302154], [122.1948976, 29.3270405], [122.2003487, 29.325599], [122.2059324, 29.3246158], [122.211598, 29.3240997], [122.2204529, 29.3242939], [122.2282805, 29.3240556], [122.2339557, 29.3244837], [122.2395585, 29.3253802], [122.2450382, 29.326737], [122.2503452, 29.3285417], [122.2561372, 29.3311316], [122.2587936, 29.3326353], [122.2657503, 29.3356211], [122.2705278, 29.3383255], [122.2749889, 29.3414135], [122.279093, 29.344857], [122.2832989, 29.3491876], [122.2865176, 29.3532842], [122.289275, 29.3576287], [122.2915461, 29.3621818], [122.2933104, 29.3669022], [122.2959251, 29.3756366], [122.2966324, 29.380562], [122.2967992, 29.3855235], [122.2963264, 29.3911803], [122.2953362, 29.3960678], [122.2938173, 29.400851], [122.2917834, 29.4054865], [122.2892111, 29.4099297], [122.2935285, 29.4129161], [122.2976326, 29.4163572], [122.3018385, 29.4206848], [122.3050572, 29.4247785], [122.3078146, 29.4291199], [122.311459, 29.4365103], [122.3132233, 29.4412273], [122.3144647, 29.4460687], [122.316717, 29.4589128], [122.3168838, 29.4638705], [122.3164109, 29.4695229], [122.3154208, 29.4744067], [122.3139018, 29.4791862], [122.3118679, 29.4838181], [122.3089367, 29.4888774], [122.305867, 29.4930542], [122.3023551, 29.496958], [122.2984328, 29.5005534], [122.2934933, 29.5042432], [122.2888154, 29.5070722], [122.2838497, 29.5095014], [122.2786412, 29.5115088], [122.2633538, 29.5161015], [122.2473283, 29.5189849], [122.240076, 29.5227965], [122.2348675, 29.5248035], [122.2286782, 29.5265578], [122.2231103, 29.527605], [122.2174533, 29.528187], [122.2109447, 29.5282759], [122.2052695, 29.5278486], [122.1988752, 29.5267884], [122.1934171, 29.5253695], [122.1881388, 29.5235057], [122.1833823, 29.5213472], [122.1801641, 29.5208135], [122.174706, 29.5193946], [122.1694277, 29.5175306], [122.1650417, 29.5155402], [122.1580547, 29.5138676], [122.1527764, 29.5120035], [122.1477255, 29.5097112], [122.1432872, 29.5071656], [122.1428611, 29.5122571], [122.1418709, 29.5171389], [122.140352, 29.5219163], [122.1383181, 29.5265463], [122.1353869, 29.5316035], [122.1323172, 29.5357785], [122.1288053, 29.5396806], [122.1248829, 29.5432745], [122.1199434, 29.5469628], [122.1152656, 29.5497906], [122.1102999, 29.5522188], [122.1050913, 29.5542253], [122.098902, 29.555979], [122.0933342, 29.5570259], [122.0876772, 29.5576078], [122.0811685, 29.5576966], [122.0754933, 29.5572695], [122.069099, 29.5562095], [122.0636409, 29.5547911], [122.0583078, 29.5529029], [122.0593588, 29.5590438], [122.0616412, 29.5619427], [122.0643986, 29.5662783], [122.0677497, 29.5737055], [122.0803951, 29.5865201], [122.0840682, 29.5913213], [122.0848745, 29.5877734], [122.0865422, 29.5830367], [122.08872, 29.5784591], [122.0913884, 29.5740821], [122.0950073, 29.5693761], [122.0986399, 29.5655597], [122.1026731, 29.5620607], [122.1070705, 29.558911], [122.1124907, 29.5557753], [122.1175304, 29.5534657], [122.1227998, 29.5515831], [122.1282509, 29.5501448], [122.1338346, 29.5491637], [122.1395002, 29.5486489], [122.1451964, 29.5486048], [122.1508716, 29.549032], [122.1564744, 29.5499265], [122.1619541, 29.5512803], [122.1672611, 29.553081], [122.1720315, 29.5552094], [122.1764387, 29.5551753], [122.1821139, 29.5556025], [122.1877168, 29.5564969], [122.1931965, 29.5578506], [122.1985035, 29.5596512], [122.2042955, 29.5622352], [122.2090731, 29.5649336], [122.2135341, 29.5680147], [122.2176382, 29.5714505], [122.2218441, 29.5757715], [122.2250628, 29.5798589], [122.2279981, 29.5845493], [122.2323353, 29.5856205], [122.2376423, 29.5874206], [122.2445047, 29.5906083], [122.2513752, 29.5927945], [122.2571672, 29.5953776], [122.2619448, 29.5980751], [122.2664058, 29.6011551], [122.2705099, 29.6045898], [122.2747158, 29.6089094], [122.2779345, 29.6129955], [122.2811761, 29.6182971], [122.2859595, 29.6222], [122.2901653, 29.6265188], [122.2925328, 29.6295238], [122.2960071, 29.6307018], [122.3017992, 29.6332839], [122.3065767, 29.6359804], [122.3110378, 29.6390593], [122.3151419, 29.6424927], [122.3193478, 29.6468106], [122.3270297, 29.6559673], [122.3297871, 29.6602988], [122.3320582, 29.6648383], [122.3358824, 29.6752124], [122.3371238, 29.6800426], [122.3378311, 29.6849533], [122.3379644, 29.6903004], [122.3450267, 29.6948449], [122.3491309, 29.6982765], [122.3533367, 29.702592], [122.3565555, 29.7066743], [122.3593129, 29.7110036], [122.3663905, 29.7241875], [122.3681547, 29.7288911], [122.3693961, 29.7337187], [122.3700295, 29.7381138], [122.3741926, 29.7380817], [122.3798678, 29.7385081], [122.3854707, 29.7394009], [122.3909504, 29.7407521], [122.3962574, 29.7425495], [122.4020494, 29.7451288], [122.406827, 29.7478222], [122.411288, 29.7508977], [122.4153921, 29.7543273], [122.419598, 29.7586404], [122.4228167, 29.7627204], [122.4255742, 29.7670474], [122.4278453, 29.771582], [122.4296095, 29.7762834], [122.4308509, 29.7811087], [122.4318076, 29.7881648], [122.4404539, 29.7878533], [122.4461291, 29.7882795], [122.451732, 29.7891719], [122.4572117, 29.7905225], [122.4625187, 29.7923189], [122.4683107, 29.7948969], [122.4730883, 29.7975891], [122.4775493, 29.800663], [122.4816534, 29.8040909], [122.4858593, 29.8084019], [122.489078, 29.8124798], [122.4918355, 29.8168046], [122.4946118, 29.8226828], [122.502049, 29.8218589], [122.5077452, 29.821815], [122.5134204, 29.822241], [122.5190232, 29.8231331], [122.5245029, 29.8244832], [122.5298099, 29.826279], [122.535602, 29.8288562], [122.5381685, 29.8303019], [122.5445436, 29.8320739], [122.549336, 29.8277886], [122.5537334, 29.8246472], [122.5591536, 29.8215198], [122.5641933, 29.8192163], [122.5694627, 29.8173387], [122.5749139, 29.8159042], [122.5804975, 29.8149257], [122.5861631, 29.8144122], [122.5918593, 29.8143682], [122.5975345, 29.8147943], [122.6031373, 29.8156865], [122.608617, 29.8170367], [122.613924, 29.8188326], [122.619716, 29.82141], [122.6244936, 29.8241014], [122.6289546, 29.8271745], [122.6330588, 29.8306015], [122.6372646, 29.8349113], [122.6404834, 29.8389882], [122.6432408, 29.8433119], [122.6455119, 29.8478431], [122.6472761, 29.8525408], [122.6485175, 29.8573625], [122.6492249, 29.8622644], [122.6493917, 29.8672023], [122.6489188, 29.8728321], [122.6479287, 29.8776963], [122.6464098, 29.8824566], [122.6443759, 29.88707], [122.6414446, 29.8921091], [122.6383749, 29.8962692], [122.634863, 29.9001573], [122.6309407, 29.9037383], [122.6260012, 29.9074133], [122.6213233, 29.910231], [122.6163576, 29.9126505], [122.6111491, 29.9146498], [122.6049597, 29.9163972], [122.5993919, 29.9174404], [122.5937349, 29.9180201], [122.5872263, 29.9181087], [122.5815511, 29.9176831], [122.5751567, 29.9166269], [122.5682969, 29.9147205], [122.5646794, 29.9180227], [122.5597399, 29.9216973], [122.555062, 29.9245146], [122.5500963, 29.9269336], [122.5448878, 29.9289327], [122.5386984, 29.9306798], [122.5321909, 29.9318192], [122.5318458, 29.9359259], [122.5308556, 29.940787], [122.5293367, 29.9455444], [122.5273028, 29.9501548], [122.5243716, 29.9551907], [122.5215496, 29.9590126], [122.5208992, 29.962205], [122.5193803, 29.9669613], [122.5173464, 29.9715708], [122.5151239, 29.9753882], [122.5132005, 29.9821288], [122.5111666, 29.9867376], [122.5082382, 29.9917667], [122.5056735, 29.9980368], [122.5027422, 30.0030702], [122.4996725, 30.0072257], [122.4961606, 30.0111095], [122.4922383, 30.0146865], [122.4896212, 30.0166315], [122.4906544, 30.023936], [122.4919589, 30.0273907], [122.4953863, 30.0302469], [122.4995922, 30.0345482], [122.502811, 30.0386169], [122.5055684, 30.0429318], [122.5078395, 30.047454], [122.5096037, 30.0521423], [122.5108451, 30.0569543], [122.5115524, 30.0618464], [122.5117193, 30.0667743], [122.5112464, 30.0723928], [122.5102562, 30.0772473], [122.5087373, 30.0819981], [122.5067034, 30.0866022], [122.5037722, 30.0916311], [122.5007025, 30.0957829], [122.4971906, 30.0996632], [122.4932683, 30.103237], [122.4883287, 30.1069047], [122.4836509, 30.1097167], [122.4786852, 30.1121313], [122.4734767, 30.1141266], [122.4672873, 30.1158705], [122.4617195, 30.1169116], [122.4560625, 30.1174902], [122.4495539, 30.1175785], [122.4438787, 30.1171538], [122.4374843, 30.1160997], [122.4320263, 30.1146892], [122.4267479, 30.1128363], [122.4216971, 30.1105577], [122.4182903, 30.1086154], [122.4163835, 30.1152655], [122.4143496, 30.1198681], [122.4114184, 30.1248953], [122.4083487, 30.1290456], [122.4048368, 30.1329246], [122.4009144, 30.1364972], [122.3959749, 30.1401637], [122.391297, 30.1429748], [122.3863314, 30.1453885], [122.3811228, 30.1473831], [122.3749335, 30.1491265], [122.3693657, 30.1501672], [122.3637087, 30.1507456], [122.3572, 30.1508339], [122.3515248, 30.1504093], [122.3451305, 30.1493556], [122.3396724, 30.1479456], [122.3336284, 30.145748], [122.325495, 30.1482358], [122.3199272, 30.1492766], [122.3142702, 30.149855], [122.3101778, 30.1499105], [122.3028357, 30.1520952], [122.2972679, 30.1531359], [122.2916109, 30.1537143], [122.2878529, 30.1537653], [122.2821145, 30.1551748], [122.2859752, 30.1578255], [122.2900793, 30.1612411], [122.2942852, 30.1655366], [122.2977748, 30.1700232], [122.3108182, 30.1685572], [122.3165144, 30.1685134], [122.3221896, 30.1689379], [122.3277925, 30.1698269], [122.3330822, 30.1711256], [122.341182, 30.1722014], [122.3501084, 30.174279], [122.3555881, 30.1756244], [122.3608951, 30.1774139], [122.3690373, 30.1813011], [122.3774775, 30.1821925], [122.3820424, 30.1813031], [122.3871583, 30.1794868], [122.3926095, 30.1780575], [122.3981931, 30.1770826], [122.4038587, 30.176571], [122.4095549, 30.1765272], [122.4164102, 30.1771389], [122.420059, 30.1767822], [122.4239574, 30.174007], [122.4293776, 30.1708906], [122.4344173, 30.1685951], [122.4396867, 30.1667242], [122.4451379, 30.1652947], [122.4507215, 30.1643197], [122.4563871, 30.1638079], [122.4620833, 30.1637641], [122.4677585, 30.1641887], [122.4718078, 30.1648312], [122.4787031, 30.1641048], [122.4843992, 30.164061], [122.4900745, 30.1644855], [122.496415, 30.1655557], [122.503464, 30.1659697], [122.51223, 30.1676353], [122.5210186, 30.1670513], [122.5259901, 30.1625934], [122.5303875, 30.1594625], [122.5358076, 30.1563457], [122.5408474, 30.1540499], [122.5461167, 30.1521786], [122.5515679, 30.1507489], [122.5571516, 30.1497738], [122.5654246, 30.1492419], [122.5743177, 30.1473987], [122.5799833, 30.1468869], [122.5856795, 30.1468431], [122.5913547, 30.1472677], [122.5982686, 30.1484789], [122.6008345, 30.146266], [122.6052318, 30.1431346], [122.610652, 30.1400172], [122.6156918, 30.137721], [122.6209611, 30.1358495], [122.6261091, 30.1344991], [122.6323543, 30.1297733], [122.6377745, 30.1266556], [122.6472775, 30.1222804], [122.6525468, 30.1204085], [122.657998, 30.1189784], [122.6635816, 30.1180029], [122.6692472, 30.1174909], [122.6749434, 30.1174471], [122.6806186, 30.1178719], [122.6862214, 30.1187613], [122.6930004, 30.1205458], [122.6991866, 30.1176799], [122.7008645, 30.1141722], [122.7035329, 30.1098186], [122.7071518, 30.1051378], [122.7124113, 30.0999379], [122.7143616, 30.0974152], [122.7179942, 30.0936189], [122.7220274, 30.0901384], [122.7264247, 30.0870052], [122.7318449, 30.0838861], [122.7368847, 30.0815886], [122.742154, 30.079716], [122.7476052, 30.0782852], [122.7531889, 30.0773093], [122.7588544, 30.0767972], [122.7672263, 30.0769537], [122.772244, 30.0765001], [122.7779402, 30.0764562], [122.7836154, 30.0768812], [122.7892182, 30.077771], [122.794698, 30.0791176], [122.79964, 30.0807857], [122.8067142, 30.0823855], [122.8120212, 30.0841767], [122.8178133, 30.0867472], [122.8225908, 30.0894315], [122.8270519, 30.0924964], [122.831156, 30.0959142], [122.8353619, 30.1002126], [122.8385806, 30.1042786], [122.841338, 30.1085907], [122.8436091, 30.1131098], [122.8453734, 30.117795], [122.8466148, 30.1226039], [122.8473221, 30.1274927], [122.8474889, 30.1324174], [122.8470161, 30.1380321], [122.8460259, 30.1428834], [122.844507, 30.147631], [122.8424731, 30.1522321], [122.8395419, 30.1572577], [122.8364722, 30.1614067], [122.8329603, 30.1652844], [122.8290379, 30.1688558], [122.8240984, 30.1725211], [122.8194205, 30.1753312], [122.8131905, 30.1782282], [122.7998511, 30.1863122], [122.7948854, 30.1887249], [122.7896769, 30.1907186], [122.7766762, 30.1941498], [122.7755251, 30.1967524], [122.7725939, 30.2017757], [122.7705059, 30.2045966], [122.7697684, 30.2184624], [122.7687783, 30.2233097], [122.7672594, 30.2280535], [122.7652255, 30.2326508], [122.7622942, 30.2376723], [122.7592245, 30.2418179], [122.7557126, 30.2456924], [122.7517903, 30.2492609], [122.7468508, 30.2529232], [122.7421729, 30.2557311], [122.7372072, 30.2581421], [122.7319987, 30.2601344], [122.7258093, 30.2618757], [122.7202415, 30.2629153], [122.7145845, 30.263493], [122.7080759, 30.2635812], [122.7024007, 30.2631571], [122.6960063, 30.2621046], [122.6914095, 30.2609184], [122.6800728, 30.2629153], [122.6744158, 30.263493], [122.6673982, 30.2635432], [122.6603395, 30.2643826], [122.6558096, 30.264444], [122.6488304, 30.2658806], [122.6431734, 30.2664583], [122.6366648, 30.2665465], [122.6309896, 30.2661224], [122.6106745, 30.2630198], [122.607363, 30.2639515], [122.5994786, 30.2652276], [122.5964754, 30.2674538], [122.5917975, 30.2702613], [122.5868318, 30.2726719], [122.5816233, 30.274664], [122.575434, 30.276405], [122.5698232, 30.2774488], [122.5623877, 30.2796664], [122.5541028, 30.2809832], [122.5496943, 30.2826691], [122.5435049, 30.2844101], [122.5379371, 30.2854494], [122.5326846, 30.2859857], [122.5312335, 30.28669], [122.5250643, 30.2914691], [122.5203864, 30.2942759], [122.5154207, 30.296686], [122.5102122, 30.2986775], [122.5040228, 30.3004182], [122.498455, 30.3014573], [122.492798, 30.3020348], [122.4862894, 30.302123], [122.4806142, 30.301699], [122.4742198, 30.3006469], [122.4687618, 30.2992391], [122.465028, 30.2979309], [122.4577538, 30.2976623], [122.4525586, 30.3038064], [122.4486363, 30.3073728], [122.4436968, 30.3110328], [122.4390189, 30.313839], [122.4333226, 30.3165279], [122.4294059, 30.3188774], [122.4244402, 30.3212868], [122.4192317, 30.3232779], [122.4137301, 30.3248247], [122.408304, 30.3275102], [122.4030955, 30.3295011], [122.3969061, 30.3312412], [122.3913383, 30.33228], [122.3750383, 30.3343389], [122.3661307, 30.3342479], [122.3623354, 30.3346353], [122.3558267, 30.3347234], [122.3501515, 30.3342996], [122.3437572, 30.3332479], [122.3382991, 30.3318405], [122.3330208, 30.3299917], [122.3271435, 30.327248], [122.3221811, 30.3273152], [122.3165059, 30.3268913], [122.3101116, 30.3258395], [122.3023927, 30.3236401], [122.2977294, 30.3232397], [122.2954254, 30.3235429], [122.2941866, 30.3263401], [122.2912554, 30.3313568], [122.2881857, 30.3354984], [122.2846738, 30.3393693], [122.2807515, 30.3429344], [122.275465, 30.3468012], [122.272716, 30.3515051], [122.2696463, 30.3556459], [122.2640117, 30.3614449], [122.2610632, 30.3654218], [122.2575513, 30.3692915], [122.2517215, 30.374268], [122.2566956, 30.3725055], [122.2621468, 30.371079], [122.2677305, 30.370106], [122.2733961, 30.3695954], [122.280203, 30.3696346], [122.2836376, 30.3690238], [122.2881619, 30.3669673], [122.2934312, 30.3651001], [122.2988824, 30.3636735], [122.304466, 30.3627005], [122.3101316, 30.3621898], [122.3158278, 30.3621461], [122.3223321, 30.3627011], [122.329701, 30.3618935], [122.3353972, 30.3618498], [122.3410724, 30.3622735], [122.3461091, 30.3630711], [122.3508467, 30.3630348], [122.3565219, 30.3634585], [122.3621247, 30.3643457], [122.3676044, 30.3656884], [122.3720901, 30.3671981], [122.3773939, 30.3674209], [122.3827531, 30.3666611], [122.3871583, 30.3651001], [122.3926095, 30.3636735], [122.3981931, 30.3627005], [122.4061132, 30.3621725], [122.4128854, 30.3611019], [122.4166421, 30.3601187], [122.4222257, 30.3591456], [122.4278913, 30.3586349], [122.4335875, 30.3585912], [122.4393308, 30.3590257], [122.4430779, 30.358045], [122.4486616, 30.3570719], [122.4543272, 30.3565611], [122.4613218, 30.3566144], [122.468231, 30.3552943], [122.4738965, 30.3547836], [122.4795927, 30.3547399], [122.4852679, 30.3551636], [122.4940884, 30.3568394], [122.5031207, 30.3572374], [122.5079988, 30.3580099], [122.515137, 30.3584224], [122.5207398, 30.3593097], [122.5262196, 30.3606525], [122.5315265, 30.3624386], [122.5373186, 30.3650018], [122.5420961, 30.3676785], [122.5465572, 30.3707347], [122.5506613, 30.3741429], [122.5548672, 30.3784291], [122.5580859, 30.3824836], [122.5608433, 30.3867836], [122.5641193, 30.393951], [122.5678432, 30.3965015], [122.5719473, 30.3999088], [122.5761532, 30.4041939], [122.5793719, 30.4082474], [122.5821293, 30.4125461], [122.5844004, 30.4170513], [122.5861647, 30.421722], [122.5874061, 30.426516], [122.5881134, 30.4313897], [122.5882802, 30.4362992], [122.5878074, 30.4418966], [122.5868172, 30.4467328], [122.5852983, 30.4514658], [122.5832644, 30.4560526], [122.5803332, 30.4610626], [122.5772635, 30.4651987], [122.5737516, 30.4690645], [122.5698292, 30.4726249], [122.5648897, 30.4762787], [122.5602118, 30.4790802], [122.5552462, 30.4814857], [122.5500376, 30.4834735], [122.5427567, 30.4854142], [122.5352748, 30.4885031], [122.5290854, 30.4902404], [122.5236292, 30.4912567], [122.5153525, 30.4937905], [122.5097847, 30.4948276], [122.5041277, 30.4954039], [122.497619, 30.4954919], [122.4919438, 30.4950688], [122.4855495, 30.4940188], [122.4779356, 30.4918599], [122.4729781, 30.4919269], [122.4711685, 30.4928034], [122.4682513, 30.5001392], [122.46532, 30.505147], [122.4622504, 30.5092812], [122.4587385, 30.5131452], [122.4548161, 30.516704], [122.4498766, 30.5203562], [122.4451987, 30.5231564], [122.440233, 30.5255608], [122.4350245, 30.5275477], [122.4288351, 30.5292843], [122.4232673, 30.530321], [122.4176103, 30.5308971], [122.4089501, 30.5308248], [122.4041455, 30.5344326], [122.4042593, 30.5377779], [122.4038259, 30.5429015], [122.407135, 30.5479606], [122.4123491, 30.5502637], [122.4171267, 30.5529352], [122.4215877, 30.5559857], [122.4256918, 30.5593874], [122.4294587, 30.5632189], [122.4348957, 30.5645485], [122.4428997, 30.5675219], [122.449219, 30.5679398], [122.4548219, 30.5688252], [122.462299, 30.5708359], [122.4670718, 30.5711915], [122.4726747, 30.5720768], [122.4781544, 30.5734167], [122.4826171, 30.5749154], [122.4893878, 30.5753298], [122.4949906, 30.5762151], [122.5004704, 30.5775549], [122.5057773, 30.579337], [122.5115694, 30.5818946], [122.5163469, 30.5845652], [122.520808, 30.5876147], [122.525669, 30.591785], [122.5309299, 30.5921768], [122.5365327, 30.5930619], [122.5420124, 30.5944015], [122.5473194, 30.5961834], [122.5536599, 30.599047], [122.5587777, 30.5977108], [122.5643613, 30.5967401], [122.5700269, 30.5962307], [122.5757231, 30.5961871], [122.5813983, 30.5966097], [122.5870011, 30.5974948], [122.5924808, 30.5988344], [122.5977878, 30.6006161], [122.6035799, 30.6031731], [122.6083574, 30.6058432], [122.6128185, 30.608892], [122.6169226, 30.6122918], [122.6211285, 30.6165676], [122.6251004, 30.6217838], [122.6279089, 30.6241101], [122.6321148, 30.6283853], [122.6353335, 30.6324294], [122.6380909, 30.6367183], [122.6403621, 30.6412131], [122.6421263, 30.645873], [122.6433677, 30.6506559], [122.644075, 30.6555185], [122.6442419, 30.6604166], [122.643769, 30.6660011], [122.6427788, 30.6708261], [122.6412599, 30.6755482], [122.6393181, 30.6799172], [122.6374834, 30.6861777], [122.6354495, 30.6907535], [122.6325182, 30.6957514], [122.6294485, 30.6998775], [122.6259366, 30.7037339], [122.6220143, 30.7072857], [122.6192354, 30.7093364], [122.6152936, 30.71377], [122.6113713, 30.7173214], [122.6064318, 30.7209661], [122.5998697, 30.724671], [122.597684, 30.7297167], [122.5940818, 30.735614], [122.5976787, 30.7330681], [122.6030989, 30.7299696], [122.6081387, 30.7276872], [122.6137787, 30.7257303], [122.6183439, 30.7217198], [122.6227413, 30.7186068], [122.6281615, 30.7155078], [122.6332012, 30.7132251], [122.6384705, 30.7113646], [122.6439217, 30.7099431], [122.6495054, 30.7089735], [122.655171, 30.7084646], [122.6608671, 30.708421], [122.6665423, 30.7088432], [122.6721452, 30.7097273], [122.6766067, 30.7108166], [122.6781362, 30.7028623], [122.6798039, 30.6981789], [122.6819818, 30.6936527], [122.6846501, 30.6893249], [122.688269, 30.6846718], [122.6919016, 30.6808982], [122.6959349, 30.6774386], [122.7003322, 30.6743242], [122.7057524, 30.6712238], [122.7107922, 30.66894], [122.7187678, 30.6663725], [122.7246352, 30.6629551], [122.7323373, 30.6597306], [122.7346645, 30.6580821], [122.7400847, 30.6549812], [122.7451244, 30.652697], [122.7503938, 30.6508353], [122.7558449, 30.6494129], [122.7614286, 30.6484427], [122.7670942, 30.6479335], [122.7734753, 30.6479409], [122.7813413, 30.6463751], [122.7973066, 30.6446844], [122.8030028, 30.6446409], [122.808678, 30.6450633], [122.8142808, 30.645948], [122.8197605, 30.6472868], [122.8250675, 30.6490677], [122.8308595, 30.6516234], [122.8347533, 30.6537985], [122.840607, 30.6542195], [122.8462098, 30.6551041], [122.8516895, 30.6564428], [122.8569965, 30.6582235], [122.8627885, 30.6607789], [122.8675661, 30.6634475], [122.8720272, 30.6664945], [122.8761313, 30.6698923], [122.8803371, 30.6741655], [122.8835559, 30.6782077], [122.8863133, 30.6824945], [122.8885844, 30.6869872], [122.8903487, 30.6916449], [122.8915901, 30.6964255], [122.8922974, 30.7012858], [122.8924642, 30.7061815], [122.890618, 30.7217987], [122.8896279, 30.726621], [122.888109, 30.7313403], [122.8859182, 30.7361813], [122.8848214, 30.7422613], [122.8833025, 30.7469799], [122.8812686, 30.7515528], [122.8745608, 30.763038], [122.8714911, 30.7671613], [122.8679792, 30.771015], [122.8640568, 30.7745643], [122.8591173, 30.7782068], [122.8556966, 30.780249], [122.854609, 30.7862179], [122.8530901, 30.7909342], [122.8510562, 30.795505], [122.8481249, 30.8004975], [122.8450552, 30.8046192], [122.8421841, 30.8077685], [122.8391985, 30.8128825], [122.8361288, 30.8170036], [122.8326169, 30.8208553], [122.8286946, 30.8244027], [122.8237551, 30.8280433], [122.8172588, 30.8317123], [122.8139317, 30.8347211], [122.8089922, 30.8383613], [122.8043143, 30.8411523], [122.7993486, 30.8435488], [122.7947418, 30.8453004], [122.7897661, 30.8489729], [122.7850882, 30.8517636], [122.7801226, 30.8541598], [122.7728013, 30.8567307], [122.7677629, 30.8591702], [122.7641976, 30.8605255], [122.7639319, 30.8636565], [122.7615685, 30.876428], [122.7600496, 30.8811399], [122.7580157, 30.8857064], [122.7550845, 30.8906942], [122.7520148, 30.894812], [122.7485029, 30.8986606], [122.7445805, 30.9022051], [122.739641, 30.9058428], [122.7349631, 30.9086318], [122.7299974, 30.9110266], [122.7247889, 30.9130056], [122.7185996, 30.9147352], [122.7130317, 30.9157678], [122.7073747, 30.9163416], [122.7008661, 30.9164293], [122.6951909, 30.916008], [122.6879659, 30.9147497], [122.682476, 30.9157678], [122.676819, 30.9163416], [122.6703104, 30.9164293], [122.6646352, 30.916008], [122.6582408, 30.9149626], [122.6527828, 30.9135636], [122.6475045, 30.9117259], [122.6424536, 30.9094659], [122.6370184, 30.9063926], [122.632606, 30.9033014], [122.6285559, 30.8998642], [122.6236581, 30.8945268], [122.6182563, 30.8901421], [122.6146053, 30.8863897], [122.6126353, 30.8838846], [122.6041984, 30.8857195], [122.5985414, 30.8862935], [122.5920328, 30.8863812], [122.5863576, 30.8859598], [122.5799632, 30.884914], [122.5745052, 30.8835147], [122.5692269, 30.8816763], [122.564176, 30.8794157], [122.5587408, 30.8763413], [122.5543284, 30.8732492], [122.5502783, 30.869811], [122.5466274, 30.8660577], [122.5429859, 30.8614262], [122.5402965, 30.8571155], [122.5380967, 30.8526047], [122.5364063, 30.8479346], [122.5351176, 30.8424565], [122.5345642, 30.8375887], [122.5345523, 30.8326975], [122.5350819, 30.8278272], [122.5363439, 30.8223434], [122.539154, 30.8152946], [122.5418371, 30.8040621], [122.5435048, 30.7993836], [122.5471408, 30.7924997], [122.5489979, 30.7869969], [122.5511758, 30.7824749], [122.5538441, 30.778151], [122.5589278, 30.7719821], [122.5531862, 30.7748436], [122.5479777, 30.7768253], [122.5417883, 30.7785574], [122.5362205, 30.7795915], [122.5305635, 30.7801661], [122.5220076, 30.7801017], [122.5175883, 30.7843172], [122.5149432, 30.7907863], [122.5120119, 30.795779], [122.5089423, 30.7999009], [122.5054303, 30.8037532], [122.501508, 30.8073013], [122.4965685, 30.8109426], [122.4918906, 30.8137344], [122.4869249, 30.8161316], [122.4817164, 30.8181125], [122.475527, 30.8198438], [122.4699592, 30.8208774], [122.4643022, 30.8214518], [122.4577936, 30.8215396], [122.4527267, 30.8211631], [122.4433741, 30.8215396], [122.4376988, 30.8211179], [122.4313045, 30.8200714], [122.4263938, 30.8188115], [122.4205954, 30.8204335], [122.4150276, 30.8214671], [122.4093706, 30.8220415], [122.402862, 30.8221292], [122.3971868, 30.8217075], [122.3897628, 30.8203969], [122.381576, 30.820655], [122.3759008, 30.8202333], [122.3695064, 30.8191869], [122.3640484, 30.8177865], [122.35877, 30.815947], [122.3537192, 30.8136848], [122.348284, 30.8106083], [122.3438715, 30.807514], [122.3332984, 30.7981755], [122.3296475, 30.7944194], [122.3260059, 30.7897845], [122.3233166, 30.7854706], [122.3211167, 30.7809564], [122.3194263, 30.7762828], [122.3181376, 30.7708006], [122.3175842, 30.7659292], [122.3175723, 30.7610343], [122.318102, 30.7561605], [122.319364, 30.7506725], [122.3210316, 30.7459914], [122.3232095, 30.7414675], [122.3258778, 30.7371418], [122.3294968, 30.7324911], [122.3324659, 30.7294082], [122.3347645, 30.7229735], [122.3369424, 30.7184485], [122.3396107, 30.7141218], [122.3432297, 30.7094699], [122.3468623, 30.7056973], [122.3522711, 30.7012646], [122.3499558, 30.6965612], [122.3483982, 30.6922511], [122.344834, 30.6972206], [122.3413221, 30.7010771], [122.3373997, 30.704629], [122.3324602, 30.7082741], [122.3277823, 30.7110689], [122.3228167, 30.7134687], [122.3176081, 30.7154517], [122.3114188, 30.7171849], [122.305851, 30.7182196], [122.300194, 30.7187946], [122.2936853, 30.7188824], [122.2880101, 30.7184603], [122.2816158, 30.7174127], [122.2761577, 30.7160109], [122.2708794, 30.7141693], [122.2658286, 30.7119048], [122.2603934, 30.708825], [122.2559809, 30.7057275], [122.2519309, 30.7022833], [122.24828, 30.6985235], [122.2446384, 30.6938839], [122.2422538, 30.690055], [122.2390102, 30.6867143], [122.2346575, 30.6809321], [122.2307705, 30.6769706], [122.227129, 30.67233], [122.2192898, 30.6603327], [122.2170899, 30.6558126], [122.2153995, 30.6511329], [122.2141108, 30.6456436], [122.2135575, 30.6407659], [122.2135455, 30.6358647], [122.2140752, 30.6309845], [122.2153372, 30.6254894], [122.2170048, 30.6208022], [122.2215859, 30.6112495], [122.2242543, 30.6069179], [122.2278732, 30.6022609], [122.2315058, 30.5984841], [122.235539, 30.5950215], [122.2399364, 30.5919045], [122.2453566, 30.5888014], [122.2503963, 30.5865157], [122.2585403, 30.5839021], [122.2526479, 30.5834823], [122.2462535, 30.5824333], [122.2407955, 30.5810295], [122.2355171, 30.5791854], [122.2304663, 30.5769176], [122.2250311, 30.5738336], [122.2197962, 30.5700313], [122.2212126, 30.5737754], [122.222454, 30.5785618], [122.2231613, 30.583428], [122.2233282, 30.5883297], [122.2228553, 30.5939184], [122.2218651, 30.598747], [122.2203462, 30.6034726], [122.2183123, 30.6080523], [122.2153811, 30.6130545], [122.2123114, 30.6171841], [122.2091552, 30.6206529], [122.2092519, 30.6234935], [122.2087791, 30.6290802], [122.2077889, 30.6339071], [122.20627, 30.6386309], [122.2042361, 30.6432089], [122.2013049, 30.6482093], [122.1982352, 30.6523375], [122.1947233, 30.6561958], [122.1908009, 30.6597493], [122.1858614, 30.6633961], [122.1811835, 30.6661922], [122.1762178, 30.668593], [122.1710093, 30.670577], [122.1648199, 30.672311], [122.1592521, 30.6733462], [122.1535951, 30.6739215], [122.1470865, 30.6740093], [122.1382766, 30.6730732], [122.1370353, 30.6731994], [122.1284277, 30.6758544], [122.1200067, 30.6771797], [122.1116464, 30.6814312], [122.1058672, 30.6858377], [122.1011893, 30.6886332], [122.0962236, 30.6910335], [122.0910151, 30.6930169], [122.084104, 30.6948847], [122.0818917, 30.695787], [122.0773714, 30.6991231], [122.0726935, 30.7019181], [122.0677278, 30.7043181], [122.0625193, 30.7063013], [122.05633, 30.7080347], [122.0507622, 30.7090695], [122.0465342, 30.7094993], [122.0412238, 30.7109865], [122.035656, 30.7120212], [122.0299989, 30.7125963], [122.0234903, 30.7126841], [122.0178151, 30.7122619], [122.0114208, 30.7112143], [122.0059627, 30.7098124], [122.0000765, 30.7076981], [121.9963146, 30.7070818], [121.9908565, 30.7056798], [121.9855782, 30.7038381], [121.9805274, 30.7015732], [121.9750921, 30.6984932], [121.9706797, 30.6953953], [121.9666297, 30.6919507], [121.9629788, 30.6881905], [121.9593372, 30.6835505], [121.9566479, 30.6792318], [121.954448, 30.6747126], [121.9527576, 30.6700339], [121.9514689, 30.6645457], [121.9509155, 30.6596688], [121.9509036, 30.6547686], [121.951489, 30.6496467], [121.9477773, 30.6493704], [121.9413829, 30.648322], [121.9359249, 30.6469192], [121.9306465, 30.6450764], [121.9255957, 30.6428102], [121.9201605, 30.6397282], [121.915748, 30.6366285], [121.911698, 30.6331818], [121.9080471, 30.6294193], [121.9044056, 30.6247764], [121.9017162, 30.6204551], [121.8995164, 30.6159332], [121.8978259, 30.6112516], [121.8965372, 30.6057601], [121.8959839, 30.6008803], [121.895972, 30.5959771], [121.8965016, 30.5910948], [121.8977636, 30.5855975], [121.8994313, 30.5809084], [121.9016091, 30.5763768], [121.9042775, 30.5720437], [121.9078964, 30.567385], [121.911529, 30.5636068], [121.9155622, 30.560143], [121.9199596, 30.5570248], [121.9253798, 30.5539206], [121.9304195, 30.5516341], [121.9356889, 30.5497704], [121.9504098, 30.5459812], [121.9559934, 30.5450099], [121.9613302, 30.5445298], [121.9634872, 30.5439663], [121.969215, 30.5412855], [121.9744843, 30.5394216], [121.9799355, 30.5379976], [121.9855192, 30.5370262], [121.9911848, 30.5365165], [121.9968809, 30.5364728], [122.001284, 30.536801], [122.0050886, 30.5361391], [122.0107542, 30.5356293], [122.0164503, 30.5355857], [122.0221255, 30.5360087], [122.0264517, 30.5366925], [122.0323864, 30.5338929], [122.0376557, 30.5320289], [122.0431069, 30.5306047], [122.0486906, 30.5296334], [122.0543561, 30.5291235], [122.0594394, 30.5290846], [122.06826, 30.5272675], [122.0739255, 30.5267577], [122.0796217, 30.5267141], [122.0852969, 30.527137], [122.0910788, 30.5280666], [122.0940242, 30.5259773], [122.0994444, 30.5228721], [122.1044842, 30.5205849], [122.11456, 30.516946], [122.1200112, 30.5155217], [122.1289376, 30.513747], [122.1345213, 30.5127755], [122.1401868, 30.5122656], [122.145883, 30.5122219], [122.1515582, 30.512645], [122.157161, 30.5135308], [122.1626408, 30.5148715], [122.1679477, 30.5166548], [122.1737398, 30.519214], [122.1785173, 30.5218864], [122.1829784, 30.5249379], [122.1870825, 30.5283406], [122.1912884, 30.5326201], [122.1945071, 30.5366682], [122.1972645, 30.5409613], [122.1999637, 30.5465924], [122.2042901, 30.5497539], [122.2026148, 30.5449888], [122.1999238, 30.5396736], [122.1965167, 30.5290739], [122.195228, 30.5235777], [122.1946747, 30.5186938], [122.1946628, 30.5137864], [122.1951924, 30.5089001], [122.1964544, 30.5033981], [122.1981221, 30.498705], [122.2002999, 30.4941695], [122.2029683, 30.4898328], [122.2073726, 30.4843526], [122.2078954, 30.4766536], [122.2091574, 30.4711498], [122.210825, 30.4664552], [122.2122749, 30.4634347], [122.2102235, 30.4592109], [122.208533, 30.4545218], [122.2072443, 30.4490213], [122.2063477, 30.4385098], [122.2063358, 30.4335984], [122.2068654, 30.428708], [122.2081274, 30.4232015], [122.2094608, 30.4194459], [122.210874, 30.4125431], [122.2125416, 30.4078456], [122.2147195, 30.4033059], [122.2173878, 30.3989651], [122.2216934, 30.3934097], [122.225326, 30.3896248], [122.2281062, 30.3872329], [122.2228415, 30.3887121], [122.214392, 30.3900442], [122.2078341, 30.3951714], [122.2031562, 30.3979752], [122.1981905, 30.4003827], [122.192982, 30.4023721], [122.1867926, 30.404111], [122.1726417, 30.4066295], [122.1669847, 30.4072064], [122.1604761, 30.4072945], [122.1548009, 30.406871], [122.1484065, 30.40582], [122.1453355, 30.4050287], [122.1431246, 30.4101695], [122.1401934, 30.4151819], [122.1371237, 30.4193199], [122.1336118, 30.4231875], [122.1296895, 30.4267495], [122.1247499, 30.4304051], [122.1200721, 30.4332079], [122.1151064, 30.4356146], [122.1098979, 30.4376033], [122.1037085, 30.4393415], [122.0981407, 30.4403791], [122.0924837, 30.4409558], [122.0859751, 30.4410439], [122.0802999, 30.4406205], [122.0739055, 30.4395699], [122.0684475, 30.4381641], [122.0631691, 30.4363173], [122.0581183, 30.4340462], [122.0526831, 30.4309576], [122.0482706, 30.4278512], [122.0442206, 30.4243971], [122.0405697, 30.4206265], [122.0369282, 30.4159737], [122.0342388, 30.4116431], [122.0320389, 30.4071114], [122.0303485, 30.4024198], [122.0290598, 30.3969164], [122.0285065, 30.3920261], [122.0284946, 30.3871124], [122.0290242, 30.3822197], [122.0297527, 30.3790397], [122.0234697, 30.3839176], [122.0187919, 30.3867217], [122.0138262, 30.3891295], [122.0086176, 30.3911192], [122.0044572, 30.3922881], [121.9966014, 30.3955613], [121.990412, 30.3973002], [121.9848442, 30.3983384], [121.9791872, 30.3989153], [121.9726786, 30.3990034], [121.9670034, 30.3985798], [121.9628144, 30.3978913], [121.9588358, 30.399411], [121.9526465, 30.4011498], [121.9470787, 30.4021879], [121.9414217, 30.4027648], [121.9369676, 30.4028251], [121.9323904, 30.404111], [121.9268226, 30.405149], [121.9211656, 30.4057259], [121.914657, 30.405814], [121.9089818, 30.4053905], [121.9025875, 30.4043395], [121.8971294, 30.4029332], [121.8918511, 30.4010857], [121.8848103, 30.3976826], [121.8802715, 30.3969365], [121.8748134, 30.3955301], [121.8695351, 30.3936825], [121.8644843, 30.3914104], [121.8590491, 30.3883205], [121.8546366, 30.3852127], [121.8505866, 30.3817571], [121.8469357, 30.3779848], [121.8432941, 30.37333], [121.8406048, 30.3689975], [121.8384049, 30.3644639], [121.8367145, 30.3597701], [121.8354258, 30.3542644], [121.8348725, 30.349372], [121.8348605, 30.3444561], [121.8353902, 30.3395612], [121.8366522, 30.3340497], [121.8379395, 30.3304207], [121.8393987, 30.3230853], [121.8410664, 30.3183835], [121.8432443, 30.3138396], [121.8459126, 30.3094949], [121.8495315, 30.3048236], [121.8531641, 30.3010352], [121.8571974, 30.297562], [121.8615947, 30.2944355], [121.8671453, 30.2912636], [121.8696019, 30.2872627], [121.8732208, 30.2825904], [121.8758469, 30.2798511], [121.8698784, 30.2778233], [121.8648276, 30.2755485], [121.8593924, 30.2724549], [121.8549799, 30.2693435], [121.8509299, 30.2658838], [121.847279, 30.2621071], [121.8436375, 30.2574467], [121.8415953, 30.2541529], [121.8381443, 30.249736], [121.8354549, 30.2453981], [121.8332551, 30.2408587], [121.8315646, 30.2361591], [121.8285593, 30.2247135], [121.828006, 30.2198147], [121.8279941, 30.2148923], [121.8285237, 30.209991], [121.8297857, 30.2044722], [121.8314534, 30.1997647], [121.8336312, 30.1952154], [121.8362996, 30.1908654], [121.8399185, 30.1861885], [121.8435511, 30.1823955], [121.8475843, 30.1789181], [121.8519817, 30.1757878], [121.8594961, 30.1717176], [121.8534923, 30.1707285], [121.8480343, 30.1693188], [121.8427559, 30.1674669], [121.8274054, 30.1610339], [121.8219702, 30.1579367], [121.8175577, 30.1548216], [121.8135077, 30.1513579], [121.8086345, 30.1460107], [121.8037105, 30.1451992], [121.7982525, 30.1437892], [121.7929741, 30.1419368], [121.7879233, 30.1396589], [121.7824881, 30.1365611], [121.7780756, 30.1334453], [121.7740256, 30.1299808], [121.7703747, 30.1261989], [121.7667332, 30.1215321], [121.7640438, 30.1171885], [121.7618439, 30.1126432], [121.7601535, 30.1079375], [121.7588648, 30.1024176], [121.7572815, 30.0921659], [121.7572696, 30.0872371], [121.7577992, 30.0823295], [121.7590612, 30.0768035], [121.7607289, 30.07209], [121.7629067, 30.0675347], [121.7655751, 30.0631791], [121.769194, 30.0584961], [121.7728266, 30.0546983], [121.7757003, 30.0522175], [121.7712974, 30.0530413], [121.7656404, 30.0536202], [121.7591318, 30.0537086], [121.7534566, 30.0532836], [121.7470622, 30.0522289], [121.7416042, 30.0508175], [121.7363259, 30.0489634], [121.7324266, 30.0472031], [121.7310926, 30.049419], [121.7300813, 30.0525828], [121.7280474, 30.0571883], [121.7251162, 30.0622187], [121.7220465, 30.0663717], [121.7186031, 30.0701775], [121.7155032, 30.0755891], [121.711989, 30.0802326], [121.7108813, 30.0827403], [121.7079501, 30.0877694], [121.7048804, 30.0919213], [121.70268, 30.0943526], [121.699367, 30.1002453], [121.6962973, 30.1043966], [121.6927854, 30.1082766], [121.6867223, 30.1134395], [121.6846243, 30.1162764], [121.6801587, 30.1210247], [121.6756979, 30.1275609], [121.6701371, 30.1333063], [121.6660849, 30.139141], [121.660887, 30.1445552], [121.6568152, 30.1504229], [121.6527821, 30.1547757], [121.6502921, 30.1581413], [121.6467801, 30.1620192], [121.6426201, 30.1657672], [121.6405001, 30.1706363], [121.6362584, 30.1774318], [121.633977, 30.1828049], [121.6310458, 30.1878289], [121.6279761, 30.1919766], [121.6257363, 30.1944489], [121.6244215, 30.1974437], [121.6303043, 30.1993741], [121.6378892, 30.2029478], [121.6434405, 30.2033629], [121.6515, 30.2048545], [121.6581617, 30.2041691], [121.6638579, 30.2041253], [121.6695331, 30.2045497], [121.6769991, 30.2058957], [121.6805907, 30.2038313], [121.6856304, 30.2015366], [121.6908997, 30.1996663], [121.6963509, 30.1982373], [121.7019346, 30.1972626], [121.7076002, 30.196751], [121.7132963, 30.1967072], [121.7189715, 30.1971317], [121.7252704, 30.1981912], [121.7309878, 30.1986153], [121.7365907, 30.199504], [121.7420704, 30.200849], [121.7473774, 30.2026381], [121.7531694, 30.2052055], [121.757947, 30.2078865], [121.762408, 30.2109477], [121.7665121, 30.2143615], [121.770718, 30.2186547], [121.7739367, 30.2227158], [121.7766942, 30.2270227], [121.7789653, 30.2315364], [121.7807295, 30.236216], [121.7819709, 30.241019], [121.7826782, 30.245902], [121.7828451, 30.2508208], [121.7823722, 30.2564288], [121.781382, 30.2612742], [121.7798631, 30.2660161], [121.7778292, 30.2706117], [121.774898, 30.2756312], [121.7718283, 30.2797752], [121.7683164, 30.2836483], [121.7643941, 30.2872154], [121.755678, 30.2935443], [121.7510001, 30.296351], [121.7460344, 30.298761], [121.7408259, 30.3007525], [121.7346365, 30.3024931], [121.7290687, 30.3035322], [121.7234117, 30.3041097], [121.7169031, 30.3041979], [121.7112279, 30.3037739], [121.7048335, 30.3027219], [121.6993755, 30.3013141], [121.6948704, 30.2997528], [121.6876696, 30.3035037], [121.682461, 30.3054951], [121.6762717, 30.3072356], [121.6714631, 30.308133], [121.6687868, 30.3094318], [121.6625953, 30.3116995], [121.6587964, 30.3159585], [121.6548741, 30.3195244], [121.6499346, 30.3231841], [121.6452567, 30.3259899], [121.640291, 30.3283992], [121.6350825, 30.3303901], [121.6288931, 30.3321302], [121.6233253, 30.333169], [121.6176683, 30.3337463], [121.6128641, 30.3338114], [121.6055472, 30.3359824], [121.5979072, 30.3372326], [121.5918143, 30.3389455], [121.5862465, 30.3399842], [121.5805895, 30.3405615], [121.5740808, 30.3406496], [121.5684056, 30.3402258], [121.5620113, 30.3391742], [121.5565532, 30.3377669], [121.5512749, 30.3359182], [121.5462241, 30.3336447], [121.5407889, 30.330553], [121.5363764, 30.3274434], [121.5323264, 30.3239857], [121.5286755, 30.3202113], [121.5250339, 30.3155536], [121.5223446, 30.3112186], [121.5201447, 30.3066823], [121.5182385, 30.3010631], [121.5153527, 30.3034915], [121.511933, 30.3082336], [121.5084211, 30.3121055], [121.5044987, 30.3156716], [121.4995592, 30.3193314], [121.4951224, 30.3219928], [121.493532, 30.3270815], [121.491498, 30.3316742], [121.4885668, 30.3366906], [121.4854971, 30.340832], [121.4819852, 30.3447027], [121.4780629, 30.3482676], [121.4731234, 30.3519261], [121.4684455, 30.3547311], [121.4634798, 30.3571397], [121.4599859, 30.3584748], [121.4563147, 30.3636444], [121.4528028, 30.3675142], [121.4488804, 30.3710783], [121.4439409, 30.3747359], [121.439263, 30.3775403], [121.4344994, 30.3798504], [121.4278048, 30.3851023], [121.4222678, 30.3883229], [121.4174826, 30.3921823], [121.4122907, 30.3983161], [121.4083684, 30.4018791], [121.4034288, 30.4055356], [121.398751, 30.4083391], [121.3946864, 30.4103095], [121.3922322, 30.4125386], [121.3872927, 30.4161947], [121.3826148, 30.4189979], [121.3778655, 30.4213001], [121.3712851, 30.4255111], [121.3663195, 30.4279179], [121.3604957, 30.4300796], [121.3532732, 30.4338385], [121.3480647, 30.4358272], [121.3243754, 30.4444112], [121.316164, 30.4465261], [121.3107012, 30.4492302], [121.3054926, 30.4512186], [121.2993033, 30.4529566], [121.2937355, 30.4539941], [121.2880785, 30.4545707], [121.2842447, 30.4546225], [121.278286, 30.4557698], [121.272629, 30.4563464], [121.2661203, 30.4564344], [121.2604451, 30.4560112], [121.2540508, 30.4549607], [121.2505499, 30.4540592], [121.244309, 30.4536435], [121.2379146, 30.4525931], [121.2297808, 30.4502513], [121.223011, 30.4516264], [121.217354, 30.452203], [121.2108454, 30.4522911], [121.2051702, 30.4518678], [121.2001752, 30.4510472], [121.1957392, 30.4511072], [121.190064, 30.4506839], [121.1836696, 30.4496334], [121.1782116, 30.4482277], [121.1729332, 30.4463811], [121.1665121, 30.4433316], [121.1613887, 30.4420121], [121.1529834, 30.4387593], [121.1452526, 30.4369801], [121.1422822, 30.4359407], [121.137031, 30.4360118], [121.1313558, 30.4355884], [121.1249614, 30.4345378], [121.1195034, 30.4331319], [121.114225, 30.431285], [121.1076181, 30.4281294], [121.1040538, 30.4272113], [121.0987755, 30.4253643], [121.0937247, 30.4230929], [121.0882895, 30.420004], [121.0766672, 30.411864], [121.0726172, 30.4084093], [121.0689663, 30.4046381], [121.0650353, 30.3995182], [121.0591578, 30.395578], [121.0537785, 30.3907494], [121.048464, 30.3877282], [121.0440516, 30.3846204], [121.0387691, 30.3798913], [121.0358118, 30.3778083], [121.0317618, 30.3743524], [121.0263904, 30.3683805], [121.0197455, 30.3630962], [121.0155073, 30.3585724], [121.0093252, 30.3551454], [121.0049128, 30.3520366], [121.0008628, 30.3485798], [120.9960075, 30.3432662], [120.9928965, 30.3410741], [120.9874487, 30.3361721], [120.9843134, 30.3339627], [120.9780743, 30.3282422], [120.974935, 30.3268291], [120.9694998, 30.3237372], [120.9661766, 30.321395], [120.9609167, 30.3184027], [120.9565043, 30.3152927], [120.9524542, 30.3118346], [120.9484179, 30.3075666], [120.941004, 30.3035832], [120.9368011, 30.3006204], [120.9309897, 30.2980797], [120.9255545, 30.2949868], [120.9194845, 30.2904605], [120.9152009, 30.2881243], [120.9071176, 30.2844468], [120.9035534, 30.2835273], [120.895148, 30.2802693], [120.8874172, 30.2784871], [120.8811947, 30.276212], [120.8865759, 30.2804993], [120.8907818, 30.2847896], [120.893021, 30.287613], [120.897578, 30.2907255], [120.9016821, 30.2941365], [120.905888, 30.2984262], [120.9093246, 30.3028241], [120.9134411, 30.3070223], [120.9157464, 30.3099283], [120.9188662, 30.3116771], [120.9233272, 30.3147352], [120.9263312, 30.3172312], [120.9318287, 30.3185774], [120.9371357, 30.3203643], [120.9429277, 30.3229286], [120.9477053, 30.3256064], [120.9521663, 30.328664], [120.9562704, 30.3320736], [120.9604763, 30.3363617], [120.963695, 30.3404179], [120.9664525, 30.3447197], [120.9687236, 30.349228], [120.9704878, 30.353902], [120.9720228, 30.3607233], [120.9737061, 30.3648652], [120.9773066, 30.3714461], [120.9786753, 30.3750713], [120.982722, 30.3778435], [120.9868262, 30.3812514], [120.9914613, 30.386078], [120.9978125, 30.3910248], [121.0020184, 30.3953103], [121.0052371, 30.3993641], [121.0079945, 30.4036633], [121.009787, 30.4072193], [121.013831, 30.4131383], [121.0161021, 30.4176434], [121.0178664, 30.4223141], [121.0191078, 30.4271081], [121.0198151, 30.4319818], [121.0199819, 30.4368912], [121.0196946, 30.4402918], [121.0231007, 30.4454058], [121.0253718, 30.4499094], [121.0271361, 30.4545786], [121.0283775, 30.4593709], [121.0290848, 30.464243], [121.0295949, 30.4774359], [121.0291221, 30.483031], [121.0281319, 30.4878652], [121.026613, 30.4925961], [121.0245791, 30.497181], [121.0219595, 30.5016566], [121.0252941, 30.503938], [121.0293982, 30.5073415], [121.0317868, 30.5097725], [121.0383403, 30.5139948], [121.0408493, 30.5160753], [121.0438356, 30.5177458], [121.0486759, 30.5211118], [121.0510744, 30.5221715], [121.057168, 30.5257441], [121.0622913, 30.5269974], [121.0675983, 30.5287805], [121.072969, 30.5311532], [121.0786925, 30.5326402], [121.0858844, 30.5330515], [121.0914872, 30.5339372], [121.1062366, 30.5373476], [121.1123387, 30.5394817], [121.118953, 30.5404427], [121.1244328, 30.541783], [121.1281038, 30.5430163], [121.1330809, 30.5429781], [121.1387561, 30.5434011], [121.1443589, 30.5442867], [121.1498386, 30.5456269], [121.1551456, 30.5474097], [121.1609376, 30.549968], [121.1671324, 30.5536087], [121.1729539, 30.5561768], [121.1777315, 30.5588482], [121.1821926, 30.5618984], [121.1862967, 30.5652999], [121.1905026, 30.5695777], [121.1937213, 30.5736243], [121.2016285, 30.5850094], [121.2038997, 30.5895066], [121.2056639, 30.5941691], [121.206933, 30.5991451], [121.2100328, 30.6005135], [121.2171356, 30.6047729], [121.2233097, 30.606222], [121.2286167, 30.6080036], [121.2368249, 30.6119106], [121.2430362, 30.6139132], [121.2488283, 30.6164698], [121.2536058, 30.6191395], [121.2598405, 30.623657], [121.2656511, 30.6262195], [121.2704287, 30.628889], [121.2748897, 30.6319371], [121.278636, 30.6350398], [121.2848482, 30.6383421], [121.2893093, 30.6413899], [121.2934134, 30.6447886], [121.2959089, 30.6473248], [121.2992491, 30.6472992], [121.3080974, 30.6482227], [121.3152822, 30.6483565], [121.3199888, 30.6479335], [121.325685, 30.6478899], [121.331285, 30.6483068], [121.3354383, 30.6479335], [121.3411345, 30.6478899], [121.3468097, 30.6483124], [121.3524125, 30.649197], [121.3578922, 30.6505358], [121.3631992, 30.6523167], [121.3689912, 30.6548722], [121.3725876, 30.6568811], [121.3767761, 30.6513024], [121.3804087, 30.6475275], [121.3844419, 30.6440666], [121.3888393, 30.6409512], [121.3942595, 30.6378497], [121.3992992, 30.6355651], [121.4045686, 30.6337031], [121.4100197, 30.6322804], [121.4156034, 30.6313101], [121.421269, 30.6308008], [121.4269652, 30.6307572], [121.4326404, 30.6311797], [121.4382432, 30.6320645], [121.4437229, 30.6334035], [121.4490299, 30.6351847], [121.4548219, 30.6377407], [121.4595995, 30.6404099], [121.4640605, 30.6434576], [121.4681647, 30.6468562], [121.4723705, 30.6511304], [121.4755893, 30.6551736], [121.4783467, 30.6594614], [121.4806178, 30.6639552], [121.482382, 30.668614], [121.4836234, 30.6733958], [121.4843308, 30.6782572], [121.4844976, 30.6831541], [121.4840247, 30.6887373], [121.4830346, 30.6935613], [121.4815157, 30.6982822], [121.4781912, 30.7050577], [121.4763658, 30.7112707], [121.4743319, 30.7158452], [121.4714007, 30.7208418], [121.468331, 30.7249669], [121.4654842, 30.7280921], [121.4723758, 30.7302583], [121.4781679, 30.7328118], [121.4822471, 30.7350886], [121.4897282, 30.7367419], [121.4950351, 30.7385211], [121.5008272, 30.7410744], [121.5056047, 30.7437407], [121.5114682, 30.7479453], [121.515134, 30.74884], [121.520441, 30.750619], [121.5262331, 30.753172], [121.5310106, 30.755838], [121.5342623, 30.7580568], [121.537906, 30.7596627], [121.5448024, 30.7637742], [121.5518696, 30.7653618], [121.5571766, 30.7671405], [121.563377, 30.7699209], [121.5690492, 30.7708096], [121.5745289, 30.7721467], [121.5824196, 30.7750639], [121.5903352, 30.7761193], [121.5958149, 30.7774563], [121.6007257, 30.779102], [121.606128, 30.7799539], [121.6136051, 30.7819602], [121.618378, 30.782315], [121.6239808, 30.7831984], [121.6294605, 30.7845353], [121.6355615, 30.7866635], [121.6397737, 30.7873276], [121.6452534, 30.7886645], [121.6505603, 30.7904428], [121.6553249, 30.792542], [121.6593947, 30.7925109], [121.6650699, 30.7929328], [121.6706727, 30.7938161], [121.67414, 30.7946619], [121.6802857, 30.7955856], [121.6887188, 30.797821], [121.6926024, 30.7980931], [121.7070844, 30.7960121], [121.71275, 30.7955036], [121.7209147, 30.7956436], [121.7278562, 30.7949138], [121.7335524, 30.7948703], [121.7392276, 30.7952921], [121.7459291, 30.7964434], [121.7498289, 30.7960935], [121.7654814, 30.79605], [121.7711566, 30.7964718], [121.7767594, 30.797355], [121.7803506, 30.7982311], [121.7869077, 30.797568], [121.7926039, 30.7975245], [121.7982791, 30.7979463], [121.8060671, 30.7993626], [121.8100813, 30.7986662], [121.8157468, 30.7981578], [121.8237431, 30.7982853], [121.8284498, 30.7978629], [121.834146, 30.7978194], [121.8403081, 30.798318], [121.8451002, 30.7974866], [121.8507657, 30.7969782], [121.8564619, 30.7969347], [121.8621371, 30.7973565], [121.8665354, 30.7980499], [121.8743147, 30.7978194], [121.8799899, 30.7982412], [121.8855927, 30.7991245], [121.8910725, 30.8004612], [121.8955582, 30.8019641], [121.9033359, 30.8023698], [121.9089387, 30.803253], [121.9144184, 30.8045897], [121.9197254, 30.8063677], [121.9244976, 30.8084699], [121.9305546, 30.8098975], [121.9358616, 30.8116754], [121.9416536, 30.8142267], [121.9459895, 30.8166447], [121.9508241, 30.8174067], [121.9563038, 30.8187432], [121.9616108, 30.8205209], [121.9690183, 30.8239729], [121.9770603, 30.8264175], [121.9844757, 30.8298736], [121.98736, 30.8308397], [121.993152, 30.8333905], [121.9979296, 30.8360543], [122.0023906, 30.8390958], [122.0064947, 30.8424875], [122.0179104, 30.8535322], [122.0211291, 30.8575669], [122.0238865, 30.8618458], [122.0261576, 30.8663301], [122.0279219, 30.8709791], [122.0291633, 30.8757509], [122.0298706, 30.880602], [122.0298113, 30.8881532], [122.0301419, 30.8904206], [122.0329303, 30.8939664], [122.0357481, 30.8984046], [122.0380637, 30.9030515], [122.0400688, 30.9085642], [122.0414743, 30.9153683], [122.0435569, 30.9195468], [122.0455619, 30.9250585], [122.0467375, 30.9300093], [122.047211, 30.9338219], [122.0483085, 30.9368385], [122.049484, 30.9417887], [122.050108, 30.9468118], [122.0501749, 30.9518628], [122.0496554, 30.9567884], [122.0508573, 30.9618101], [122.0514813, 30.9668322], [122.0515482, 30.9718822], [122.0507552, 30.978454], [122.0514813, 30.9839052], [122.0515482, 30.9889542], [122.0509419, 30.9947004], [122.0494869, 31.0006236], [122.048882, 31.0064718], [122.0477594, 31.0114274], [122.0460946, 31.0162694], [122.0438362, 31.0210629], [122.0429529, 31.0249619], [122.0412881, 31.0298033], [122.0376957, 31.0367762], [122.0367731, 31.0408478], [122.0351083, 31.0456884], [122.0329162, 31.050372], [122.0286014, 31.0570189], [122.0268685, 31.062159], [122.0246765, 31.0668418], [122.0215511, 31.0719476], [122.0180009, 31.0764736], [122.0153713, 31.080769], [122.0121216, 31.084976], [122.0084214, 31.0889004], [122.0038918, 31.0928018], [122.0004486, 31.0973241], [121.99575, 31.1021226], [122.0021225, 31.1020953], [122.0079847, 31.1025836], [122.0150009, 31.1038562], [122.0224042, 31.1043474], [122.0281862, 31.1053086], [122.0338359, 31.106734], [122.0393027, 31.1086108], [122.0452636, 31.1112866], [122.0501758, 31.1140689], [122.0547584, 31.1172367], [122.0609108, 31.1227531], [122.0678046, 31.1272295], [122.0720164, 31.1307539], [122.0763276, 31.1351781], [122.0796222, 31.1393569], [122.08244, 31.1437837], [122.0847556, 31.1484187], [122.0871596, 31.1555933], [122.0909354, 31.1625213], [122.0927506, 31.1674984], [122.0964286, 31.1742718], [122.0984336, 31.1797688], [122.099529, 31.1843695], [122.1012351, 31.1877832], [122.1032402, 31.1932794], [122.1044157, 31.1982163], [122.1050397, 31.2032259], [122.1048948, 31.2102655], [122.1056401, 31.2154535], [122.1093405, 31.2167225], [122.1153014, 31.2193953], [122.1202136, 31.2221744], [122.1247962, 31.2253385], [122.129008, 31.2288593], [122.1333192, 31.2332788], [122.1373389, 31.2385913], [122.1419624, 31.241778], [122.1461742, 31.2452981], [122.1504853, 31.2497169], [122.15378, 31.2538907], [122.1565977, 31.2583121], [122.1594693, 31.2644644], [122.1627063, 31.2685645], [122.1655241, 31.2729852], [122.1678397, 31.2776139], [122.1698448, 31.2831049], [122.1710203, 31.2880371], [122.1716443, 31.2930419], [122.1715867, 31.2992503], [122.1730802, 31.3050523], [122.1737042, 31.3100562], [122.1737711, 31.3150879], [122.1731648, 31.3208144], [122.1720422, 31.3257536], [122.1703774, 31.3305796], [122.1681854, 31.3352491], [122.165309, 31.3399348], [122.1633789, 31.3440461], [122.1602535, 31.3491369], [122.1570038, 31.3533319], [122.1533036, 31.3572452], [122.1491864, 31.3608418], [122.1440178, 31.364523], [122.1391356, 31.3673362], [122.1339635, 31.3697421], [122.1285479, 31.3717192], [122.1221229, 31.3734311], [122.1163515, 31.3744348], [122.1108292, 31.3749371], [122.1035835, 31.3769486], [122.0978121, 31.3779522], [122.0919553, 31.3784849], [122.0852249, 31.3785113], [122.0793626, 31.3780244], [122.0748318, 31.3772462], [122.0673721, 31.3773388], [122.0615099, 31.3768519], [122.0543365, 31.3755667], [122.0508926, 31.3755801], [122.0424931, 31.3746574], [122.0390836, 31.3749675], [122.0323532, 31.3749939], [122.0264909, 31.374507], [122.0231279, 31.3739293], [122.0136329, 31.3763624], [122.0078615, 31.377366], [122.0028663, 31.3778204], [121.994652, 31.381099], [121.9864488, 31.3831199], [121.9795458, 31.3857885], [121.9731208, 31.3875001], [121.9659089, 31.3886347], [121.9582598, 31.3916501], [121.9558627, 31.3922886], [121.952368, 31.3943017], [121.9471959, 31.396707], [121.9417803, 31.3986835], [121.9360042, 31.4002867], [121.9404521, 31.4014054], [121.9459189, 31.4032764], [121.9494949, 31.4048767], [121.9554017, 31.4058452], [121.9610515, 31.407266], [121.9665183, 31.4091369], [121.972644, 31.4118973], [121.977531, 31.4131263], [121.9829977, 31.414997], [121.9873995, 31.4169666], [121.9959138, 31.4181514], [122.0015635, 31.4195721], [122.0091548, 31.4223932], [122.0158265, 31.423425], [122.0214763, 31.4248456], [122.0269431, 31.4267161], [122.032904, 31.429383], [122.0404956, 31.4340019], [122.0445769, 31.4358277], [122.0494892, 31.4386004], [122.0540717, 31.4417573], [122.0582835, 31.44527], [122.0625947, 31.4496794], [122.0658893, 31.4538443], [122.0687071, 31.4582563], [122.0710227, 31.4628759], [122.0730278, 31.468356], [122.0740968, 31.4728326], [122.0772025, 31.4786883], [122.0792076, 31.4841675], [122.0803831, 31.4890891], [122.0810071, 31.4940833], [122.081074, 31.4991051], [122.0804676, 31.5048204], [122.0790052, 31.5107334], [122.0784077, 31.5171136], [122.0772851, 31.5220425], [122.0756204, 31.5268584], [122.0734283, 31.5315182], [122.0701939, 31.5367393], [122.0687539, 31.5409044], [122.0665619, 31.5455635], [122.0634365, 31.5506434], [122.0601867, 31.5548293], [122.0556073, 31.5595007], [122.0531368, 31.5635156], [122.0498871, 31.5677011], [122.0461869, 31.5716054], [122.0420697, 31.5751938], [122.0369011, 31.5788666], [122.0342271, 31.5804039], [122.0290235, 31.5851381], [122.0238549, 31.5888105], [122.0189726, 31.5916169], [122.0147285, 31.5935865], [122.011168, 31.5973424], [122.0070508, 31.6009298], [122.0021552, 31.6044077], [121.9994389, 31.60751], [121.9954586, 31.6144023], [121.9922088, 31.6185854], [121.9885087, 31.6224876], [121.9843915, 31.626074], [121.9789852, 31.6298814], [121.9754625, 31.6335962], [121.9713452, 31.6371821], [121.9661766, 31.6408525], [121.9611546, 31.6437222], [121.9555524, 31.6488734], [121.9503838, 31.6525433], [121.9465945, 31.65472], [121.9540454, 31.6586192], [121.9603218, 31.663178], [121.9635528, 31.6646198], [121.968465, 31.6673858], [121.9730476, 31.6705349], [121.9772594, 31.674039], [121.9815705, 31.6784376], [121.9848652, 31.6825923], [121.9876829, 31.6869935], [121.9899985, 31.6916017], [121.9920036, 31.6970685], [121.9934305, 31.7039863], [121.9947502, 31.7075839], [121.9959257, 31.7124938], [121.9965497, 31.7174759], [121.9966166, 31.7224857], [121.9963149, 31.7253225], [121.997299, 31.7294319], [121.997923, 31.7344132], [121.9979899, 31.739422], [121.9973835, 31.7451226], [121.9957669, 31.7514651], [121.9953236, 31.7556326], [121.994201, 31.7605488], [121.9925363, 31.7653524], [121.9903442, 31.7700002], [121.9872189, 31.7750678], [121.9820026, 31.781314], [121.9807312, 31.7840095], [121.9776058, 31.7890764], [121.9752274, 31.7921322], [121.9733102, 31.7980391], [121.9711181, 31.8026852], [121.9679928, 31.8077511], [121.965803, 31.8105639], [121.9636971, 31.8172954], [121.9615051, 31.8219406], [121.959893, 31.8245532], [121.9591821, 31.8276642], [121.9575173, 31.8324643], [121.9553253, 31.8371087], [121.9521999, 31.8421727], [121.9491063, 31.8461451], [121.9463989, 31.8522744], [121.9432735, 31.8573375], [121.940678, 31.8606698], [121.939956, 31.8638279], [121.9382913, 31.8686262], [121.934903, 31.8752063], [121.9337762, 31.8801553], [121.9321114, 31.8849527], [121.9303343, 31.8887159], [121.9289697, 31.8958968], [121.9273049, 31.9006933], [121.9258851, 31.9036994], [121.9238717, 31.9100199], [121.9216797, 31.9146604], [121.9185543, 31.9197201], [121.9149723, 31.9242387], [121.9134399, 31.9274822], [121.9103146, 31.9325412], [121.9070027, 31.9367753], [121.9058868, 31.9391368], [121.9017791, 31.9454551], [121.9005258, 31.9490645], [121.8983337, 31.9537031], [121.8952084, 31.9587606], [121.8915254, 31.9633833], [121.8902261, 31.9671243], [121.888034, 31.9717619], [121.8857549, 31.9754494], [121.8850244, 31.9786411], [121.8833596, 31.9834333], [121.8811676, 31.9880702], [121.8780422, 31.9931258], [121.8729595, 31.999217], [121.8701813, 32.00554], [121.8670559, 32.0105947], [121.8638061, 32.0147599], [121.860106, 32.0186455], [121.8559888, 32.0222165], [121.8502206, 32.0262146], [121.8463731, 32.0302885], [121.8422559, 32.0338591], [121.8370873, 32.0375137], [121.8299945, 32.0413274], [121.824041, 32.0456623], [121.8191588, 32.0484549], [121.8143969, 32.0506538], [121.8086102, 32.055976], [121.8034417, 32.0596297], [121.7985594, 32.0624219], [121.7933873, 32.0648098], [121.7879717, 32.0667722], [121.7817426, 32.0684195], [121.7748479, 32.0717923], [121.7670352, 32.0743884], [121.7635405, 32.0763867], [121.7583684, 32.0787743], [121.7535359, 32.080525], [121.7478234, 32.0846492], [121.7429411, 32.0874406], [121.7357345, 32.0905649], [121.7285216, 32.0950031], [121.7233495, 32.0973902], [121.7179338, 32.0993518], [121.7087092, 32.1015334], [121.7027501, 32.1043702], [121.6973345, 32.1063317], [121.6905507, 32.108092], [121.6828374, 32.1119313], [121.6774218, 32.1138926], [121.6711463, 32.1155513], [121.6674101, 32.1176868], [121.662238, 32.1200733], [121.6538098, 32.1228306], [121.6464452, 32.12647], [121.6439192, 32.1273847], [121.6410687, 32.1298541], [121.6359002, 32.1335049], [121.6310179, 32.1362948], [121.6258458, 32.1386808], [121.61999, 32.1407579], [121.6138518, 32.1444346], [121.6086797, 32.1468204], [121.603264, 32.148781], [121.5968391, 32.1504786], [121.5898231, 32.1515861], [121.5847246, 32.1534317], [121.5782997, 32.1551292], [121.5720817, 32.1561647], [121.5654985, 32.1586636], [121.5627122, 32.1593997], [121.5618307, 32.1608966], [121.5609277, 32.1648337], [121.5592629, 32.1696162], [121.5570709, 32.1742436], [121.5539455, 32.1792889], [121.5506958, 32.1834465], [121.5445333, 32.1894567], [121.5419647, 32.1951643], [121.5388393, 32.2002085], [121.5340743, 32.205953], [121.5351903, 32.2106032], [121.5381309, 32.2178903], [121.5393064, 32.2227729], [121.5399304, 32.2277275], [121.5399973, 32.2327095], [121.539391, 32.2383795], [121.5387451, 32.2411931], [121.5392438, 32.2451515], [121.5393107, 32.2501326], [121.5387043, 32.2558015], [121.5375818, 32.260691], [121.535917, 32.2654684], [121.533725, 32.2700909], [121.5316894, 32.2733735], [121.5297372, 32.2794021], [121.5275451, 32.2840239], [121.5244198, 32.2890632], [121.52117, 32.2932157], [121.5174699, 32.2970894], [121.5143331, 32.2998017], [121.5101837, 32.3054041], [121.5046838, 32.3108334], [121.5015231, 32.3149301], [121.4976406, 32.3215634], [121.4952766, 32.3245831], [121.4940316, 32.3281533], [121.4918396, 32.3327726], [121.4887142, 32.3378092], [121.4854645, 32.3419595], [121.4801132, 32.3472581], [121.4802591, 32.3528608], [121.4796528, 32.3585233], [121.4785303, 32.3634072], [121.4768655, 32.3681793], [121.4754264, 32.3712105], [121.4748463, 32.3788217], [121.4737237, 32.3837046], [121.472059, 32.3884755], [121.4697256, 32.3933193], [121.4693531, 32.3967965], [121.4682306, 32.4016784], [121.4665658, 32.4064484], [121.4643738, 32.4110637], [121.4612484, 32.4160959], [121.4579986, 32.4202426], [121.4525275, 32.4256401], [121.4506408, 32.4296117], [121.4475155, 32.4346428], [121.4442657, 32.4387887], [121.4405656, 32.4426561], [121.4364484, 32.4462105], [121.4312798, 32.4498486], [121.4263976, 32.4526288], [121.4187789, 32.4558892], [121.4127404, 32.4602778], [121.4078581, 32.4630577], [121.402686, 32.4654351], [121.3972704, 32.4673888], [121.392774, 32.4685726], [121.3873345, 32.4724437], [121.3824523, 32.4752232], [121.3772801, 32.4776003], [121.3718645, 32.4795537], [121.3631138, 32.4816447], [121.3559941, 32.4851303], [121.3505785, 32.4870835], [121.3462422, 32.488225], [121.3426268, 32.4902829], [121.3374547, 32.4926597], [121.3338284, 32.4939674], [121.328283, 32.4979287], [121.3234007, 32.5007075], [121.3182286, 32.5030839], [121.3114939, 32.5053839], [121.3048613, 32.5093936], [121.2996892, 32.5117699], [121.2942736, 32.5137225], [121.2862593, 32.5156863], [121.2794554, 32.5198159], [121.2742833, 32.5221919], [121.2688677, 32.5241443], [121.2624427, 32.5258349], [121.2562665, 32.5268624], [121.2502507, 32.5297181], [121.2448351, 32.5316704], [121.2384101, 32.5333609], [121.2351845, 32.5339148], [121.227957, 32.5383415], [121.2227849, 32.5407169], [121.2173693, 32.542669], [121.2109443, 32.5443592], [121.2075994, 32.5449335], [121.2039244, 32.547024], [121.1987523, 32.5493993], [121.1920176, 32.5516981], [121.185385, 32.5557057], [121.1802129, 32.5580807], [121.1753539, 32.5598318], [121.1689812, 32.5645034], [121.164099, 32.56728], [121.1565068, 32.5705267], [121.1511284, 32.5743407], [121.1469457, 32.5767192], [121.1425641, 32.5805442], [121.1373955, 32.5841769], [121.1302038, 32.588013], [121.1274579, 32.5903797], [121.1222893, 32.594012], [121.1174071, 32.5967877], [121.1129417, 32.5988372], [121.1099297, 32.6009538], [121.1050475, 32.6037293], [121.0998753, 32.606103], [121.0953033, 32.6077498], [121.088568, 32.6118271], [121.0833958, 32.6142006], [121.0779802, 32.6161511], [121.070508, 32.6180196], [121.0659844, 32.6211976], [121.0611022, 32.6239725], [121.05593, 32.6263457], [121.0507457, 32.6282126], [121.0441581, 32.6317552], [121.038194, 32.6372283], [121.0342986, 32.6399644], [121.0333592, 32.6414367], [121.0319192, 32.6455517], [121.0297271, 32.6501548], [121.0268129, 32.6548346], [121.0250527, 32.6600049], [121.0228607, 32.6646072], [121.0197353, 32.6696252], [121.0173713, 32.6726332], [121.0161263, 32.6761896], [121.0139343, 32.6807911], [121.0101139, 32.6866924], [121.0077545, 32.6917713], [121.0046291, 32.6967878], [121.0016452, 32.7005834], [120.9969222, 32.7082574], [120.9958185, 32.7130405], [120.9941537, 32.717794], [120.9926973, 32.7208497], [120.9921345, 32.7260845], [120.9910119, 32.7309485], [120.9893472, 32.7357011], [120.98721, 32.7401843], [120.9872477, 32.7429722], [120.9866414, 32.7486101], [120.9847301, 32.7557239], [120.9851209, 32.7588085], [120.9851877, 32.7637612], [120.9845814, 32.7693978], [120.982944, 32.7757284], [120.9844969, 32.7815974], [120.9851209, 32.7865213], [120.9851877, 32.7914724], [120.9845814, 32.7971072], [120.9837122, 32.8008706], [120.9844969, 32.8041089], [120.9851209, 32.8090315], [120.9851877, 32.8139814], [120.9845814, 32.8196148], [120.9838487, 32.8227864], [120.9851209, 32.8303821], [120.9851877, 32.8353308], [120.9845814, 32.8409629], [120.9834588, 32.8458206], [120.9824237, 32.8487719], [120.9844969, 32.8560367], [120.9851209, 32.8609565], [120.9851877, 32.8659035], [120.9845814, 32.8715336], [120.9839899, 32.8740924], [120.9858701, 32.880836], [120.9864941, 32.8857543], [120.986561, 32.8906999], [120.9859547, 32.8963285], [120.984327, 32.9026223], [120.9851209, 32.9082394], [120.9851877, 32.9131838], [120.9845814, 32.9188109], [120.9834588, 32.9236643], [120.9817941, 32.9284066], [120.9804154, 32.9312925], [120.981001, 32.9359055], [120.9810679, 32.9408483], [120.9804615, 32.9464737], [120.9784428, 32.9538777], [120.978941, 32.9578017], [120.9790079, 32.9627433], [120.9784016, 32.9683673], [120.9769946, 32.9740278], [120.9775678, 32.9785405], [120.9776346, 32.9834809], [120.9770283, 32.9891036], [120.9748821, 32.9968667], [120.9735951, 33.009835], [120.9724725, 33.0146835], [120.9708077, 33.0194208], [120.9688702, 33.0234724], [120.967666, 33.0290766], [120.9660012, 33.0338132], [120.9638092, 33.0383962], [120.9619854, 33.0413121], [120.9598214, 33.0482032], [120.9576294, 33.0527854], [120.954504, 33.0577815], [120.9511921, 33.061963], [120.9469509, 33.0692906], [120.9434007, 33.0737188], [120.9407711, 33.0779215], [120.9375213, 33.0820374], [120.9350079, 33.0846456], [120.930463, 33.092034], [120.9281036, 33.0970897], [120.9251575, 33.1017969], [120.9244073, 33.1050335], [120.9227426, 33.109766], [120.9196373, 33.1158038], [120.917936, 33.1206932], [120.915744, 33.1252717], [120.9137085, 33.1285229], [120.9117562, 33.1344941], [120.9086191, 33.1405811], [120.9062631, 33.1482927], [120.904071, 33.1528697], [120.9017919, 33.1565089], [120.9010614, 33.1596589], [120.8993966, 33.1643885], [120.8969132, 33.1694298], [120.8955682, 33.1763273], [120.8945315, 33.1792721], [120.8939442, 33.1847059], [120.8930811, 33.1884262], [120.893797, 33.193705], [120.8938639, 33.1986333], [120.8932576, 33.2042422], [120.8925248, 33.2074], [120.893797, 33.2149626], [120.8938639, 33.2198898], [120.8932576, 33.2254973], [120.892135, 33.2303339], [120.8904702, 33.2350596], [120.8882782, 33.2396321], [120.886031, 33.2432168], [120.8842904, 33.2482682], [120.8820984, 33.25284], [120.878973, 33.2578247], [120.8757232, 33.2619323], [120.8720231, 33.265764], [120.8679059, 33.2692856], [120.8627373, 33.27289], [120.8560866, 33.27645], [120.8554921, 33.2829178], [120.8543695, 33.2877512], [120.8527047, 33.2924738], [120.8505127, 33.2970432], [120.8425808, 33.3106333], [120.839331, 33.3147384], [120.8356309, 33.3185678], [120.8315137, 33.3220873], [120.8263451, 33.3256896], [120.819042, 33.3295444], [120.8125522, 33.3396751], [120.8108193, 33.3446878], [120.8086273, 33.3492546], [120.8055019, 33.3542338], [120.8008632, 33.3597736], [120.7997407, 33.3623699], [120.7997934, 33.3662467], [120.7991871, 33.3718448], [120.7980646, 33.3766733], [120.7963998, 33.3813911], [120.7939297, 33.3863987], [120.7915933, 33.3940043], [120.7901345, 33.3970416], [120.7891382, 33.4013259], [120.7874734, 33.4060424], [120.7852813, 33.4106059], [120.782156, 33.4155816], [120.7801568, 33.4181039], [120.778547, 33.4226637], [120.776355, 33.4272264], [120.7691535, 33.4384345], [120.7660553, 33.4455625], [120.7629299, 33.4505362], [120.7596801, 33.4546347], [120.7569591, 33.4574463], [120.7558877, 33.4604798], [120.7536957, 33.4650404], [120.7514165, 33.4686666], [120.750686, 33.4718053], [120.7490212, 33.4765179], [120.7468292, 33.4810777], [120.7428917, 33.4870732], [120.7407815, 33.4936984], [120.7385895, 33.4982573], [120.735855, 33.5026062], [120.7348932, 33.5067373], [120.7332284, 33.511448], [120.7317817, 33.5144561], [120.7312092, 33.5225261], [120.7300867, 33.5273462], [120.7284219, 33.5320558], [120.7262298, 33.5366127], [120.7223476, 33.5425348], [120.7211603, 33.5479503], [120.7194955, 33.5526588], [120.7173034, 33.5572146], [120.7141781, 33.5621818], [120.7109283, 33.566275], [120.707868, 33.5694331], [120.7045651, 33.5747687], [120.701133, 33.5790494], [120.698764, 33.584104], [120.6940434, 33.5910785], [120.6920297, 33.5972816], [120.6898376, 33.601835], [120.685117, 33.608808], [120.6831033, 33.6150099], [120.6809112, 33.6195624], [120.6777859, 33.6245261], [120.6759303, 33.6268616], [120.6748635, 33.629876], [120.6726715, 33.6344277], [120.6695461, 33.6393905], [120.6662964, 33.6434801], [120.6638939, 33.6459571], [120.6625039, 33.649884], [120.6603119, 33.6544346], [120.6571865, 33.6593963], [120.6539367, 33.6634849], [120.6502366, 33.6672989], [120.6461194, 33.6708042], [120.643385, 33.6727023], [120.6395172, 33.6777712], [120.6370104, 33.6803547], [120.634906, 33.684722], [120.6322035, 33.6890109], [120.6302316, 33.6950278], [120.6280395, 33.6995761], [120.6249142, 33.7045351], [120.6221853, 33.7079666], [120.6213052, 33.7104513], [120.6179919, 33.7167775], [120.6167901, 33.7223151], [120.6151254, 33.7270141], [120.6129333, 33.7315607], [120.6099872, 33.7362336], [120.609237, 33.7394467], [120.6075723, 33.7441447], [120.6044351, 33.7501892], [120.6037439, 33.7531495], [120.6000192, 33.7635553], [120.5978271, 33.7680999], [120.5944215, 33.7734072], [120.5944864, 33.7781613], [120.5938801, 33.7837328], [120.5927576, 33.7885382], [120.5910928, 33.7932336], [120.5889007, 33.7977766], [120.5857754, 33.80273], [120.5825256, 33.8068118], [120.5797785, 33.8096388], [120.5770324, 33.8130876], [120.5716045, 33.8183634], [120.5674194, 33.8239265], [120.5657231, 33.8256717], [120.5617428, 33.8323947], [120.558493, 33.836475], [120.5547929, 33.8402814], [120.5492209, 33.8447874], [120.5473232, 33.8477935], [120.5440735, 33.8518731], [120.5403733, 33.8556787], [120.5364601, 33.859003], [120.5330871, 33.8632772], [120.529387, 33.8670824], [120.5228136, 33.8722805], [120.5216095, 33.8747738], [120.5184841, 33.8797228], [120.5152343, 33.8838009], [120.5115342, 33.8876051], [120.5064012, 33.8918047], [120.5026913, 33.8979627], [120.4994415, 33.9020399], [120.4957414, 33.9058434], [120.4916242, 33.9093389], [120.4861493, 33.9130883], [120.4849542, 33.9185517], [120.4832894, 33.9232398], [120.4810974, 33.927776], [120.4791287, 33.9308914], [120.4785237, 33.9365437], [120.4774011, 33.9413406], [120.4749356, 33.947684], [120.4750101, 33.9526287], [120.4744038, 33.9581888], [120.4732812, 33.9629845], [120.4716165, 33.9676702], [120.4692081, 33.9725462], [120.4677881, 33.9800678], [120.4661233, 33.9847527], [120.4639313, 33.9892855], [120.4599938, 33.9952456], [120.4578835, 34.0018316], [120.4556915, 34.0063636], [120.4531359, 34.0104042], [120.4519952, 34.0153626], [120.4503304, 34.0200455], [120.4481384, 34.0245764], [120.4450131, 34.0295167], [120.4416433, 34.0337107], [120.4393441, 34.0411003], [120.4371521, 34.0456302], [120.4340267, 34.0505692], [120.430777, 34.0546391], [120.4280559, 34.0574311], [120.4269845, 34.0604434], [120.4247925, 34.0649722], [120.4216671, 34.0699101], [120.4184173, 34.0739791], [120.4155031, 34.0769686], [120.4131195, 34.0820351], [120.4099941, 34.086972], [120.4067444, 34.0910401], [120.4036812, 34.0941819], [120.4025567, 34.0989867], [120.400892, 34.1036649], [120.3976538, 34.1098435], [120.3963769, 34.1160427], [120.3947122, 34.12072], [120.391575, 34.1267377], [120.389219, 34.1343616], [120.387027, 34.1388864], [120.3830629, 34.1448692], [120.3801605, 34.1513886], [120.3770351, 34.1563215], [120.3734465, 34.1607336], [120.3653622, 34.1745021], [120.3617801, 34.1789064], [120.3602478, 34.1820679], [120.3573335, 34.1866659], [120.3555734, 34.1917457], [120.3533813, 34.1962675], [120.3511259, 34.1998254], [120.3508076, 34.202736], [120.349685, 34.2075178], [120.3480203, 34.21219], [120.3450326, 34.2179656], [120.3452341, 34.2238804], [120.3446278, 34.2294227], [120.3435052, 34.234203], [120.3410843, 34.2404328], [120.3405079, 34.2481551], [120.3393854, 34.2529344], [120.3377206, 34.2576041], [120.3340279, 34.2644878], [120.3336415, 34.2680183], [120.3325189, 34.2727965], [120.3308541, 34.2774651], [120.3286621, 34.2819823], [120.3264211, 34.2855138], [120.3266947, 34.2919829], [120.3260884, 34.2975207], [120.3249658, 34.3022971], [120.323301, 34.3069641], [120.3210428, 34.3115841], [120.3205952, 34.3156708], [120.3194726, 34.3204463], [120.3178079, 34.3251122], [120.3156158, 34.3296269], [120.3124905, 34.3345493], [120.3092407, 34.3386055], [120.3055406, 34.3423893], [120.3014234, 34.3458668], [120.2962548, 34.3494262], [120.2913725, 34.3521463], [120.2862004, 34.3544726], [120.2825477, 34.355762], [120.276342, 34.3601967], [120.2714598, 34.3629164], [120.2662877, 34.3652424], [120.2602137, 34.3673234], [120.2549803, 34.3702846], [120.2498082, 34.3726104], [120.2438929, 34.3746504], [120.2385765, 34.3783333], [120.2336943, 34.3810524], [120.2285222, 34.3833779], [120.2231066, 34.3852889], [120.2138106, 34.3874261], [120.2089751, 34.3901189], [120.2038029, 34.3924442], [120.1983873, 34.394355], [120.1901105, 34.3963207], [120.1818303, 34.4003764], [120.1764109, 34.4022879], [120.1733452, 34.4043978], [120.168463, 34.407116], [120.1632909, 34.4094408], [120.1578752, 34.4113512], [120.1496341, 34.4133105], [120.1433781, 34.4162385], [120.1379625, 34.4181487], [120.1344492, 34.4190532], [120.1286376, 34.4224105], [120.1234654, 34.4247348], [120.1190158, 34.4263042], [120.1132825, 34.4314291], [120.1081139, 34.4349848], [120.1032317, 34.4377021], [120.0965855, 34.4405458], [120.092321, 34.4434792], [120.0874388, 34.4461963], [120.0821797, 34.4485506], [120.0751549, 34.4536714], [120.0702727, 34.4563881], [120.0651006, 34.4587115], [120.0613692, 34.460027], [120.0566155, 34.4632962], [120.0517333, 34.4660126], [120.0465611, 34.4683357], [120.0411455, 34.4702447], [120.0361938, 34.4715187], [120.0287083, 34.4751286], [120.0215112, 34.4774958], [120.0167143, 34.4801642], [120.0115422, 34.4824869], [120.0061266, 34.4843957], [119.9997016, 34.4860483], [119.9939302, 34.4870173], [119.98531, 34.4875421], [119.9772875, 34.4906213], [119.9708625, 34.4922739], [119.9633698, 34.4933939], [119.9586705, 34.4955039], [119.9532549, 34.4974124], [119.9468299, 34.4990648], [119.9410585, 34.5000336], [119.9370703, 34.5003838], [119.9326555, 34.5019394], [119.9262306, 34.5035918], [119.9200126, 34.5045997], [119.9134294, 34.5070321], [119.9070045, 34.5086844], [119.9019363, 34.509535], [119.8962633, 34.5115587], [119.8898384, 34.5132108], [119.884067, 34.5141794], [119.8782102, 34.5146936], [119.8734832, 34.5147115], [119.8584525, 34.5199013], [119.8523572, 34.5253899], [119.8471886, 34.5289416], [119.8423064, 34.5316559], [119.8371342, 34.5339771], [119.832282, 34.5356863], [119.8265135, 34.5390092], [119.8213414, 34.5413303], [119.8159258, 34.5432377], [119.8067012, 34.5453589], [119.800742, 34.5481172], [119.7953264, 34.5500245], [119.7884002, 34.5517599], [119.7822802, 34.5539832], [119.7758552, 34.5556345], [119.7724392, 34.5562075], [119.767783, 34.5582966], [119.7623674, 34.5602036], [119.7531071, 34.5623304], [119.7451237, 34.5662131], [119.7397081, 34.5681199], [119.7332832, 34.5697709], [119.7248379, 34.5709734], [119.7193968, 34.5740701], [119.7142247, 34.5763902], [119.7088091, 34.5782968], [119.7044168, 34.5794253], [119.6981108, 34.5831157], [119.6941027, 34.5849134], [119.6909929, 34.5880843], [119.6868756, 34.5915516], [119.681707, 34.5951006], [119.6768248, 34.5978126], [119.6715433, 34.6001706], [119.6669603, 34.6050411], [119.662843, 34.6085077], [119.6576744, 34.6120559], [119.6541552, 34.6140105], [119.6497941, 34.6186041], [119.6456769, 34.6220701], [119.6405083, 34.6256177], [119.6356261, 34.6283288], [119.6304539, 34.6306474], [119.625542, 34.6323755], [119.6230176, 34.6345003], [119.617849, 34.6380474], [119.6129668, 34.6407581], [119.6077946, 34.6430763], [119.602379, 34.6449814], [119.5979868, 34.646109], [119.5913049, 34.6499649], [119.5852521, 34.6554015], [119.5800835, 34.6589477], [119.576155, 34.6611283], [119.5728925, 34.6638735], [119.5677239, 34.6674193], [119.5628417, 34.670129], [119.5576695, 34.6724464], [119.5522539, 34.6743508], [119.5442985, 34.6762561], [119.5478156, 34.6785915], [119.5520274, 34.6819772], [119.5563386, 34.6862274], [119.5596332, 34.6902418], [119.562451, 34.6944944], [119.5647666, 34.698947], [119.5667716, 34.7042292], [119.5679472, 34.7089737], [119.5685712, 34.7137881], [119.5686296, 34.7180182], [119.5715782, 34.7251128], [119.5727537, 34.7298561], [119.5733777, 34.7346693], [119.5734446, 34.7395092], [119.5728383, 34.7450173], [119.5717157, 34.7497682], [119.5700509, 34.7544102], [119.5678589, 34.7589016], [119.5647335, 34.7637987], [119.5625131, 34.7665558], [119.5596191, 34.7730033], [119.5564938, 34.7778996], [119.553244, 34.7819342], [119.5495439, 34.785698], [119.5454266, 34.789157], [119.5402581, 34.7926975], [119.5353758, 34.7954031], [119.5302037, 34.797717], [119.5253712, 34.7994138], [119.5196587, 34.8034107], [119.5147765, 34.8061159], [119.5096043, 34.8084295], [119.5041887, 34.8103308], [119.5004511, 34.8112884], [119.4963127, 34.8141225], [119.4914305, 34.8168274], [119.4862584, 34.8191407], [119.4808428, 34.8210417], [119.4744178, 34.8226877], [119.4703515, 34.8233676], [119.4657366, 34.8249874], [119.4593116, 34.8266333], [119.4535402, 34.8275983], [119.4476835, 34.8281105], [119.440953, 34.8281359], [119.4350908, 34.8276677], [119.4284925, 34.826578], [119.4228658, 34.8251487], [119.4174292, 34.8232887], [119.4129278, 34.8213192], [119.405013, 34.8195119], [119.3997652, 34.8177163], [119.390162, 34.816288], [119.3815324, 34.8158302], [119.3721725, 34.8140388], [119.3663672, 34.8136803], [119.3606023, 34.8163221], [119.3551867, 34.8182231], [119.3487617, 34.8198692], [119.3444295, 34.8205936], [119.3359606, 34.8238601], [119.3309625, 34.8251405], [119.3266356, 34.8275374], [119.3214635, 34.8298504], [119.3160479, 34.8317512], [119.3096229, 34.8333969], [119.3048206, 34.8341998], [119.2974309, 34.8377409], [119.2920153, 34.8396415], [119.2855903, 34.8412871], [119.2798189, 34.8422519], [119.2739622, 34.842764], [119.2646209, 34.8425809], [119.257529, 34.8441], [119.2575876, 34.848338], [119.2571608, 34.8522102], [119.2582074, 34.8587187], [119.2582743, 34.8635513], [119.2576072, 34.869308], [119.2582224, 34.8750116], [119.2596433, 34.8803915], [119.2602673, 34.885196], [119.2603228, 34.8891998], [119.2617033, 34.8944725], [119.2623273, 34.8992761], [119.2623942, 34.9041063], [119.2614646, 34.9109687], [119.2623273, 34.9167322], [119.2623942, 34.9215614], [119.2612365, 34.9293857], [119.2616406, 34.9324958], [119.2617075, 34.937324], [119.2611012, 34.9428189], [119.2580996, 34.9534634], [119.2584001, 34.9551492], [119.2617003, 34.9599741], [119.2640159, 34.9644124], [119.2660209, 34.9696775], [119.2671964, 34.9744068], [119.2678204, 34.9792057], [119.2678873, 34.9840312], [119.267281, 34.989523], [119.2666352, 34.9922482], [119.2671338, 34.9960823], [119.2672007, 35.0009068], [119.2667309, 35.0051613], [119.267335, 35.0080985], [119.268433, 35.0099773], [119.2700127, 35.011242], [119.2784766, 35.0151476], [119.2836641, 35.0159724], [119.2893138, 35.0173359], [119.2947806, 35.0191311], [119.2988695, 35.0208868], [119.303288, 35.0212388], [119.3090699, 35.0221581], [119.3147197, 35.0235215], [119.3227966, 35.0264372], [119.3298259, 35.0280198], [119.3352927, 35.0298148], [119.3412536, 35.0323739], [119.3448917, 35.0343447], [119.349582, 35.0350904], [119.3552318, 35.0364535], [119.3606986, 35.0382483], [119.3666595, 35.0408072], [119.3705398, 35.042909], [119.3765178, 35.0443241], [119.3819846, 35.0461187], [119.3879455, 35.0486774], [119.3928577, 35.0513378], [119.3974403, 35.0543668], [119.4018823, 35.0579631], [119.4052173, 35.0597691], [119.4097999, 35.0627978], [119.4140117, 35.0661678], [119.4183228, 35.0703981], [119.4216175, 35.0743938], [119.4244353, 35.0786266], [119.4267509, 35.0830584], [119.4287559, 35.0883159], [119.4299628, 35.093279], [119.4348023, 35.0979306], [119.438097, 35.101925], [119.4409148, 35.1061564], [119.4432304, 35.1105867], [119.4452354, 35.1158424], [119.4464109, 35.1205632], [119.4470349, 35.1253536], [119.4471018, 35.1301704], [119.446553, 35.1351321], [119.4470349, 35.1388309], [119.4471018, 35.143647], [119.4464955, 35.1491281], [119.4458413, 35.151883], [119.447982, 35.1573953], [119.4491575, 35.1621138], [119.4497815, 35.1669017], [119.4498484, 35.1717161], [119.4492421, 35.1771952], [119.4485776, 35.1799927], [119.4497815, 35.1871066], [119.4498186, 35.1897781], [119.4521018, 35.1955604], [119.4532774, 35.2002766], [119.4537023, 35.2035355], [119.45559, 35.2071428], [119.457595, 35.2123923], [119.4588331, 35.217587], [119.4624564, 35.2239722], [119.4644615, 35.2292206], [119.465637, 35.2339349], [119.466261, 35.2387185], [119.4661268, 35.2453443], [119.4667818, 35.2470584], [119.4725086, 35.2500835], [119.4770911, 35.2531052], [119.4813029, 35.2564673], [119.4856141, 35.2606877], [119.4889087, 35.2646741], [119.4910032, 35.267813], [119.4943492, 35.2704835], [119.4986603, 35.2747032], [119.5019166, 35.2786424], [119.5056071, 35.2795302], [119.5110739, 35.2813196], [119.5194321, 35.2851655], [119.5248068, 35.2869247], [119.5307677, 35.2894758], [119.5384582, 35.2939593], [119.5451873, 35.2967616], [119.5500995, 35.2994139], [119.5546821, 35.3024336], [119.5588939, 35.3057937], [119.5644639, 35.3115339], [119.5685069, 35.3147589], [119.5728181, 35.3189763], [119.5761127, 35.3229599], [119.5800434, 35.3293032], [119.5843947, 35.3336954], [119.5904796, 35.3382879], [119.5947907, 35.3425041], [119.5980854, 35.3464864], [119.6009032, 35.3507051], [119.6024763, 35.3537059], [119.6085236, 35.3593054], [119.6118183, 35.3632869], [119.6146361, 35.3675047], [119.6169517, 35.3719208], [119.6189567, 35.3771596], [119.6201322, 35.3818652], [119.6207631, 35.3871339], [119.6221922, 35.3925013], [119.6227145, 35.3964979], [119.6245048, 35.3999108], [119.6265098, 35.4051478], [119.6277865, 35.4106258], [119.6306048, 35.4173947], [119.6331755, 35.42124], [119.6360154, 35.4270221], [119.6414234, 35.429882], [119.6460059, 35.4328969], [119.6502177, 35.4362515], [119.6545289, 35.4404626], [119.6578235, 35.4444401], [119.6606413, 35.4486536], [119.6629569, 35.4530652], [119.6653609, 35.4598941], [119.6691367, 35.4664882], [119.6711418, 35.4717208], [119.6723173, 35.4764209], [119.6729757, 35.4836576], [119.6759483, 35.4907316], [119.6772894, 35.4966961], [119.6787498, 35.4994767], [119.6807548, 35.5047072], [119.6820959, 35.5106707], [119.6835563, 35.5134508], [119.6858274, 35.5197438], [119.6887938, 35.5241326], [119.6902661, 35.526935], [119.6949024, 35.5322172], [119.6987549, 35.5383954], [119.7032807, 35.5427718], [119.7062945, 35.5464056], [119.7121994, 35.5443846], [119.7209347, 35.5424917], [119.7355921, 35.5367106], [119.7410385, 35.5348861], [119.7466728, 35.5334893], [119.7532768, 35.5324325], [119.7591415, 35.5319893], [119.7650314, 35.5319998], [119.7698002, 35.5323773], [119.7749343, 35.5319893], [119.7808242, 35.5319998], [119.7866865, 35.5324638], [119.7924684, 35.5333774], [119.7981181, 35.5347321], [119.8035849, 35.5365159], [119.8095458, 35.5390591], [119.814458, 35.5417035], [119.8190406, 35.5447142], [119.8239293, 35.5487244], [119.8301452, 35.5513504], [119.8350574, 35.5539943], [119.83964, 35.5570046], [119.8445491, 35.5610341], [119.8487206, 35.5603668], [119.8545852, 35.5599237], [119.8604751, 35.5599342], [119.8663373, 35.5603981], [119.8721193, 35.5613113], [119.877769, 35.5626656], [119.8832358, 35.5644488], [119.8917844, 35.5683836], [119.8990286, 35.5705927], [119.9049895, 35.5731348], [119.9099017, 35.575778], [119.9144843, 35.5787875], [119.9172996, 35.5810257], [119.9230612, 35.5828791], [119.9260115, 35.5841371], [119.9352907, 35.5853267], [119.9409404, 35.5866806], [119.9464072, 35.5884632], [119.9523681, 35.5910048], [119.9572803, 35.5936474], [119.9618629, 35.5966562], [119.9660747, 35.600004], [119.9703858, 35.6042065], [119.9736805, 35.6081759], [119.9764983, 35.6123808], [119.9788139, 35.6167834], [119.9808189, 35.6220063], [119.981738, 35.6256744], [119.9840514, 35.6291258], [119.986367, 35.6335275], [119.988372, 35.6387493], [119.9895475, 35.6434396], [119.9901715, 35.648199], [119.9902384, 35.6529848], [119.9896321, 35.6584313], [119.9885095, 35.663129], [119.9869432, 35.6674475], [119.9943422, 35.6684872], [119.9999919, 35.6698397], [120.0054587, 35.6716205], [120.0132605, 35.6751487], [120.0226512, 35.6770911], [120.028118, 35.6788717], [120.0340789, 35.6814104], [120.0389911, 35.68405], [120.0435737, 35.6870554], [120.0477855, 35.6903994], [120.0520966, 35.6945971], [120.0553913, 35.6985621], [120.0582802, 35.7028974], [120.062205, 35.7060129], [120.0665162, 35.7102098], [120.0698108, 35.714174], [120.0726286, 35.7183733], [120.0749442, 35.7227701], [120.0769493, 35.7279861], [120.0776233, 35.7306725], [120.081555, 35.7362109], [120.0837416, 35.7403617], [120.0875705, 35.7340809], [120.0928803, 35.7280207], [120.0958102, 35.7234901], [120.0995617, 35.7189533], [120.1033236, 35.7152737], [120.1074974, 35.7118995], [120.1137115, 35.7079617], [120.1202857, 35.7032854], [120.1258901, 35.7002588], [120.1310999, 35.6980276], [120.1365464, 35.6962068], [120.1421806, 35.6948128], [120.1487847, 35.6937581], [120.1555469, 35.6933174], [120.159771, 35.6926428], [120.1656356, 35.6922005], [120.1715255, 35.6922109], [120.1773877, 35.6926741], [120.1831697, 35.6935858], [120.1888194, 35.6949379], [120.1942862, 35.6967181], [120.2002471, 35.6992562], [120.2066851, 35.7028956], [120.2112334, 35.7048322], [120.2161456, 35.707471], [120.2207282, 35.7104755], [120.22494, 35.7138185], [120.2292512, 35.718015], [120.2325458, 35.7219788], [120.2353636, 35.7261777], [120.2376792, 35.7305741], [120.2394944, 35.7352957], [120.2431724, 35.7417213], [120.2451774, 35.746936], [120.2463529, 35.75162], [120.2469769, 35.7563729], [120.2470438, 35.7611522], [120.2464375, 35.7665913], [120.2453149, 35.7712827], [120.2436501, 35.7758665], [120.2413918, 35.7804043], [120.2405084, 35.7840953], [120.2388436, 35.7886784], [120.2366516, 35.7931128], [120.2343725, 35.7966386], [120.2319772, 35.8042726], [120.2297851, 35.8087062], [120.2266598, 35.8135402], [120.22341, 35.8175235], [120.2197099, 35.8212394], [120.2155927, 35.8246544], [120.2104241, 35.8281499], [120.2055419, 35.8308211], [120.2003697, 35.8331055], [120.1949541, 35.8349828], [120.1885292, 35.8366083], [120.1827578, 35.8375613], [120.176901, 35.8380672], [120.1701705, 35.8380922], [120.1643083, 35.8376299], [120.15771, 35.8365537], [120.1520833, 35.8351421], [120.1466467, 35.8333052], [120.141449, 35.8310592], [120.1358609, 35.8280176], [120.1313289, 35.8249676], [120.1271732, 35.8215833], [120.1234312, 35.8178951], [120.1197042, 35.8133505], [120.1169567, 35.8091256], [120.1152494, 35.8057621], [120.1091766, 35.8032196], [120.1035886, 35.8001769], [120.1001618, 35.7978699], [120.0990594, 35.802475], [120.0973947, 35.807057], [120.0944178, 35.8136479], [120.0966612, 35.8169871], [120.1037833, 35.8297294], [120.1062698, 35.8368545], [120.1137594, 35.8400363], [120.1228751, 35.8426849], [120.128836, 35.8452184], [120.1318579, 35.8468389], [120.1396047, 35.848886], [120.1446648, 35.8480795], [120.149336, 35.8477279], [120.1566001, 35.8457926], [120.1632042, 35.84474], [120.1690689, 35.8442985], [120.1749588, 35.8443089], [120.180821, 35.8447712], [120.1866029, 35.8456812], [120.1922526, 35.8470306], [120.1977194, 35.8488074], [120.2036803, 35.8513407], [120.2085925, 35.8539747], [120.213354, 35.8571153], [120.2180999, 35.859132], [120.2230121, 35.8617658], [120.2275947, 35.8647644], [120.2318065, 35.868101], [120.2372848, 35.8736909], [120.2433367, 35.8791978], [120.2475993, 35.882567], [120.2519105, 35.8867546], [120.2556091, 35.8913107], [120.2615235, 35.8967674], [120.2648182, 35.9007223], [120.266704, 35.9035261], [120.2695458, 35.9012342], [120.2740943, 35.8982031], [120.2796987, 35.8951839], [120.2849085, 35.8929582], [120.2903549, 35.8911418], [120.2959892, 35.8897512], [120.3025932, 35.8886991], [120.3084579, 35.8882579], [120.3143478, 35.8882683], [120.32021, 35.8887303], [120.327499, 35.8899996], [120.3325696, 35.8903992], [120.3383516, 35.8913086], [120.3440013, 35.8926573], [120.3494681, 35.8944331], [120.355429, 35.8969649], [120.3603412, 35.8995974], [120.3649238, 35.9025946], [120.3691356, 35.9059296], [120.3734467, 35.9101159], [120.3767414, 35.9140701], [120.3795592, 35.9182589], [120.3818748, 35.9226446], [120.3838798, 35.9278475], [120.3850553, 35.9325207], [120.3856793, 35.9372629], [120.3857462, 35.9420312], [120.3851399, 35.947458], [120.3840173, 35.9521387], [120.3823525, 35.956712], [120.3801605, 35.9611371], [120.3770351, 35.9659618], [120.3737854, 35.9699374], [120.3700853, 35.9736462], [120.3656639, 35.9772599], [120.3674003, 35.9817626], [120.3685758, 35.9864327], [120.3691998, 35.9911716], [120.3691253, 35.9981103], [120.3773257, 35.9999956], [120.3823257, 36.0000044], [120.3881879, 36.0004658], [120.3939699, 36.001374], [120.4015053, 36.0033325], [120.4101606, 36.0037987], [120.4159425, 36.0047069], [120.4202515, 36.005734], [120.4296754, 36.0069287], [120.4353251, 36.0082754], [120.4407919, 36.0100486], [120.4478035, 36.013139], [120.4538382, 36.0150474], [120.4597991, 36.0175754], [120.4647113, 36.0202038], [120.4692939, 36.0231965], [120.4735057, 36.0265263], [120.4782471, 36.0312219], [120.4825641, 36.0335315], [120.4871467, 36.0365236], [120.4920558, 36.0405289], [120.4962273, 36.0398656], [120.5020919, 36.0394252], [120.5079818, 36.0394356], [120.513844, 36.0398968], [120.519626, 36.0408045], [120.5252757, 36.0421506], [120.531944, 36.0444324], [120.5378766, 36.0448936], [120.5440356, 36.0458911], [120.552108, 36.0436917], [120.558712, 36.0426417], [120.5645767, 36.0422013], [120.5704666, 36.0422117], [120.578422, 36.0430014], [120.5865493, 36.0422013], [120.5924392, 36.0422117], [120.5983014, 36.0426728], [120.6040834, 36.0435805], [120.6097331, 36.0449266], [120.6151999, 36.046699], [120.6211608, 36.0492259], [120.6268273, 36.0523457], [120.6342071, 36.0553324], [120.6391193, 36.0579597], [120.6437019, 36.0609508], [120.6489893, 36.0653215], [120.6553748, 36.0692766], [120.6598947, 36.0731273], [120.6618097, 36.0747586], [120.6638671, 36.076136], [120.6693999, 36.0787284], [120.6738138, 36.0793966], [120.6768966, 36.079402], [120.6857598, 36.0803338], [120.6909195, 36.0799466], [120.6968093, 36.079957], [120.7026716, 36.0804179], [120.7084535, 36.0813251], [120.716004, 36.0832865], [120.7218976, 36.0837474], [120.7276796, 36.0846547], [120.7333293, 36.086], [120.7387961, 36.0877715], [120.744757, 36.0902971], [120.7496692, 36.0929231], [120.7542518, 36.095913], [120.7584636, 36.0992398], [120.7627747, 36.1034159], [120.7660694, 36.1073604], [120.7688872, 36.1115389], [120.7712028, 36.1159139], [120.7732078, 36.121104], [120.7743833, 36.1257658], [120.7750073, 36.1304963], [120.7750742, 36.135253], [120.7744679, 36.1406665], [120.7733453, 36.1453357], [120.7716805, 36.1498978], [120.7681565, 36.1563632], [120.766874, 36.1598773], [120.764682, 36.1642909], [120.7617359, 36.1688272], [120.7603515, 36.1736836], [120.7679029, 36.1741469], [120.7736848, 36.1750531], [120.7793345, 36.1763969], [120.7848013, 36.1781663], [120.7907622, 36.180689], [120.7960751, 36.1835731], [120.8005326, 36.1820921], [120.8061668, 36.1807066], [120.8127709, 36.1796584], [120.8186355, 36.1792188], [120.8245254, 36.1792292], [120.8303876, 36.1796895], [120.8361696, 36.1805956], [120.8418193, 36.1819393], [120.8472861, 36.1837086], [120.853247, 36.1862311], [120.8581592, 36.188854], [120.8627418, 36.1918402], [120.8669536, 36.1951629], [120.8712647, 36.1993339], [120.8745594, 36.2032736], [120.8773772, 36.207447], [120.8796928, 36.2118167], [120.8816978, 36.2170004], [120.8828733, 36.2216565], [120.8834973, 36.2263813], [120.8835642, 36.2311321], [120.8829579, 36.236539], [120.88218, 36.2397707], [120.8815846, 36.2470612], [120.880462, 36.251724], [120.8787972, 36.25628], [120.8766052, 36.2606882], [120.8734798, 36.2654945], [120.8702301, 36.269455], [120.86653, 36.2731496], [120.8624127, 36.2765451], [120.8572441, 36.2800206], [120.8523619, 36.2826765], [120.8471898, 36.2849479], [120.8417742, 36.2868144], [120.8353492, 36.2884306], [120.8295778, 36.2893781], [120.8237211, 36.2898811], [120.8169906, 36.2899059], [120.8111284, 36.2894463], [120.8045301, 36.2883762], [120.7989034, 36.2869728], [120.7934668, 36.2851463], [120.7881923, 36.2828717], [120.7870515, 36.2832649], [120.7857049, 36.289922], [120.7840402, 36.2944757], [120.7818481, 36.2988818], [120.7788928, 36.3034244], [120.7810213, 36.3075793], [120.7846088, 36.3117965], [120.7874266, 36.3159641], [120.7897422, 36.3203277], [120.7917472, 36.3255042], [120.7929228, 36.3301539], [120.7935527, 36.335293], [120.799206, 36.3328422], [120.8046524, 36.331036], [120.8116713, 36.3294338], [120.8177454, 36.3267572], [120.8231919, 36.3249509], [120.8288261, 36.3235679], [120.8354302, 36.3225217], [120.8412948, 36.3220828], [120.8471847, 36.3220932], [120.8558016, 36.3229836], [120.8622093, 36.3219684], [120.868074, 36.3215296], [120.8739639, 36.32154], [120.8798261, 36.3219995], [120.885608, 36.3229039], [120.8912578, 36.3242452], [120.8967246, 36.3260113], [120.9026855, 36.3285292], [120.9094732, 36.3323673], [120.9180106, 36.334862], [120.9239715, 36.3373797], [120.9288837, 36.3399974], [120.9334663, 36.3429779], [120.9376781, 36.3462942], [120.9419892, 36.3504571], [120.9456519, 36.3549333], [120.9506864, 36.3598509], [120.9546705, 36.3601631], [120.9604524, 36.3610671], [120.9661021, 36.3624077], [120.9716161, 36.3641928], [120.9766431, 36.3645866], [120.9824251, 36.3654906], [120.9880748, 36.3668311], [120.9935416, 36.3685962], [120.9973561, 36.3702066], [121.0047956, 36.3706686], [121.0105775, 36.3715725], [121.0162272, 36.3729129], [121.021694, 36.3746779], [121.0276549, 36.3771942], [121.0325672, 36.3798107], [121.0371497, 36.3827896], [121.0413615, 36.3861042], [121.0456727, 36.390265], [121.0493007, 36.3946877], [121.0564677, 36.3999224], [121.0607789, 36.4040824], [121.0640735, 36.4080118], [121.0668913, 36.4121743], [121.0692069, 36.4165324], [121.071212, 36.4217026], [121.0724167, 36.4265672], [121.0739585, 36.4305424], [121.0751341, 36.4351858], [121.0757581, 36.4398976], [121.0758249, 36.4446355], [121.0752186, 36.4500275], [121.0740961, 36.4546782], [121.0724313, 36.4592223], [121.0702392, 36.463619], [121.0671139, 36.4684128], [121.0632407, 36.472984], [121.0643455, 36.4758309], [121.065521, 36.4804716], [121.066145, 36.4851806], [121.0662119, 36.4899157], [121.0657868, 36.4936938], [121.0737489, 36.4947667], [121.0793986, 36.496105], [121.0848654, 36.4978672], [121.0908263, 36.5003796], [121.0957385, 36.5029918], [121.1003211, 36.505966], [121.1045329, 36.5092754], [121.1088441, 36.5134296], [121.1121387, 36.5173534], [121.1149565, 36.52151], [121.1172721, 36.5258621], [121.1192771, 36.5310249], [121.1204527, 36.5356623], [121.1210767, 36.540368], [121.1211435, 36.5450997], [121.1205372, 36.5504847], [121.1194147, 36.5551294], [121.1177499, 36.5596676], [121.1155578, 36.5640586], [121.1124325, 36.5688462], [121.1091827, 36.5727913], [121.1034628, 36.5781307], [121.1053225, 36.5793366], [121.1102977, 36.5805138], [121.1157645, 36.582274], [121.1217254, 36.5847837], [121.1266376, 36.5873931], [121.1312202, 36.5903641], [121.1371296, 36.5953038], [121.1409514, 36.5969126], [121.1458637, 36.5995217], [121.1504462, 36.6024921], [121.1557423, 36.6068409], [121.1622734, 36.6058099], [121.1681381, 36.6053727], [121.174028, 36.6053831], [121.1798902, 36.6058409], [121.1856721, 36.606742], [121.1913218, 36.6080784], [121.1963536, 36.609698], [121.2021516, 36.6106003], [121.2078013, 36.6119367], [121.2132681, 36.6136962], [121.2274688, 36.6195115], [121.232381, 36.6221198], [121.2369636, 36.6250894], [121.2411754, 36.6283936], [121.2454865, 36.6325414], [121.2486663, 36.6363226], [121.2557388, 36.6362448], [121.261601, 36.6367024], [121.2673829, 36.6376032], [121.2730327, 36.6389391], [121.2784995, 36.640698], [121.2844604, 36.6432057], [121.2897713, 36.6460714], [121.2955354, 36.6469693], [121.3011851, 36.648305], [121.3066519, 36.6500637], [121.314739, 36.6536996], [121.3231578, 36.6554665], [121.3286246, 36.657225], [121.3345855, 36.6597322], [121.3402438, 36.6628223], [121.3451041, 36.6643856], [121.3515157, 36.6671318], [121.358049, 36.6670942], [121.3656589, 36.6678238], [121.3734451, 36.6670838], [121.379335, 36.6670942], [121.3851972, 36.6675516], [121.3909791, 36.668452], [121.3966289, 36.6697873], [121.4020956, 36.6715455], [121.4080565, 36.6740523], [121.4129688, 36.6766587], [121.4175513, 36.6796262], [121.4217632, 36.6829281], [121.4260743, 36.6870729], [121.4298038, 36.691628], [121.4358985, 36.6873929], [121.4415029, 36.6844041], [121.4467127, 36.6822007], [121.4521591, 36.6804027], [121.4577934, 36.6790261], [121.4643974, 36.6779846], [121.4702621, 36.6775478], [121.476152, 36.6775581], [121.4820142, 36.6780155], [121.4877961, 36.6789158], [121.4934459, 36.6802509], [121.4989127, 36.6820089], [121.5048736, 36.6845152], [121.5118223, 36.6884399], [121.5186424, 36.6873458], [121.5245071, 36.686909], [121.5289541, 36.6869168], [121.5385552, 36.6851433], [121.5444198, 36.6847065], [121.5503097, 36.6847168], [121.5547431, 36.6850627], [121.559526, 36.6847065], [121.5654159, 36.6847168], [121.5711536, 36.6851644], [121.5835272, 36.677481], [121.5891316, 36.6744918], [121.5943415, 36.6722882], [121.5997879, 36.6704899], [121.6054222, 36.6691131], [121.6120262, 36.6680715], [121.6178909, 36.6676346], [121.6237808, 36.6676449], [121.629643, 36.6681024], [121.6354249, 36.6690028], [121.6410747, 36.6703381], [121.6465414, 36.6720963], [121.6525023, 36.674603], [121.6574146, 36.6772094], [121.6619971, 36.6801769], [121.666209, 36.6834787], [121.6705201, 36.6876236], [121.6741529, 36.6920362], [121.6798499, 36.6955943], [121.6840617, 36.6988955], [121.6883729, 36.7030395], [121.6916675, 36.7069537], [121.6944853, 36.7111001], [121.6968009, 36.7154414], [121.6988059, 36.7205916], [121.6996342, 36.7238509], [121.7016074, 36.7275498], [121.7036125, 36.7326992], [121.704788, 36.7373245], [121.705412, 36.7420178], [121.7054789, 36.7467372], [121.7048726, 36.7521082], [121.7040547, 36.7554832], [121.7116426, 36.7565234], [121.7172923, 36.7578572], [121.7227591, 36.7596134], [121.72872, 36.7621172], [121.7336322, 36.7647206], [121.7382148, 36.7676847], [121.7424266, 36.7709829], [121.7467377, 36.775123], [121.7500324, 36.7790335], [121.7528502, 36.783176], [121.7551658, 36.7875133], [121.7567869, 36.7916735], [121.7623656, 36.7940158], [121.7672778, 36.7966182], [121.7718604, 36.799581], [121.7758636, 36.8027144], [121.7810108, 36.8054152], [121.7855933, 36.8083777], [121.7898051, 36.811674], [121.7941163, 36.815812], [121.7974109, 36.8197204], [121.8002287, 36.8238607], [121.8025443, 36.8281957], [121.8045494, 36.8333383], [121.8061362, 36.8410474], [121.8093779, 36.8474577], [121.8141093, 36.8485734], [121.8195761, 36.8503275], [121.8276525, 36.8539483], [121.8345521, 36.8549335], [121.8402019, 36.8562656], [121.847875, 36.8589451], [121.8559947, 36.8606608], [121.8614615, 36.8624146], [121.8670197, 36.8647462], [121.8731608, 36.8661544], [121.8786276, 36.8679081], [121.8861443, 36.8712318], [121.8908571, 36.8719638], [121.8965068, 36.8732956], [121.9019736, 36.8750491], [121.9062762, 36.8768537], [121.9129599, 36.878894], [121.9189208, 36.8813939], [121.9243618, 36.8843348], [121.933827, 36.8847972], [121.9396089, 36.8856951], [121.9452586, 36.8870266], [121.9507254, 36.8887798], [121.9566863, 36.8912795], [121.960594, 36.8933471], [121.9686031, 36.895956], [121.9708095, 36.8896065], [121.9730754, 36.8852582], [121.9758456, 36.8811007], [121.9795971, 36.8766308], [121.983359, 36.8730054], [121.9875328, 36.869681], [121.9937469, 36.8658012], [122.0003211, 36.8611937], [122.0059255, 36.8582117], [122.0111353, 36.8560133], [122.0165818, 36.8542193], [122.022216, 36.8528458], [122.0288201, 36.8518067], [122.0346847, 36.8513709], [122.0405746, 36.8513812], [122.0464368, 36.8518375], [122.0522188, 36.8527358], [122.0578685, 36.8540679], [122.0633353, 36.8558219], [122.0692962, 36.8583226], [122.0742084, 36.8609228], [122.078791, 36.8638831], [122.0833468, 36.8675071], [122.0886279, 36.8702617], [122.0957414, 36.8752008], [122.1029418, 36.8780984], [122.107854, 36.8806979], [122.1124366, 36.8836575], [122.1178408, 36.888094], [122.1217015, 36.8896709], [122.122591, 36.889531], [122.1223396, 36.8873654], [122.1226049, 36.8805789], [122.1222504, 36.879137], [122.1185284, 36.8737972], [122.1162863, 36.8694401], [122.1145698, 36.8649326], [122.1132712, 36.8596488], [122.1127265, 36.8549563], [122.1127394, 36.8502433], [122.1133097, 36.8455522], [122.1146372, 36.8402716], [122.1163783, 36.8357684], [122.1227641, 36.8226231], [122.1255343, 36.8184622], [122.1292859, 36.8139886], [122.1330477, 36.8103602], [122.1372216, 36.807033], [122.14177, 36.804037], [122.1473744, 36.8010527], [122.1525843, 36.7988527], [122.1580307, 36.7970574], [122.163665, 36.7956828], [122.170269, 36.7946429], [122.1761337, 36.7942068], [122.1820236, 36.7942171], [122.1910155, 36.7951604], [122.1943016, 36.7946429], [122.2007072, 36.7942077], [122.196414, 36.7901219], [122.192687, 36.7856336], [122.1899395, 36.781461], [122.1876974, 36.7770987], [122.1859809, 36.7725857], [122.1846823, 36.7672955], [122.1841377, 36.7625973], [122.1841506, 36.7578787], [122.1847208, 36.7531819], [122.1860483, 36.747895], [122.1877895, 36.7433864], [122.1900553, 36.7390298], [122.1928256, 36.7348643], [122.1965771, 36.7303859], [122.2003389, 36.7267535], [122.2045128, 36.7234227], [122.2091433, 36.7203796], [122.2141259, 36.7162676], [122.2186743, 36.713268], [122.2242787, 36.7102802], [122.2291684, 36.7082129], [122.2325185, 36.7064268], [122.2377283, 36.7042241], [122.2431748, 36.7024266], [122.248809, 36.7010503], [122.2554131, 36.7000092], [122.2612777, 36.6995725], [122.2671676, 36.6995828], [122.2730298, 36.70004], [122.2788118, 36.7009401], [122.2844615, 36.7022748], [122.2899283, 36.7040323], [122.2958892, 36.706538], [122.3008014, 36.7091433], [122.305384, 36.7121095], [122.3095958, 36.71541], [122.3139069, 36.7195531], [122.3172016, 36.7234665], [122.3200194, 36.727612], [122.322335, 36.7319524], [122.32434, 36.7371015], [122.3255155, 36.7417265], [122.3261395, 36.7464196], [122.3262064, 36.7511387], [122.3256001, 36.7565093], [122.3244775, 36.7611416], [122.3228127, 36.7656677], [122.3206207, 36.7700469], [122.3174954, 36.7748217], [122.3130317, 36.7799604], [122.3206444, 36.7786954], [122.3265091, 36.7782592], [122.3323989, 36.7782695], [122.3382612, 36.7787263], [122.3423702, 36.7793653], [122.3506208, 36.7798262], [122.3564027, 36.7807253], [122.3620524, 36.7820587], [122.3675192, 36.7838143], [122.3734801, 36.7863174], [122.3813131, 36.7908086], [122.3873018, 36.7917237], [122.3929515, 36.7930568], [122.3984183, 36.7948122], [122.4043792, 36.7973149], [122.4092914, 36.7999172], [122.413408, 36.8025786], [122.418331, 36.8041592], [122.4247911, 36.806926], [122.4320639, 36.8091071], [122.4380248, 36.8116094], [122.442937, 36.8142111], [122.4470618, 36.8168774], [122.4545043, 36.819855], [122.4594165, 36.8224564], [122.4662883, 36.8272095], [122.4698294, 36.8283461], [122.4757903, 36.8308477], [122.4807025, 36.8334488], [122.4856113, 36.8366654], [122.4917757, 36.8397259], [122.4978517, 36.8406472], [122.5035014, 36.8419795], [122.5089682, 36.8437338], [122.5149291, 36.8462349], [122.5222768, 36.850409], [122.5297946, 36.8532501], [122.539207, 36.8551668], [122.5446738, 36.8569207], [122.5506347, 36.8594214], [122.5555469, 36.8620215], [122.5601295, 36.8649819], [122.5643413, 36.8682758], [122.5686524, 36.8724106], [122.571334, 36.8755895], [122.5753276, 36.8787123], [122.5796387, 36.8828466], [122.5829334, 36.8867516], [122.5857512, 36.8908883], [122.5889925, 36.8975916], [122.591931, 36.9018708], [122.5942466, 36.9062014], [122.5962516, 36.9113387], [122.5974272, 36.9159532], [122.5980512, 36.9206356], [122.598118, 36.9253439], [122.5975117, 36.9307024], [122.595358, 36.9381211], [122.5947651, 36.9444231], [122.5938923, 36.948016], [122.5976798, 36.9545029], [122.5996849, 36.959637], [122.6008604, 36.9642486], [122.6014844, 36.968928], [122.6015513, 36.9736334], [122.6009449, 36.9789884], [122.6002046, 36.9820345], [122.6007977, 36.9864813], [122.6008646, 36.9911856], [122.5998217, 36.9983354], [122.6077319, 37.0025315], [122.6123145, 37.0054864], [122.6178996, 37.0098709], [122.6222108, 37.0139981], [122.6255054, 37.0178964], [122.6283232, 37.0220259], [122.6306388, 37.0263497], [122.6326438, 37.0314789], [122.6338194, 37.0360861], [122.6344434, 37.0407611], [122.6345102, 37.0454621], [122.6339039, 37.0508121], [122.6327814, 37.0554265], [122.6311166, 37.0599351], [122.6289245, 37.0642975], [122.6257992, 37.0690539], [122.6225494, 37.0729733], [122.6188493, 37.0766296], [122.6147321, 37.0799898], [122.6095635, 37.0834291], [122.6046813, 37.0860574], [122.5995091, 37.0883052], [122.5940935, 37.0901524], [122.5876686, 37.0917517], [122.5818972, 37.0926894], [122.5760404, 37.0931871], [122.5521438, 37.0932117], [122.5462816, 37.0927569], [122.5396833, 37.091698], [122.5340566, 37.0903091], [122.5270616, 37.0878391], [122.5268784, 37.089455], [122.5273267, 37.0928114], [122.5273935, 37.0975091], [122.5271779, 37.0994106], [122.5284526, 37.1057464], [122.5330802, 37.104622], [122.5394727, 37.1036195], [122.5439255, 37.1021575], [122.5591728, 37.0985979], [122.5657768, 37.0975621], [122.5716415, 37.0971277], [122.5775314, 37.097138], [122.5833936, 37.0975928], [122.5891755, 37.0984882], [122.5948253, 37.099816], [122.6002921, 37.1015643], [122.606253, 37.104057], [122.6111652, 37.1066488], [122.6157478, 37.1095996], [122.6200908, 37.1130084], [122.6233009, 37.1150753], [122.6275127, 37.1183584], [122.6318238, 37.1224797], [122.6351185, 37.1263724], [122.6379362, 37.130496], [122.6402518, 37.1348136], [122.6422569, 37.1399355], [122.6434324, 37.1445361], [122.6440711, 37.1502333], [122.6476706, 37.1513837], [122.6536315, 37.1538747], [122.6585437, 37.1564648], [122.6631263, 37.1594137], [122.6673381, 37.1626949], [122.6716492, 37.1668137], [122.6749439, 37.1707042], [122.6777617, 37.1748254], [122.6800773, 37.1791405], [122.6820823, 37.1842594], [122.6832578, 37.1888573], [122.6838818, 37.1935229], [122.6839487, 37.1982143], [122.6836079, 37.2012153], [122.6845685, 37.2071962], [122.6846354, 37.2118867], [122.684029, 37.217225], [122.6829065, 37.2218293], [122.6812417, 37.226328], [122.6790497, 37.2306808], [122.6759243, 37.2354268], [122.6726745, 37.2393376], [122.6689744, 37.2429858], [122.6648572, 37.2463386], [122.6596886, 37.2497704], [122.6528956, 37.2532215], [122.6519185, 37.255161], [122.6506341, 37.2611868], [122.6489694, 37.2656832], [122.6467773, 37.2700338], [122.643652, 37.2747773], [122.6404022, 37.278686], [122.6376217, 37.2814261], [122.6422038, 37.2877221], [122.6455567, 37.2909201], [122.6488514, 37.2948042], [122.6516692, 37.2989187], [122.6539848, 37.3032266], [122.6559898, 37.3083371], [122.6571653, 37.3129274], [122.6577893, 37.3175853], [122.6577305, 37.3233745], [122.6584982, 37.3300606], [122.6625939, 37.3294202], [122.6684585, 37.3289871], [122.6743484, 37.3289974], [122.6802106, 37.3294508], [122.6859926, 37.3303434], [122.6916423, 37.3316672], [122.6971091, 37.3334101], [122.701456, 37.3352223], [122.7108684, 37.3371268], [122.7163352, 37.3388696], [122.7222961, 37.3413544], [122.727628, 37.3442075], [122.733969, 37.3468133], [122.7388812, 37.3493967], [122.7434638, 37.3523381], [122.7476756, 37.3556109], [122.7519868, 37.3597192], [122.7552814, 37.3635997], [122.7580992, 37.3677104], [122.7604148, 37.3720144], [122.7624198, 37.3771202], [122.7638468, 37.3835811], [122.7651664, 37.3869412], [122.7663419, 37.3915267], [122.766966, 37.3961798], [122.7670328, 37.4008586], [122.7664265, 37.4061835], [122.7653039, 37.4107762], [122.7636392, 37.4152636], [122.7614471, 37.4196055], [122.7583218, 37.4243396], [122.755072, 37.4282405], [122.7512206, 37.4320025], [122.7480221, 37.4368805], [122.7425136, 37.4430018], [122.7379059, 37.4489581], [122.7342057, 37.4525961], [122.7300075, 37.4559933], [122.7279336, 37.4621508], [122.7257416, 37.46649], [122.7226162, 37.471221], [122.7193664, 37.4751195], [122.7156663, 37.4787563], [122.7115491, 37.4820986], [122.7063805, 37.4855196], [122.7014983, 37.4881339], [122.6963261, 37.4903697], [122.6909105, 37.492207], [122.6844856, 37.4937979], [122.6787142, 37.4947305], [122.6728574, 37.4952256], [122.666127, 37.4952501], [122.6602647, 37.4947976], [122.6536664, 37.4937444], [122.6480397, 37.4923629], [122.6426031, 37.4905651], [122.6374054, 37.488367], [122.6318173, 37.4853902], [122.6272853, 37.4824051], [122.6231296, 37.4790929], [122.6193877, 37.4754832], [122.6153407, 37.4705538], [122.6082143, 37.4689325], [122.6021067, 37.4668503], [122.5970934, 37.4664632], [122.590495, 37.4654095], [122.5848684, 37.4640275], [122.5794317, 37.462229], [122.5737232, 37.4597578], [122.5656988, 37.4573236], [122.5605011, 37.4551245], [122.5541126, 37.4516189], [122.5478727, 37.4487983], [122.5447539, 37.449571], [122.5431753, 37.4502537], [122.5425801, 37.4563468], [122.5414575, 37.4609364], [122.5397927, 37.4654209], [122.5376007, 37.4697599], [122.5344753, 37.4744907], [122.5312256, 37.4783891], [122.5275254, 37.4820257], [122.5234082, 37.4853678], [122.5182396, 37.4887887], [122.5133574, 37.4914029], [122.5081853, 37.4936386], [122.5027697, 37.4954758], [122.4963447, 37.4970666], [122.4905733, 37.4979992], [122.4847166, 37.4984943], [122.4779861, 37.4985188], [122.4721239, 37.4980663], [122.4655255, 37.4970131], [122.4598989, 37.4956317], [122.4544623, 37.4938339], [122.4492645, 37.4916359], [122.4436765, 37.4886593], [122.4391444, 37.4856743], [122.4349887, 37.4823622], [122.4312468, 37.4787527], [122.4275197, 37.4743051], [122.4234571, 37.4676346], [122.4151859, 37.4670693], [122.4060575, 37.4653622], [122.401303, 37.464986], [122.3979443, 37.4655413], [122.3900768, 37.4676372], [122.3838437, 37.4686675], [122.3775157, 37.469225], [122.3702405, 37.4692769], [122.3630008, 37.4687042], [122.3580909, 37.4679106], [122.3482678, 37.468187], [122.3397446, 37.4675999], [122.3366253, 37.4740375], [122.3336555, 37.4785069], [122.330166, 37.4827329], [122.3261882, 37.4866777], [122.3210997, 37.4907885], [122.3165751, 37.4953948], [122.311477, 37.4995129], [122.3065781, 37.5027391], [122.3013162, 37.5055828], [122.2957388, 37.5080187], [122.2890423, 37.5102751], [122.2829601, 37.5117682], [122.2769373, 37.5127632], [122.2692885, 37.5148525], [122.2650068, 37.5204909], [122.2615577, 37.525899], [122.2580682, 37.5301223], [122.2540904, 37.5340646], [122.2503536, 37.5370815], [122.2444773, 37.5433206], [122.2393792, 37.5474361], [122.2344803, 37.5506602], [122.2292185, 37.5535021], [122.223641, 37.5559363], [122.2182496, 37.5577519], [122.2175255, 37.5607794], [122.2157528, 37.5656268], [122.2130291, 37.5709742], [122.2100593, 37.5754378], [122.2065698, 37.5796583], [122.202592, 37.583598], [122.191314, 37.5926081], [122.1854708, 37.5963399], [122.1789544, 37.6018568], [122.1740555, 37.6050786], [122.1687937, 37.6079184], [122.1632162, 37.6103509], [122.1565197, 37.6126042], [122.1504375, 37.6140953], [122.1255161, 37.6191595], [122.1220174, 37.6206851], [122.115321, 37.6229382], [122.1092388, 37.624429], [122.1022213, 37.6255262], [122.0941326, 37.627692], [122.0878995, 37.6287202], [122.0815715, 37.6292764], [122.0742963, 37.6293282], [122.0670566, 37.6287568], [122.0608178, 37.6277505], [122.0547273, 37.6262811], [122.0488397, 37.6243617], [122.0424273, 37.6216393], [122.0371496, 37.6188185], [122.0253663, 37.6107193], [122.0208543, 37.6071607], [122.0162453, 37.6027008], [122.0128564, 37.5986427], [122.0066322, 37.5929081], [122.0031192, 37.5887007], [122.0012351, 37.5858997], [121.9915559, 37.5838503], [121.9856684, 37.5819298], [121.9792559, 37.5792058], [121.9691717, 37.5736624], [121.9642548, 37.5704565], [121.9597428, 37.566896], [121.9551338, 37.5624338], [121.9516207, 37.5582246], [121.948626, 37.5537704], [121.9461765, 37.5491113], [121.9440726, 37.5435892], [121.9431194, 37.5396969], [121.9354016, 37.5360488], [121.9276979, 37.5343171], [121.9213353, 37.5321934], [121.9192946, 37.5318638], [121.9166223, 37.5314322], [121.90911, 37.5294968], [121.9050083, 37.5291726], [121.8987695, 37.528165], [121.8781701, 37.5238085], [121.8720796, 37.522337], [121.8650094, 37.5199122], [121.8607495, 37.5199426], [121.8535099, 37.5193702], [121.8442394, 37.51763], [121.825044, 37.5177641], [121.8178043, 37.5171918], [121.8100025, 37.5158064], [121.7996381, 37.5161302], [121.7923984, 37.5155579], [121.7861596, 37.5145501], [121.7813406, 37.5133857], [121.7783521, 37.513407], [121.7711124, 37.5128346], [121.7659602, 37.5120023], [121.7556928, 37.5123177], [121.7484531, 37.5117453], [121.7395454, 37.5100926], [121.7330335, 37.510139], [121.7257938, 37.5095666], [121.7183588, 37.5082697], [121.7148866, 37.508463], [121.7102977, 37.5095895], [121.7040647, 37.5106193], [121.6977367, 37.5111765], [121.6925439, 37.5112772], [121.6828013, 37.5215399], [121.6777032, 37.5256566], [121.6728043, 37.5288817], [121.6675424, 37.5317244], [121.661965, 37.5341594], [121.6552685, 37.536415], [121.6491863, 37.5379076], [121.6429532, 37.538937], [121.6366252, 37.539494], [121.62935, 37.5395458], [121.6221103, 37.5389737], [121.6158715, 37.5379662], [121.609781, 37.536495], [121.6038935, 37.5345733], [121.597481, 37.5318476], [121.590328, 37.5278], [121.5857484, 37.5266936], [121.5798609, 37.5247717], [121.5727898, 37.5216932], [121.5654921, 37.518977], [121.5566612, 37.516682], [121.561061, 37.5211662], [121.5659516, 37.5249759], [121.5700182, 37.5288611], [121.5736029, 37.5330338], [121.5766734, 37.5374567], [121.5807933, 37.5439901], [121.5836378, 37.5492994], [121.5855201, 37.5541215], [121.5868183, 37.5590627], [121.5875207, 37.5640789], [121.5875861, 37.5698456], [121.5869976, 37.5748702], [121.5858116, 37.5798278], [121.584039, 37.5846739], [121.5803033, 37.5915405], [121.5792324, 37.5944677], [121.5765087, 37.599813], [121.5735389, 37.6042749], [121.5700494, 37.6084938], [121.5660716, 37.6124319], [121.5609734, 37.6165436], [121.5560745, 37.6197647], [121.5508127, 37.622604], [121.5452352, 37.625036], [121.5385388, 37.6272889], [121.5324566, 37.6287796], [121.5262235, 37.6298078], [121.5198955, 37.6303641], [121.5126203, 37.6304158], [121.5053806, 37.6298444], [121.4968453, 37.6282841], [121.4937315, 37.6285578], [121.484814, 37.633326], [121.4777969, 37.6382542], [121.4725351, 37.6410928], [121.4669576, 37.6435242], [121.4591026, 37.6460605], [121.453309, 37.6492482], [121.4477316, 37.6516793], [121.44319, 37.6532067], [121.4375162, 37.6563155], [121.4299219, 37.6594246], [121.4237833, 37.6628385], [121.4181709, 37.6652809], [121.4146255, 37.6676105], [121.4093637, 37.670448], [121.4037862, 37.6728784], [121.399601, 37.6742855], [121.3956308, 37.6764263], [121.3900533, 37.6788565], [121.3833569, 37.6811078], [121.3772747, 37.6825975], [121.3710416, 37.6836249], [121.3647136, 37.6841808], [121.3594611, 37.6842181], [121.3531888, 37.6852551], [121.3468608, 37.685811], [121.3395856, 37.6858627], [121.3323459, 37.6852917], [121.3261071, 37.6842862], [121.3200166, 37.6828179], [121.3141291, 37.6809], [121.3077166, 37.6781796], [121.3024389, 37.675361], [121.297522, 37.6721595], [121.29301, 37.6686039], [121.288401, 37.6641477], [121.284888, 37.6599442], [121.2818932, 37.6554962], [121.2794437, 37.6508434], [121.2773398, 37.6453289], [121.2761262, 37.6403799], [121.2755031, 37.6330629], [121.2679002, 37.6323578], [121.2585614, 37.632591], [121.2530396, 37.6321552], [121.2486705, 37.6325392], [121.2413953, 37.632591], [121.2373206, 37.6322694], [121.2318272, 37.6325565], [121.220772, 37.6345487], [121.2222253, 37.6424147], [121.2222907, 37.6481753], [121.2217021, 37.6531946], [121.2177696, 37.6673876], [121.215997, 37.6722279], [121.2128479, 37.6782062], [121.2147315, 37.6830224], [121.2160297, 37.6879552], [121.2167321, 37.6929626], [121.2167975, 37.6987193], [121.216209, 37.7037353], [121.2150231, 37.7086843], [121.2129638, 37.7140834], [121.2115898, 37.7206343], [121.2098172, 37.7254712], [121.2070935, 37.7308071], [121.2041237, 37.7352611], [121.2006342, 37.7394726], [121.1966563, 37.7434037], [121.1915582, 37.7475082], [121.1777328, 37.7561526], [121.172471, 37.7589867], [121.1668935, 37.7614142], [121.1601971, 37.7636629], [121.1541149, 37.765151], [121.1452383, 37.7664092], [121.1376354, 37.7684078], [121.1314023, 37.769434], [121.1250743, 37.7699892], [121.1177991, 37.7700409], [121.114448, 37.7697769], [121.1047528, 37.7700409], [121.0975132, 37.7694705], [121.0923854, 37.768645], [121.0845623, 37.7694464], [121.077287, 37.7694981], [121.0700473, 37.7689277], [121.0661592, 37.7683018], [121.0626184, 37.7725882], [121.0586405, 37.7765176], [121.0535424, 37.7806202], [121.047639, 37.7843751], [121.0435343, 37.7884567], [121.0384362, 37.7925586], [121.0335373, 37.7957721], [121.0282755, 37.7986046], [121.022698, 37.8010309], [121.0160016, 37.8032784], [121.0073097, 37.8051951], [121.0073707, 37.8105545], [121.0067821, 37.8155629], [121.0055962, 37.8205044], [121.0038235, 37.8253348], [121.0010998, 37.8306635], [120.9983642, 37.8347608], [120.99492, 37.8420516], [120.9919502, 37.8464989], [120.9884607, 37.850704], [120.9844828, 37.8546292], [120.9793847, 37.8587275], [120.9744858, 37.8619381], [120.9692239, 37.8647681], [120.9636465, 37.8671921], [120.95695, 37.8694377], [120.9508678, 37.8709236], [120.9446347, 37.8719484], [120.9362101, 37.8725177], [120.9213421, 37.8758017], [120.9032519, 37.8784685], [120.8966228, 37.8801376], [120.8903897, 37.8811622], [120.8840618, 37.8817166], [120.8637726, 37.88231], [120.854536, 37.8833425], [120.8472608, 37.8833941], [120.8400211, 37.8828246], [120.8337823, 37.8818218], [120.8271513, 37.8801818], [120.8294483, 37.8876487], [120.8301507, 37.8926426], [120.8302161, 37.8983838], [120.8296276, 37.9033862], [120.8284416, 37.9083218], [120.8254083, 37.9156099], [120.8246135, 37.9215851], [120.8247229, 37.9276369], [120.8241344, 37.9326373], [120.8229485, 37.937571], [120.8211758, 37.9423937], [120.8196853, 37.9453051], [120.8193279, 37.9483415], [120.8181419, 37.9532741], [120.8163693, 37.9580958], [120.8136456, 37.9634149], [120.8106758, 37.9678549], [120.8071863, 37.9720531], [120.8019493, 37.9769824], [120.7978763, 37.9827418], [120.7957699, 37.9889487], [120.7930462, 37.9942656], [120.7900764, 37.9987037], [120.7865869, 38.0029002], [120.782609, 38.0068173], [120.7759093, 38.0119545], [120.7735407, 38.0148026], [120.7695628, 38.0187191], [120.7644646, 38.0228082], [120.7595657, 38.0260116], [120.7510842, 38.0302315], [120.7440042, 38.0342438], [120.7384267, 38.0366623], [120.7317303, 38.0389026], [120.7275113, 38.039931], [120.7220316, 38.0428966], [120.7164541, 38.0453148], [120.7097577, 38.0475549], [120.706527, 38.0483422], [120.7066199, 38.0629166], [120.7059333, 38.0688632], [120.7053447, 38.0738539], [120.7041588, 38.0787781], [120.7023861, 38.0835915], [120.6996624, 38.0889016], [120.6966926, 38.093334], [120.6932031, 38.097525], [120.6892253, 38.101437], [120.6857155, 38.104249], [120.6896502, 38.1085293], [120.6936932, 38.1064246], [120.6993117, 38.1040681], [120.7051885, 38.1021405], [120.7121532, 38.100485], [120.7184033, 38.0995299], [120.7247402, 38.0990446], [120.731107, 38.0990335], [120.7374466, 38.0994967], [120.743702, 38.1004299], [120.7498171, 38.1018249], [120.7546663, 38.1033654], [120.7599461, 38.1033562], [120.7662857, 38.1038193], [120.7725411, 38.1047525], [120.7786562, 38.1061474], [120.7876912, 38.1092401], [120.7938271, 38.1101554], [120.7999422, 38.1115502], [120.8066887, 38.1136932], [120.8123204, 38.1160298], [120.8176458, 38.1187751], [120.8226171, 38.1219046], [120.8278077, 38.1259152], [120.8318743, 38.1297688], [120.8354589, 38.1339077], [120.8385295, 38.1382947], [120.841374, 38.1435614], [120.8432563, 38.1483447], [120.8445545, 38.1532463], [120.8452569, 38.1582222], [120.8453223, 38.1639426], [120.8447338, 38.1689269], [120.8435478, 38.1738446], [120.8417752, 38.1786518], [120.8390515, 38.1839549], [120.8371999, 38.1867147], [120.8355954, 38.1910653], [120.8328717, 38.1963675], [120.8299019, 38.2007934], [120.8264124, 38.2049782], [120.8224345, 38.2088845], [120.8173363, 38.212963], [120.8124374, 38.2161581], [120.8067344, 38.2191653], [120.8040325, 38.224423], [120.8015876, 38.2280652], [120.8088577, 38.228526], [120.8151131, 38.2294576], [120.8212282, 38.23085], [120.8279747, 38.2329895], [120.8418462, 38.2390976], [120.8471716, 38.2418383], [120.8521428, 38.2449625], [120.8573335, 38.2489663], [120.8619807, 38.2534827], [120.869312, 38.2563536], [120.8746374, 38.2590937], [120.8796087, 38.2622171], [120.8847993, 38.26622], [120.8869049, 38.2682115], [120.8919683, 38.271382], [120.8971589, 38.2753844], [120.9012255, 38.2792301], [120.9048101, 38.2833605], [120.907876, 38.2877319], [120.911881, 38.2902472], [120.9170716, 38.2942485], [120.9226965, 38.2998883], [120.9290471, 38.3037193], [120.9342377, 38.3077199], [120.9392062, 38.3126027], [120.9453619, 38.3156842], [120.9503331, 38.3188052], [120.9555238, 38.3228049], [120.9595903, 38.3266481], [120.963175, 38.3307759], [120.9662456, 38.335151], [120.9690901, 38.3404034], [120.9709724, 38.3451738], [120.9718726, 38.3485634], [120.9737987, 38.3513072], [120.9770018, 38.3574671], [120.9810278, 38.3620099], [120.9840983, 38.3663831], [120.9869429, 38.3716333], [120.9888252, 38.3764016], [120.9901234, 38.3812879], [120.9908258, 38.3862482], [120.9908912, 38.3919506], [120.9903026, 38.3969193], [120.9887584, 38.4027903], [120.9882427, 38.4071433], [120.9870567, 38.4120449], [120.9852841, 38.4168363], [120.9825604, 38.4221221], [120.9795906, 38.4265342], [120.9761011, 38.430706], [120.9721232, 38.4346002], [120.9670251, 38.438666], [120.9621261, 38.4418511], [120.9568643, 38.4446587], [120.9512869, 38.4470636], [120.9445904, 38.4492913], [120.9385082, 38.4507655], [120.9322751, 38.4517821], [120.9259471, 38.4523322], [120.9186719, 38.4523834], [120.9018192, 38.4507428], [120.8955804, 38.4497478], [120.8894899, 38.4482948], [120.8836023, 38.4463968], [120.8771899, 38.4437048], [120.8719122, 38.4409155], [120.8669953, 38.4377473], [120.8624833, 38.4342287], [120.8571424, 38.4289523], [120.8532624, 38.4264518], [120.8487504, 38.4229327], [120.8441414, 38.4185222], [120.8406283, 38.4143618], [120.8370037, 38.4087752], [120.8314679, 38.4088142], [120.8242282, 38.4082487], [120.8179895, 38.4072531], [120.8118989, 38.4057993], [120.8060114, 38.4039002], [120.7995989, 38.4012066], [120.7943213, 38.3984156], [120.7894044, 38.3952456], [120.7848923, 38.3917249], [120.7802834, 38.3873125], [120.7767703, 38.3831503], [120.7737755, 38.3787459], [120.771326, 38.3741389], [120.7692222, 38.3686785], [120.7666352, 38.3589324], [120.7660186, 38.3539632], [120.7658985, 38.349375], [120.7603706, 38.3442426], [120.7583069, 38.3417961], [120.7546799, 38.3389639], [120.750071, 38.3345483], [120.7465579, 38.3303831], [120.7435631, 38.3259755], [120.7416162, 38.3223111], [120.7362582, 38.3163772], [120.7332635, 38.3119687], [120.7308139, 38.3073574], [120.7287101, 38.301892], [120.7274964, 38.296987], [120.7268798, 38.2920136], [120.7268656, 38.2870163], [120.7275872, 38.2813336], [120.7288578, 38.2764361], [120.7307131, 38.2716547], [120.7331365, 38.2670323], [120.737018, 38.2614804], [120.7386297, 38.2584061], [120.7411184, 38.2547601], [120.7329044, 38.2542003], [120.7266656, 38.2532026], [120.7205751, 38.2517457], [120.7146875, 38.2498425], [120.7082751, 38.2471432], [120.7029974, 38.2443463], [120.6980805, 38.2411695], [120.6935685, 38.2376413], [120.6872308, 38.2311671], [120.6798356, 38.2257752], [120.6752266, 38.2213527], [120.6731864, 38.2189301], [120.6676735, 38.2138], [120.6641604, 38.2096279], [120.6611657, 38.205213], [120.6595445, 38.2021566], [120.6548703, 38.2029217], [120.6485424, 38.2034736], [120.6412671, 38.203525], [120.6340274, 38.202958], [120.6277887, 38.2019596], [120.6216981, 38.2005016], [120.6158106, 38.1985971], [120.6093981, 38.1958959], [120.6041205, 38.193097], [120.5987482, 38.1895617], [120.5931341, 38.1866208], [120.5882172, 38.1834415], [120.5837052, 38.1799106], [120.5790962, 38.1754853], [120.5755831, 38.1713109], [120.5725884, 38.1668937], [120.5701389, 38.1622731], [120.568035, 38.1567968], [120.5668214, 38.1518821], [120.5662047, 38.1468987], [120.5661906, 38.1348707], [120.5669122, 38.129176], [120.5681827, 38.1242683], [120.570038, 38.1194769], [120.5724614, 38.1148449], [120.5758986, 38.1097995], [120.5794599, 38.1056468], [120.5835047, 38.1017777], [120.5864196, 38.0994737], [120.5810763, 38.0935357], [120.5780816, 38.0891138], [120.575632, 38.0844883], [120.5735282, 38.0790062], [120.5723145, 38.0740862], [120.5716979, 38.0690975], [120.5716838, 38.0640849], [120.572605, 38.0562846], [120.5723704, 38.049487], [120.573092, 38.0437857], [120.5743625, 38.0388722], [120.5770481, 38.0324864], [120.5711786, 38.0305834], [120.5647662, 38.0278759], [120.5594885, 38.0250706], [120.5545716, 38.0218843], [120.5500596, 38.0183455], [120.5454506, 38.0139104], [120.5419375, 38.0097268], [120.5389428, 38.0052998], [120.5371499, 38.0019104], [120.5334496, 37.9966426], [120.5310001, 37.9920112], [120.5288962, 37.9865222], [120.5276826, 37.981596], [120.5270659, 37.976601], [120.5270518, 37.9715821], [120.5277734, 37.9658747], [120.5290439, 37.960956], [120.5308992, 37.9561539], [120.5333227, 37.9515116], [120.5367598, 37.946455], [120.5391974, 37.9436062], [120.5400302, 37.940381], [120.5418855, 37.9355776], [120.544309, 37.9309339], [120.5477461, 37.9258759], [120.5513074, 37.9217127], [120.5545347, 37.9186179], [120.5580458, 37.9134173], [120.5632254, 37.9077013], [120.5655989, 37.9042075], [120.5691602, 37.9000431], [120.573205, 37.8961631], [120.5776971, 37.8926025], [120.5833265, 37.8889652], [120.5886364, 37.8861926], [120.5942549, 37.883829], [120.6001317, 37.8818957], [120.6070964, 37.8802351], [120.6133465, 37.8792772], [120.6196834, 37.8787904], [120.6260502, 37.8787793], [120.6323898, 37.8792438], [120.6386452, 37.8801799], [120.6451117, 37.881691], [120.6531017, 37.8796932], [120.6593518, 37.8787352], [120.6683491, 37.8782438], [120.6693465, 37.8770771], [120.6649568, 37.8760216], [120.6590692, 37.8741086], [120.6526568, 37.8713954], [120.6473791, 37.8685841], [120.636969, 37.8621385], [120.6315546, 37.8577217], [120.6266694, 37.8545487], [120.6214253, 37.8502958], [120.6148913, 37.8475422], [120.6084411, 37.8439683], [120.6027643, 37.842123], [120.5963519, 37.8394086], [120.5910742, 37.8365961], [120.5861573, 37.8334016], [120.5816453, 37.8298537], [120.5772991, 37.8256608], [120.5700738, 37.8199487], [120.5628113, 37.8155031], [120.5582993, 37.8119544], [120.5541067, 37.8079087], [120.5507945, 37.8057689], [120.548871, 37.8053059], [120.5406436, 37.8047428], [120.5376737, 37.8042649], [120.5324993, 37.8047188], [120.525224, 37.8047704], [120.5150081, 37.8037214], [120.5112983, 37.8096191], [120.5078088, 37.8138263], [120.503831, 37.8177535], [120.4987328, 37.8218538], [120.4938339, 37.825066], [120.4885721, 37.8278974], [120.4798971, 37.8313619], [120.4726949, 37.8346612], [120.4659985, 37.8369078], [120.4599163, 37.8383943], [120.4557178, 37.8390849], [120.4508923, 37.8407037], [120.4448101, 37.8421901], [120.438577, 37.8432153], [120.432249, 37.84377], [120.4249738, 37.8438216], [120.4177341, 37.8432518], [120.4114953, 37.8422485], [120.4054048, 37.8407833], [120.3995172, 37.8388695], [120.3931048, 37.8361549], [120.3878271, 37.8333423], [120.3829102, 37.8301476], [120.3783982, 37.8265996], [120.3737892, 37.8221529], [120.3702761, 37.8179584], [120.3672814, 37.8135199], [120.3648319, 37.808877], [120.3633951, 37.8051191], [120.3600254, 37.7991115], [120.3579215, 37.793608], [120.3567078, 37.7886689], [120.3560912, 37.7836608], [120.3560771, 37.7786288], [120.3567987, 37.7729064], [120.3580692, 37.7679749], [120.3599245, 37.7631602], [120.3619913, 37.7591906], [120.3529165, 37.7551026], [120.3445856, 37.752598], [120.341008, 37.7510818], [120.3339044, 37.7500091], [120.3278139, 37.7485421], [120.319423, 37.7455648], [120.313305, 37.7445796], [120.3072145, 37.7431125], [120.3016098, 37.7412882], [120.2947656, 37.7402358], [120.290817, 37.7392846], [120.2873668, 37.7395875], [120.2800916, 37.7396392], [120.2738462, 37.7391469], [120.2688274, 37.7395875], [120.2615521, 37.7396392], [120.2518932, 37.7386789], [120.2434215, 37.7395875], [120.2361463, 37.7396392], [120.2289066, 37.7390685], [120.2223262, 37.7379815], [120.2182935, 37.7380102], [120.2110538, 37.7374395], [120.204815, 37.7364347], [120.1987245, 37.7349675], [120.1928369, 37.7330509], [120.1864245, 37.7303325], [120.1811468, 37.7275158], [120.1762299, 37.7243166], [120.1641648, 37.7147887], [120.1595558, 37.7103353], [120.1560427, 37.7061345], [120.153048, 37.7016892], [120.1505985, 37.6970393], [120.1484946, 37.6915282], [120.147281, 37.6865823], [120.1466643, 37.6815673], [120.1466502, 37.6765283], [120.1473718, 37.670798], [120.1486423, 37.6658597], [120.1504976, 37.6610383], [120.152921, 37.6563774], [120.1547343, 37.6536992], [120.1526584, 37.6497561], [120.1505546, 37.6442415], [120.1493409, 37.6392924], [120.1487242, 37.6342742], [120.1487101, 37.629232], [120.1492076, 37.6252787], [120.1479676, 37.6202593], [120.147351, 37.6152398], [120.1473368, 37.6101963], [120.1480584, 37.6044609], [120.1487434, 37.6017964], [120.1487101, 37.5965964], [120.1494317, 37.59086], [120.1507022, 37.5859163], [120.1518876, 37.5828325], [120.1535196, 37.5748135], [120.1514008, 37.5674848], [120.1507842, 37.5624617], [120.1510663, 37.5550583], [120.1479154, 37.5512827], [120.1449387, 37.5489332], [120.1403297, 37.5444698], [120.1366228, 37.5399712], [120.131598, 37.5367061], [120.127086, 37.533144], [120.1224009, 37.5285885], [120.118687, 37.5268851], [120.1097528, 37.5242271], [120.1033404, 37.521501], [120.1005652, 37.5200158], [120.0943544, 37.5185248], [120.0884668, 37.5166026], [120.0836293, 37.5145459], [120.0764123, 37.5134608], [120.0703218, 37.5119891], [120.0644342, 37.5100668], [120.0580218, 37.5073402], [120.0527441, 37.5045151], [120.0478272, 37.5013062], [120.0433152, 37.4977424], [120.0387062, 37.493276], [120.0364765, 37.4906021], [120.025903, 37.4926428], [120.0195751, 37.4932002], [120.0122998, 37.493252], [120.0050601, 37.4926795], [119.9988214, 37.4916714], [119.9927309, 37.4901993], [119.9868433, 37.4882764], [119.9804308, 37.4855491], [119.9751532, 37.4827231], [119.9702363, 37.4795133], [119.9670378, 37.4769863], [119.9623951, 37.474131], [119.9553082, 37.4741816], [119.9480686, 37.4736089], [119.9418298, 37.4726005], [119.9357393, 37.4711281], [119.9298517, 37.4692047], [119.9234393, 37.4664766], [119.9174785, 37.4632039], [119.9110796, 37.4604814], [119.905802, 37.4576545], [119.9008851, 37.4544436], [119.8963731, 37.4508776], [119.8910549, 37.4455574], [119.88882, 37.4437908], [119.884211, 37.4393212], [119.8805921, 37.4349475], [119.8766933, 37.4343584], [119.8722241, 37.4343903], [119.8649845, 37.4338173], [119.8587457, 37.4328084], [119.8539267, 37.4316428], [119.8509381, 37.4316641], [119.8436985, 37.4310911], [119.8374597, 37.4300822], [119.8313692, 37.4286089], [119.8254816, 37.4266844], [119.8190691, 37.4239548], [119.8153402, 37.4219564], [119.8067095, 37.4185015], [119.8014319, 37.415673], [119.7965149, 37.4124603], [119.7920029, 37.4088923], [119.787394, 37.4044206], [119.7838809, 37.4002025], [119.7808861, 37.3957389], [119.7784366, 37.3910699], [119.7759698, 37.384051], [119.7729434, 37.3785213], [119.7708396, 37.3729866], [119.7696259, 37.3680195], [119.7690011, 37.3600562], [119.7626747, 37.3542225], [119.7591616, 37.3500015], [119.7561669, 37.345535], [119.7537174, 37.3408628], [119.7516135, 37.3353254], [119.7501527, 37.3283364], [119.7488669, 37.3249516], [119.7476533, 37.3199813], [119.7470366, 37.3149416], [119.7470225, 37.3098778], [119.7477441, 37.3041194], [119.7490146, 37.2991567], [119.7508699, 37.2943117], [119.7532934, 37.2896278], [119.7567305, 37.284526], [119.7602918, 37.2803267], [119.7643366, 37.2764143], [119.7688287, 37.272824], [119.7744581, 37.2691562], [119.779768, 37.2663605], [119.7853865, 37.2639771], [119.7912633, 37.2620276], [119.7995586, 37.2601476], [119.7986458, 37.2584046], [119.7962405, 37.255511], [119.7932458, 37.2510388], [119.7922067, 37.2490545], [119.7882784, 37.2446466], [119.7832656, 37.2408632], [119.7784975, 37.2397068], [119.7726099, 37.2377775], [119.7661974, 37.235041], [119.7595624, 37.2313166], [119.7558382, 37.2304133], [119.7499506, 37.2284837], [119.7408832, 37.2243204], [119.7369043, 37.2230162], [119.7304919, 37.2202792], [119.7277441, 37.2188027], [119.7200433, 37.2176749], [119.7139528, 37.2161974], [119.7080652, 37.2142675], [119.7047205, 37.2128397], [119.6982664, 37.2115878], [119.6885166, 37.2110311], [119.6818151, 37.209907], [119.6744702, 37.2099652], [119.6672306, 37.2093905], [119.6605291, 37.2082664], [119.6531842, 37.2083246], [119.6459445, 37.2077499], [119.6397058, 37.206738], [119.63463, 37.2055065], [119.6281871, 37.206085], [119.6209119, 37.2061371], [119.6136722, 37.2055624], [119.6102458, 37.2050066], [119.605119, 37.2050433], [119.5978794, 37.2044686], [119.5916406, 37.2034566], [119.5868806, 37.2023017], [119.5786533, 37.201734], [119.5724145, 37.200722], [119.5630568, 37.198173], [119.5582975, 37.1989625], [119.5519695, 37.199522], [119.5446942, 37.1995741], [119.5374546, 37.1989993], [119.5312158, 37.1979873], [119.5251253, 37.1965095], [119.5192377, 37.194579], [119.5128252, 37.191841], [119.5067292, 37.1884676], [119.5017158, 37.1889587], [119.4923795, 37.190758], [119.4860515, 37.1913175], [119.4775959, 37.1912759], [119.4702587, 37.1918645], [119.4629834, 37.1919166], [119.4560145, 37.1913633], [119.4503459, 37.1918645], [119.4430707, 37.1919166], [119.439933, 37.1916675], [119.4324932, 37.1924115], [119.4252179, 37.1924636], [119.4179782, 37.1918888], [119.4113191, 37.1907746], [119.4046185, 37.1908226], [119.3953779, 37.1899232], [119.3919811, 37.1902235], [119.3847058, 37.1902756], [119.3754652, 37.1893761], [119.3720684, 37.1896765], [119.3647931, 37.1897286], [119.3597978, 37.189332], [119.351469, 37.1902235], [119.3441937, 37.1902756], [119.3381775, 37.1897979], [119.3352978, 37.1956009], [119.332328, 37.2000869], [119.3288385, 37.2043286], [119.3248606, 37.208288], [119.3197625, 37.2124219], [119.3148636, 37.2156605], [119.3096018, 37.2185151], [119.3040243, 37.2209603], [119.2950744, 37.2237807], [119.289689, 37.2267167], [119.2841116, 37.2291616], [119.2751617, 37.2319817], [119.2697763, 37.2349173], [119.2641988, 37.2373619], [119.2575024, 37.2396265], [119.2535324, 37.2406047], [119.2463461, 37.2439216], [119.2396496, 37.246186], [119.2356796, 37.2471641], [119.2284933, 37.2504807], [119.2217968, 37.2527449], [119.2157146, 37.2542432], [119.2094074, 37.255283], [119.2011975, 37.2582102], [119.1951152, 37.2597084], [119.1870879, 37.2609001], [119.1792248, 37.2636751], [119.1731426, 37.2651732], [119.1669095, 37.2662063], [119.1605561, 37.2667655], [119.1539165, 37.2684519], [119.1476834, 37.269485], [119.1413555, 37.2700439], [119.134812, 37.2700907], [119.1311596, 37.2713254], [119.1250774, 37.2728232], [119.1174596, 37.2739786], [119.1119512, 37.2756531], [119.1056334, 37.2785743], [119.0988016, 37.2824635], [119.0965544, 37.2834479], [119.0917962, 37.2873023], [119.0868973, 37.2905376], [119.0816354, 37.2933895], [119.0779465, 37.2950051], [119.0753167, 37.2971351], [119.0704178, 37.30037], [119.065156, 37.3032214], [119.0595785, 37.3056638], [119.0550918, 37.3071798], [119.0508541, 37.3103418], [119.0500298, 37.3137999], [119.0482571, 37.3186632], [119.0455334, 37.3240283], [119.0425636, 37.3285067], [119.0383272, 37.3334834], [119.0352337, 37.3398616], [119.0322639, 37.3443391], [119.0287744, 37.3485727], [119.0247965, 37.3525245], [119.0207877, 37.355769], [119.0194409, 37.3584206], [119.0164711, 37.3628969], [119.0109774, 37.3691201], [119.0091183, 37.374342], [119.0063946, 37.3797031], [119.0019009, 37.3860261], [119.0001919, 37.3907102], [118.9974682, 37.3960702], [118.9937885, 37.4014049], [118.9919522, 37.4065295], [118.988484, 37.4130097], [118.987545, 37.4169434], [118.9847056, 37.4242718], [118.9851342, 37.4273382], [118.9851575, 37.4334756], [118.9858051, 37.4359446], [118.98652, 37.4420723], [118.9879402, 37.4457156], [118.9892383, 37.4506641], [118.9899689, 37.4581729], [118.9912983, 37.4632006], [118.9920007, 37.4682232], [118.9920661, 37.4739973], [118.9914775, 37.4790284], [118.9906354, 37.4825534], [118.9906928, 37.4876196], [118.9901042, 37.4926498], [118.9889183, 37.4976129], [118.9871456, 37.5024643], [118.9845017, 37.5076596], [118.9897558, 37.5134289], [118.9928264, 37.5178528], [118.9956709, 37.523164], [118.9975532, 37.5279877], [119.001598, 37.5443646], [119.0019671, 37.5470016], [119.0039465, 37.553193], [119.0058726, 37.5559667], [119.0087172, 37.5612751], [119.0105995, 37.5660964], [119.0120514, 37.5721344], [119.0147004, 37.5778949], [119.016859, 37.5810023], [119.0197035, 37.5863089], [119.0224463, 37.5936926], [119.0307347, 37.5928309], [119.0387981, 37.590801], [119.0450482, 37.5898393], [119.0513851, 37.5893506], [119.0577519, 37.5893395], [119.0640915, 37.5898058], [119.0737148, 37.5915191], [119.0819443, 37.5919822], [119.086145, 37.5926132], [119.0913975, 37.592604], [119.0977371, 37.5930703], [119.1021609, 37.5937349], [119.1090633, 37.5931592], [119.1154301, 37.5931481], [119.1217697, 37.5936144], [119.1280251, 37.5945541], [119.1372829, 37.5969639], [119.1415227, 37.5969565], [119.1478622, 37.5974228], [119.1541176, 37.5983624], [119.1691591, 37.601943], [119.1759056, 37.6041008], [119.1821384, 37.6067656], [119.1877633, 37.6076104], [119.1938783, 37.6090147], [119.2014238, 37.6115061], [119.2106868, 37.6105675], [119.2170537, 37.6105563], [119.2222008, 37.6109349], [119.2312862, 37.6100236], [119.237653, 37.6100124], [119.2439926, 37.6104786], [119.250248, 37.6114181], [119.2563631, 37.6128223], [119.2740959, 37.6182433], [119.2797277, 37.6205956], [119.2850531, 37.6233595], [119.2900243, 37.6265101], [119.2952149, 37.6305477], [119.2992815, 37.6344274], [119.3028662, 37.6385942], [119.3059367, 37.6430108], [119.3087813, 37.648313], [119.3107469, 37.6534456], [119.3142744, 37.6597292], [119.3161146, 37.6644363], [119.318983, 37.6685606], [119.3218275, 37.6738611], [119.3237098, 37.678675], [119.325008, 37.683608], [119.3257244, 37.6898448], [119.3277546, 37.6966487], [119.328457, 37.7016556], [119.3285224, 37.7074116], [119.3279338, 37.712427], [119.3270504, 37.7161131], [119.3308672, 37.7197503], [119.3344519, 37.7239123], [119.3375224, 37.7283238], [119.3403669, 37.7336199], [119.3422492, 37.73843], [119.3434043, 37.7428155], [119.3451735, 37.7461089], [119.3470558, 37.7509181], [119.3483539, 37.7558464], [119.3490628, 37.7614156], [119.3523046, 37.7651775], [119.3601817, 37.7760996], [119.3638405, 37.7834717], [119.3670482, 37.7880388], [119.3698927, 37.7933306], [119.371775, 37.7981368], [119.3728482, 37.8022082], [119.3752082, 37.8079024], [119.3765064, 37.8128268], [119.3770728, 37.8168582], [119.3800147, 37.8236332], [119.3813129, 37.8285566], [119.3820153, 37.8335545], [119.3820807, 37.8393003], [119.3814922, 37.8443067], [119.3803063, 37.8492463], [119.3785336, 37.8540748], [119.3757868, 37.859436], [119.3737271, 37.8654592], [119.3710034, 37.8707851], [119.3680336, 37.8752307], [119.3645441, 37.8794341], [119.358779, 37.884794], [119.3565609, 37.8914743], [119.3538372, 37.8967982], [119.3508674, 37.9012422], [119.3478255, 37.9049053], [119.3455975, 37.9092596], [119.3426277, 37.9137028], [119.3391382, 37.9179041], [119.3351603, 37.9218258], [119.3300622, 37.9259203], [119.3275256, 37.9275812], [119.3218135, 37.9329192], [119.3185388, 37.9368608], [119.314561, 37.9407815], [119.3094628, 37.9448749], [119.3045639, 37.9480818], [119.2993021, 37.9509085], [119.2937246, 37.9533297], [119.2870282, 37.9555726], [119.2809459, 37.9570567], [119.2747129, 37.9580803], [119.2683849, 37.9586341], [119.2611096, 37.9586857], [119.251869, 37.9577954], [119.2484722, 37.9580927], [119.2411969, 37.9581443], [119.2339572, 37.9575754], [119.2277185, 37.9565736], [119.221628, 37.9551107], [119.2157404, 37.9531998], [119.2093279, 37.9504895], [119.2040503, 37.9476812], [119.200799, 37.9455721], [119.1930639, 37.9417248], [119.188147, 37.9385349], [119.183635, 37.934992], [119.179026, 37.9305519], [119.175513, 37.9263636], [119.1725182, 37.9219315], [119.1659488, 37.9102532], [119.1634921, 37.903324], [119.1611423, 37.8988756], [119.1586642, 37.8918588], [119.1581946, 37.8938138], [119.1582343, 37.8973001], [119.1576458, 37.9023026], [119.1564598, 37.9072383], [119.15384, 37.9137184], [119.1523399, 37.9213229], [119.150198, 37.9268683], [119.1489067, 37.932697], [119.1471341, 37.93752], [119.1444104, 37.9428406], [119.1414406, 37.9472818], [119.1379511, 37.9514812], [119.1339732, 37.9554011], [119.128875, 37.9594937], [119.1239761, 37.9626999], [119.1181753, 37.96576], [119.1133098, 37.9689865], [119.1082757, 37.973027], [119.1033768, 37.9762326], [119.0981149, 37.9790583], [119.0905841, 37.98246], [119.0849297, 37.987099], [119.0800308, 37.990304], [119.074769, 37.9931291], [119.0666319, 37.9964058], [119.0635513, 37.9984209], [119.0582895, 38.0012457], [119.0498033, 38.0046388], [119.0477097, 38.0072653], [119.0441601, 38.0148255], [119.042164, 38.0178078], [119.0418051, 38.0234714], [119.0428125, 38.0296094], [119.0428779, 38.0353398], [119.0416011, 38.043192], [119.0421258, 38.046915], [119.0421912, 38.0526441], [119.0416027, 38.057636], [119.0404167, 38.0625613], [119.0386441, 38.0673757], [119.0346297, 38.0746137], [119.0340496, 38.0803401], [119.0328636, 38.0852639], [119.031091, 38.0900769], [119.0283673, 38.0953864], [119.0261442, 38.098704], [119.0242245, 38.1041264], [119.0215008, 38.1094349], [119.018531, 38.1138661], [119.0150415, 38.1180559], [119.0110636, 38.1219669], [119.0055973, 38.1262906], [119.0034248, 38.1295314], [118.9999353, 38.1337204], [118.9959574, 38.1376305], [118.9908593, 38.141713], [118.9859604, 38.1449112], [118.9806986, 38.1477303], [118.974169, 38.150463], [118.9702599, 38.1535928], [118.965361, 38.1567905], [118.9600992, 38.1596092], [118.9545217, 38.1620235], [118.945747, 38.1647657], [118.9406418, 38.1681281], [118.93538, 38.1709463], [118.9301692, 38.1732015], [118.9255356, 38.1762252], [118.9202738, 38.1790431], [118.9146963, 38.1814568], [118.9079998, 38.1836927], [118.9019176, 38.1851723], [118.8934167, 38.1863905], [118.8886037, 38.1884731], [118.8819073, 38.1907088], [118.8758251, 38.1921882], [118.8688157, 38.1932762], [118.8619946, 38.1955657], [118.8559124, 38.197045], [118.8496793, 38.1980652], [118.8433513, 38.1986173], [118.8360761, 38.1986686], [118.8305241, 38.1982338], [118.82496, 38.1991445], [118.8186321, 38.1996965], [118.8113568, 38.1997479], [118.8065586, 38.199372], [118.8028392, 38.1996965], [118.795564, 38.1997479], [118.7883243, 38.1991808], [118.7820855, 38.1981823], [118.7740498, 38.196095], [118.7698803, 38.1964588], [118.762605, 38.1965102], [118.7553653, 38.1959431], [118.7491266, 38.1949445], [118.7401119, 38.1925405], [118.7308896, 38.1942878], [118.7245616, 38.1948398], [118.7172864, 38.1948912], [118.7100467, 38.1943241], [118.7039256, 38.1933444], [118.6991558, 38.1937606], [118.6918805, 38.1938119], [118.6846408, 38.1932448], [118.6784021, 38.1922463], [118.6689063, 38.1896864], [118.6646692, 38.1890082], [118.6585786, 38.18755], [118.6526911, 38.1856452], [118.6462786, 38.1829435], [118.6390338, 38.178872], [118.6346056, 38.1770062], [118.629328, 38.1742066], [118.6244111, 38.1710267], [118.619865, 38.1674625], [118.6112597, 38.1640504], [118.605982, 38.1612503], [118.6010651, 38.1580699], [118.5965531, 38.1545377], [118.5920132, 38.1501772], [118.5874426, 38.1477518], [118.5823938, 38.1444675], [118.5778467, 38.1429955], [118.5714343, 38.1402922], [118.5669967, 38.1379371], [118.5586206, 38.1354347], [118.5528269, 38.132992], [118.5486261, 38.1323191], [118.5425355, 38.1308597], [118.5360158, 38.1286869], [118.5292227, 38.1315616], [118.5253136, 38.1346921], [118.5204147, 38.1378907], [118.5151529, 38.1407101], [118.5095754, 38.143125], [118.502879, 38.1453621], [118.4944375, 38.1472289], [118.4869161, 38.150685], [118.4802197, 38.1529219], [118.4741375, 38.154402], [118.4679044, 38.1554228], [118.4606448, 38.1559817], [118.4568737, 38.1572414], [118.4507915, 38.1587214], [118.4445584, 38.1597422], [118.4382305, 38.1602945], [118.4309552, 38.1603459], [118.4246646, 38.1598529], [118.4211682, 38.1610207], [118.415086, 38.1625007], [118.4088529, 38.1635214], [118.4020464, 38.1640771], [118.3937999, 38.1662798], [118.3875669, 38.1673004], [118.3835789, 38.1676485], [118.3791128, 38.1695815], [118.3724163, 38.1718178], [118.3663341, 38.1732976], [118.360101, 38.1743181], [118.3537731, 38.1748703], [118.3464978, 38.1749217], [118.3397935, 38.1743964], [118.3354351, 38.1754567], [118.3272169, 38.1766505], [118.3222912, 38.1782953], [118.316209, 38.1797749], [118.3099759, 38.1807954], [118.303648, 38.1813475], [118.3001369, 38.1813723], [118.2956096, 38.1824736], [118.2884423, 38.1835756], [118.2804058, 38.1863913], [118.2743236, 38.1878708], [118.2680905, 38.1888911], [118.2617626, 38.1894432], [118.2544873, 38.1894946], [118.2472476, 38.1889275], [118.2387606, 38.1873905], [118.2324382, 38.1889502], [118.2262052, 38.1899705], [118.2198772, 38.1905226], [118.2126019, 38.190574], [118.2094131, 38.1903242], [118.2021726, 38.1915895], [118.1958822, 38.1921383], [118.1912395, 38.1932675], [118.1850064, 38.1942878], [118.1786785, 38.1948398], [118.1703149, 38.194806], [118.1664227, 38.1961054], [118.1603405, 38.1975847], [118.1509795, 38.1988777], [118.14634, 38.2008849], [118.1396435, 38.2031203], [118.1335613, 38.2045994], [118.1273282, 38.2056195], [118.1187112, 38.2061876], [118.1147543, 38.2078994], [118.1080578, 38.2101345], [118.1019756, 38.2116135], [118.0922281, 38.21294], [118.0847119, 38.2155296], [118.0786297, 38.2170085], [118.0730004, 38.2179296], [118.068749, 38.2197684], [118.0620526, 38.2220032], [118.0559703, 38.2234819], [118.0487961, 38.2245839], [118.0405965, 38.2283993], [118.0360271, 38.229924], [118.0332804, 38.2326204], [118.0281823, 38.2366975], [118.0232834, 38.2398916], [118.0156428, 38.2437355], [118.0126811, 38.2466425], [118.0075829, 38.2507188], [118.002684, 38.2539123], [117.9974222, 38.2567272], [117.9906029, 38.2595525], [117.9849236, 38.2641983], [117.9800247, 38.2673912], [117.9747629, 38.2702055], [117.9669136, 38.2733738], [117.9628586, 38.2760163], [117.9575968, 38.2788304], [117.9520193, 38.2812407], [117.9453228, 38.2834736], [117.9374572, 38.2852426], [117.9341119, 38.2879161], [117.9292129, 38.2911079], [117.9239511, 38.2939214], [117.9183736, 38.2963312], [117.9105679, 38.2988331], [117.9044937, 38.3029634], [117.8992319, 38.3057764], [117.8953795, 38.3074406], [117.8901665, 38.3116261], [117.8852676, 38.3148169], [117.8799896, 38.3176364], [117.8772699, 38.3208929], [117.873292, 38.324793], [117.8681939, 38.328865], [117.8614353, 38.3330488], [117.8568125, 38.3377201], [117.8517144, 38.3417914], [117.8468155, 38.3449808], [117.8415537, 38.3477922], [117.8372108, 38.3496672], [117.8334713, 38.3528342], [117.8313209, 38.356032], [117.8278314, 38.3602079], [117.8238536, 38.3641059], [117.8187554, 38.3681756], [117.8148588, 38.3707116], [117.8129818, 38.3759372], [117.8102581, 38.3812259], [117.8072883, 38.3856405], [117.8037988, 38.3898147], [117.799821, 38.3937111], [117.7947228, 38.3977792], [117.791335, 38.3999832], [117.7866327, 38.4059588], [117.7826548, 38.4098543], [117.7795586, 38.4123244], [117.776333, 38.4161815], [117.7723551, 38.4200764], [117.767257, 38.424143], [117.7623581, 38.4273289], [117.7540906, 38.4314333], [117.7495538, 38.4371604], [117.7463283, 38.4403178], [117.7443402, 38.4441749], [117.7413704, 38.4485856], [117.7380976, 38.4524972], [117.7354393, 38.458669], [117.7349163, 38.4630805], [117.7337303, 38.4679784], [117.7319577, 38.4727661], [117.729234, 38.4780477], [117.7262642, 38.4824564], [117.7231519, 38.4861744], [117.7196209, 38.4936346], [117.7166511, 38.4980424], [117.7131616, 38.5022101], [117.7091838, 38.5061004], [117.7049592, 38.5094661], [117.7001154, 38.5156428], [117.6940154, 38.5212227], [117.689129, 38.5274615], [117.6867041, 38.5298322], [117.6860225, 38.5311528], [117.6860663, 38.5349646], [117.6854778, 38.5399234], [117.6842919, 38.5448161], [117.6825192, 38.5495987], [117.6796682, 38.5550635], [117.679298, 38.5581817], [117.678112, 38.5630731], [117.6763394, 38.5678545], [117.6736157, 38.5731292], [117.6709505, 38.5770805], [117.6703716, 38.5828767], [117.6691857, 38.5877664], [117.6665659, 38.5941861], [117.6650658, 38.6017198], [117.6626943, 38.6076575], [117.6621318, 38.6123922], [117.6609459, 38.6172799], [117.6591732, 38.6220577], [117.6559083, 38.6281302], [117.6547661, 38.6328367], [117.6529934, 38.6376134], [117.6502697, 38.6428829], [117.6486564, 38.6452725], [117.6478996, 38.6483901], [117.6461791, 38.6530253], [117.6462409, 38.6583946], [117.6456523, 38.6633449], [117.6444664, 38.6682291], [117.6426937, 38.6730035], [117.63997, 38.6782704], [117.63742, 38.6820455], [117.6362267, 38.6869908], [117.6331571, 38.6942711], [117.6331946, 38.6975258], [117.6326061, 38.7024734], [117.6311866, 38.7079838], [117.6324268, 38.7126306], [117.6331292, 38.7175681], [117.6331946, 38.7232443], [117.6327761, 38.7267617], [117.6346416, 38.7294052], [117.6374861, 38.7346289], [117.6393684, 38.7393732], [117.6406666, 38.7442349], [117.6418138, 38.7528258], [117.6434883, 38.7570453], [117.6465479, 38.7698899], [117.6497478, 38.7743863], [117.6525923, 38.7796068], [117.6546833, 38.7851294], [117.6583502, 38.789308], [117.6614207, 38.7936553], [117.6642653, 38.7988743], [117.6661155, 38.8035336], [117.6686499, 38.8064327], [117.6717204, 38.8107789], [117.6749849, 38.8170541], [117.6781115, 38.8199887], [117.6816961, 38.8240881], [117.6847667, 38.8284333], [117.6871998, 38.8328953], [117.691211, 38.8359642], [117.6952776, 38.8397801], [117.6988623, 38.8438784], [117.7019328, 38.8482224], [117.7040508, 38.8521055], [117.7104371, 38.8568207], [117.7145037, 38.8606354], [117.7180883, 38.8647326], [117.7206142, 38.8683049], [117.7276032, 38.8733945], [117.733257, 38.8790221], [117.7366675, 38.8807617], [117.7416387, 38.8838582], [117.7486002, 38.8894872], [117.754688, 38.891942], [117.7600134, 38.8946579], [117.7649846, 38.8977538], [117.7714946, 38.9029583], [117.7799261, 38.9069485], [117.7848973, 38.9100438], [117.790088, 38.9140108], [117.7934348, 38.9171478], [117.7998388, 38.9203053], [117.8048101, 38.9234001], [117.8100007, 38.9273663], [117.8140673, 38.9311773], [117.8176519, 38.9352703], [117.8207225, 38.9396087], [117.823567, 38.944817], [117.8249341, 38.9482526], [117.8278002, 38.9509378], [117.8313848, 38.9550297], [117.8344554, 38.9593668], [117.8372999, 38.9645737], [117.8391822, 38.9693027], [117.8404804, 38.9741487], [117.8411828, 38.9790681], [117.8412482, 38.9847234], [117.8406597, 38.9896511], [117.8394737, 38.994513], [117.8377011, 38.9992655], [117.8360661, 39.0024128], [117.8342678, 39.0072695], [117.8305835, 39.0139273], [117.8291741, 39.0206578], [117.8274014, 39.0254085], [117.8241365, 39.0314467], [117.8229942, 39.0361267], [117.8206387, 39.0419978], [117.8200603, 39.0478007], [117.819304, 39.0508987], [117.8212543, 39.0573754], [117.8215413, 39.0593831], [117.8242537, 39.064341], [117.826136, 39.0690633], [117.8275729, 39.0748728], [117.8296489, 39.0778002], [117.8324934, 39.0829983], [117.8343757, 39.0877194], [117.8358731, 39.0939498], [117.8393599, 39.1000522], [117.8414522, 39.1055548], [117.8440684, 39.1092423], [117.8467033, 39.1140551], [117.8526709, 39.1203648], [117.8545211, 39.1229721], [117.8621857, 39.1284628], [117.8662523, 39.132263], [117.8689758, 39.1353639], [117.8719366, 39.1368687], [117.8779297, 39.1407325], [117.8858373, 39.1437484], [117.8911627, 39.1464547], [117.8964259, 39.149762], [117.9021782, 39.1515629], [117.9108317, 39.1554013], [117.9209023, 39.1565956], [117.9270174, 39.1579701], [117.9349057, 39.1605489], [117.9441727, 39.1610002], [117.9504281, 39.1619198], [117.9561883, 39.1632145], [117.961179, 39.1632059], [117.9675186, 39.1636622], [117.973774, 39.1645817], [117.983043, 39.1669434], [117.9893315, 39.1669325], [117.9958803, 39.1674196], [118.0021908, 39.1669435], [118.0106832, 39.1670855], [118.0153743, 39.1660748], [118.0227675, 39.1628425], [118.0313359, 39.1603128], [118.0344984, 39.1583052], [118.0398083, 39.1555811], [118.0490087, 39.1521011], [118.0562878, 39.1481264], [118.0637797, 39.1451983], [118.0674574, 39.1428631], [118.0727673, 39.1401384], [118.0787251, 39.1377059], [118.0849322, 39.1329374], [118.0896833, 39.1271215], [118.0926486, 39.1243252], [118.0957311, 39.1180789], [118.0991683, 39.1131037], [118.1041783, 39.1076421], [118.1074041, 39.1010295], [118.1124761, 39.0941727], [118.1156438, 39.0877067], [118.119081, 39.0827293], [118.1220754, 39.0792846], [118.1252569, 39.0727822], [118.128694, 39.0678037], [118.1322553, 39.063706], [118.1363001, 39.0598882], [118.1407922, 39.0563846], [118.1443705, 39.0541096], [118.1472865, 39.0513569], [118.1531419, 39.046986], [118.1534114, 39.0451177], [118.1476845, 39.039881], [118.1441714, 39.0357566], [118.1411767, 39.0313923], [118.1387271, 39.0268271], [118.1366233, 39.0214163], [118.1354096, 39.0165604], [118.134793, 39.0116367], [118.1347789, 39.0066894], [118.1355004, 39.0010634], [118.136771, 38.9962148], [118.1386263, 38.9914812], [118.1410497, 38.986905], [118.1444869, 38.9819205], [118.1480482, 38.9778178], [118.152093, 38.9739954], [118.156585, 38.9704875], [118.1622145, 38.9669041], [118.1675243, 38.9641726], [118.1731429, 38.961844], [118.1790197, 38.9599393], [118.1859844, 38.9583034], [118.1922345, 38.9573596], [118.1985714, 38.9568801], [118.2049382, 38.9568691], [118.2112778, 38.9573268], [118.2175332, 38.958249], [118.2236482, 38.9596274], [118.2303947, 38.9617453], [118.2360265, 38.9640544], [118.2413519, 38.9667676], [118.2463231, 38.9698604], [118.2515137, 38.973824], [118.2555803, 38.9776324], [118.259165, 38.9817228], [118.2627059, 38.986919], [118.2709204, 38.9878144], [118.2809688, 38.9867749], [118.2864064, 38.9867655], [118.2937877, 38.9849952], [118.3000378, 38.9840518], [118.3063747, 38.9835725], [118.3127415, 38.9835615], [118.322758, 38.9845609], [118.3324672, 38.9835725], [118.3388341, 38.9835615], [118.3451736, 38.984019], [118.351429, 38.9849409], [118.3575441, 38.9863188], [118.3642906, 38.9884358], [118.3686122, 38.9902071], [118.372715, 38.9908117], [118.3788301, 38.9921895], [118.3855766, 38.9943064], [118.3912084, 38.9966145], [118.3963098, 38.9992124], [118.4008675, 38.9998839], [118.4069826, 39.0012615], [118.4137291, 39.0033782], [118.4193608, 39.005686], [118.4274914, 39.0101418], [118.4330751, 39.0113995], [118.4398216, 39.0135158], [118.4454534, 39.0158233], [118.4507788, 39.0185345], [118.4570769, 39.0226375], [118.461979, 39.0233595], [118.468094, 39.0247367], [118.4748405, 39.0268526], [118.4804723, 39.0291597], [118.4857977, 39.0318703], [118.4907689, 39.0349603], [118.4956186, 39.0386601], [118.5010717, 39.0408936], [118.5063971, 39.0436038], [118.5113683, 39.0466932], [118.5174566, 39.0514923], [118.5222191, 39.0529854], [118.5278508, 39.0552916], [118.5331762, 39.0580013], [118.5381475, 39.0610901], [118.5433381, 39.0650485], [118.5477128, 39.0692032], [118.5538048, 39.0711127], [118.5594365, 39.0734183], [118.5647619, 39.0761273], [118.5697332, 39.0792153], [118.5749238, 39.0831727], [118.5789904, 39.0869753], [118.5833439, 39.0921434], [118.5882726, 39.0952042], [118.5952617, 39.1008422], [118.5985753, 39.1021982], [118.6039007, 39.1049061], [118.6071036, 39.1068948], [118.6077156, 39.1069848], [118.6117046, 39.1060498], [118.6179547, 39.105108], [118.6242916, 39.1046295], [118.6282685, 39.1046227], [118.6337566, 39.1017832], [118.6393752, 39.0994592], [118.645252, 39.0975582], [118.6516737, 39.0960527], [118.6550427, 39.0943229], [118.6606612, 39.0919986], [118.666538, 39.0900974], [118.6735027, 39.0884645], [118.6797528, 39.0875224], [118.6860897, 39.0870438], [118.6926987, 39.0870503], [118.699497, 39.0847678], [118.7064617, 39.0831347], [118.7133207, 39.0821466], [118.7112338, 39.0781499], [118.7079872, 39.0750715], [118.7029839, 39.0687786], [118.6989016, 39.0650278], [118.6929788, 39.061948], [118.6881608, 39.0604138], [118.6805513, 39.0587329], [118.6746637, 39.0568511], [118.6682513, 39.054182], [118.6629736, 39.0514165], [118.6580567, 39.0482753], [118.6535447, 39.0447866], [118.6489357, 39.0404143], [118.6454226, 39.03629], [118.6424279, 39.0319257], [118.6399784, 39.0273605], [118.6378745, 39.0219498], [118.6366609, 39.0170939], [118.6360442, 39.0121702], [118.6360301, 39.0072229], [118.6367517, 39.001597], [118.6380222, 38.9967485], [118.6398775, 38.9920149], [118.6423009, 38.9874387], [118.6457381, 38.9824543], [118.6492994, 38.9783516], [118.6533442, 38.9745292], [118.6578362, 38.9710213], [118.6634657, 38.9674379], [118.6687756, 38.9647064], [118.6743941, 38.9623779], [118.6802709, 38.9604732], [118.6872356, 38.9588373], [118.6934857, 38.9578935], [118.6998226, 38.957414], [118.7061894, 38.9574031], [118.712529, 38.9578607], [118.7187844, 38.9587829], [118.7248995, 38.9601613], [118.7303321, 38.9618667], [118.7372591, 38.9633648], [118.7440056, 38.9654826], [118.7496373, 38.9677916], [118.7558956, 38.971085], [118.7618583, 38.9729565], [118.7674901, 38.9752653], [118.7728155, 38.9779781], [118.7777868, 38.9810704], [118.7829774, 38.9850333], [118.7864611, 38.9882954], [118.791355, 38.9907879], [118.7963262, 38.9938796], [118.8015168, 38.9978418], [118.8055834, 39.001649], [118.809168, 39.005738], [118.8111549, 39.0085425], [118.8158831, 39.012854], [118.8194677, 39.0169423], [118.8225383, 39.0212757], [118.8255333, 39.0268559], [118.8282427, 39.0293914], [118.8318273, 39.0334788], [118.8348979, 39.0378111], [118.8377424, 39.0430122], [118.8391956, 39.0466591], [118.8436891, 39.0476707], [118.8491218, 39.0493741], [118.8560488, 39.0508703], [118.8627952, 39.0529854], [118.868427, 39.0552916], [118.8737524, 39.0580013], [118.8789814, 39.0612867], [118.8868278, 39.0636491], [118.8924596, 39.0659549], [118.8958748, 39.0676924], [118.8993074, 39.068465], [118.9060539, 39.0705796], [118.9135999, 39.073859], [118.917836, 39.0741643], [118.9240914, 39.075085], [118.9302065, 39.0764611], [118.9338154, 39.0775922], [118.9385109, 39.0782833], [118.944626, 39.0796593], [118.9513725, 39.0817736], [118.9570043, 39.0840789], [118.9705694, 39.0910511], [118.9755407, 39.0941384], [118.9807313, 39.098095], [118.9847979, 39.1018968], [118.9883825, 39.10598], [118.9910434, 39.1097305], [118.9985841, 39.1151452], [119.0024131, 39.118724], [119.0084996, 39.1223772], [119.0136903, 39.1263322], [119.0162695, 39.1287425], [119.0236058, 39.1330303], [119.027742, 39.1361815], [119.0332219, 39.1384228], [119.0385473, 39.1411293], [119.0435186, 39.1442145], [119.0487092, 39.1481683], [119.05383, 39.1531674], [119.0565648, 39.1548643], [119.0617554, 39.1588175], [119.065822, 39.1626161], [119.0694067, 39.1666957], [119.0724772, 39.1710199], [119.0759498, 39.1777843], [119.0815862, 39.1843448], [119.0851995, 39.1872309], [119.0895269, 39.1889996], [119.0948523, 39.1917041], [119.0998235, 39.194787], [119.1050938, 39.1988124], [119.1099585, 39.2012826], [119.1149297, 39.2043651], [119.1201203, 39.2083155], [119.1252412, 39.2133104], [119.127976, 39.2150059], [119.1331666, 39.2189557], [119.1372332, 39.222751], [119.1408178, 39.2268272], [119.1438884, 39.2311476], [119.1462858, 39.2355193], [119.1516527, 39.2403028], [119.1552374, 39.244378], [119.1583079, 39.2486973], [119.1609428, 39.2535006], [119.1662312, 39.2590259], [119.1716187, 39.2630952], [119.1771515, 39.2685543], [119.1826051, 39.272664], [119.1866716, 39.2764563], [119.1902563, 39.2805294], [119.1925121, 39.2837011], [119.1983979, 39.2880776], [119.2024645, 39.2918691], [119.2060492, 39.2959413], [119.2080947, 39.2988166], [119.2114442, 39.3013624], [119.2155108, 39.3051532], [119.2190954, 39.3092246], [119.2222859, 39.3137585], [119.2292263, 39.3131907], [119.2355931, 39.3131798], [119.2419327, 39.3136352], [119.2481881, 39.3145527], [119.2543031, 39.3159242], [119.2610496, 39.3180314], [119.2674852, 39.3207363], [119.2749025, 39.3222987], [119.281649, 39.3244057], [119.2872808, 39.326703], [119.2926062, 39.3294022], [119.2975774, 39.3324791], [119.302768, 39.3364223], [119.3061989, 39.3396189], [119.3092504, 39.3415073], [119.314441, 39.34545], [119.3185076, 39.3492385], [119.3220922, 39.3533073], [119.3252484, 39.3577758], [119.3316071, 39.3624402], [119.3356737, 39.3662277], [119.3396578, 39.3708564], [119.3446534, 39.3746494], [119.34872, 39.3784362], [119.3523046, 39.3825034], [119.3562355, 39.3883795], [119.360393, 39.3922346], [119.3639776, 39.3963009], [119.3670482, 39.4006109], [119.3698927, 39.4057852], [119.371775, 39.4104846], [119.3730732, 39.4153002], [119.3737959, 39.4219349], [119.3758198, 39.4285609], [119.3765222, 39.4334486], [119.3765876, 39.4390675], [119.375999, 39.4439634], [119.3748131, 39.4487939], [119.3718289, 39.4558329], [119.3706932, 39.4604578], [119.3689206, 39.4651789], [119.3661968, 39.4703871], [119.3632271, 39.4747344], [119.3597376, 39.478845], [119.3549582, 39.4833118], [119.3508112, 39.4883842], [119.3481193, 39.4909804], [119.344001, 39.4975217], [119.3405115, 39.501631], [119.3367062, 39.5053003], [119.3339245, 39.5106598], [119.3309547, 39.5150046], [119.327317, 39.5192557], [119.330656, 39.5241286], [119.3335005, 39.5292938], [119.3353828, 39.5339849], [119.336681, 39.5387919], [119.3372681, 39.5427647], [119.3417402, 39.5510044], [119.3436225, 39.555694], [119.3457659, 39.5639433], [119.3492933, 39.5700617], [119.3515313, 39.5760662], [119.3554731, 39.5827637], [119.3602699, 39.5960091], [119.3622416, 39.5987689], [119.3657775, 39.6056497], [119.3684215, 39.6093497], [119.371266, 39.6145085], [119.3768129, 39.627983], [119.3781324, 39.6303754], [119.3805582, 39.6370692], [119.3836256, 39.6425376], [119.3858213, 39.6483797], [119.3891188, 39.654169], [119.3910011, 39.6588516], [119.3920567, 39.6627536], [119.3946119, 39.6673842], [119.3964942, 39.6720659], [119.3978051, 39.6769511], [119.3992408, 39.6805216], [119.4008807, 39.6876875], [119.4026741, 39.6921467], [119.403998, 39.6971213], [119.4061125, 39.7003298], [119.4120428, 39.706552], [119.4151134, 39.7108428], [119.4182005, 39.7165972], [119.419966, 39.7186897], [119.4236176, 39.7214485], [119.4266705, 39.7242772], [119.4313086, 39.7266146], [119.4362798, 39.7296739], [119.4432038, 39.7352004], [119.4479528, 39.7381226], [119.4531434, 39.7420429], [119.4588816, 39.7476964], [119.4648164, 39.7520738], [119.4695262, 39.756566], [119.4764893, 39.7615755], [119.4795422, 39.7644025], [119.486932, 39.768431], [119.4953508, 39.7697004], [119.5070903, 39.7668159], [119.5133404, 39.765883], [119.5196773, 39.765409], [119.5260441, 39.7653982], [119.5323837, 39.7658506], [119.5386391, 39.7667621], [119.5447542, 39.7681247], [119.5604271, 39.772857], [119.5660588, 39.7751395], [119.5713842, 39.7778213], [119.5763555, 39.7808784], [119.5815461, 39.7847962], [119.5856127, 39.7885607], [119.5891973, 39.7926038], [119.5922679, 39.7968892], [119.5951124, 39.802034], [119.5969947, 39.8067066], [119.5982929, 39.8114947], [119.5990217, 39.8186115], [119.6003686, 39.8258482], [119.600434, 39.8314353], [119.5998455, 39.8363035], [119.5986595, 39.8411067], [119.5969809, 39.8455529], [119.5966525, 39.8501329], [119.5990178, 39.8510905], [119.6062083, 39.8549151], [119.6154787, 39.8567351], [119.6204704, 39.8582821], [119.6258431, 39.859064], [119.6319582, 39.8604247], [119.6387047, 39.8625154], [119.6443364, 39.864795], [119.6496618, 39.8674733], [119.6531364, 39.8696072], [119.6628572, 39.8714924], [119.666549, 39.8726363], [119.6766549, 39.8738208], [119.6827699, 39.8751812], [119.6909282, 39.8778428], [119.6958809, 39.8785634], [119.701996, 39.8799237], [119.7100484, 39.8825423], [119.7177889, 39.884139], [119.7245353, 39.886229], [119.7306683, 39.8887597], [119.7335817, 39.8894077], [119.7407574, 39.8916712], [119.7473146, 39.8930956], [119.7550875, 39.8956005], [119.7611123, 39.8964768], [119.7672273, 39.8978368], [119.7739738, 39.8999264], [119.7822403, 39.903529], [119.7905733, 39.9052114], [119.7973198, 39.9073008], [119.8058586, 39.9106452], [119.813236, 39.9081528], [119.8202007, 39.9065389], [119.8264508, 39.9056079], [119.8327877, 39.9051349], [119.8391545, 39.9051241], [119.8454941, 39.9055755], [119.8541427, 39.9070175], [119.8581936, 39.9067151], [119.8645604, 39.9067042], [119.8708999, 39.9071557], [119.8771554, 39.9080654], [119.8832704, 39.9094252], [119.8900169, 39.9115144], [119.8923826, 39.9124849], [119.8956487, 39.9137923], [119.9009741, 39.9164687], [119.9059453, 39.9195196], [119.9111359, 39.9234295], [119.9152025, 39.9271864], [119.9187872, 39.9312213], [119.9218577, 39.9354981], [119.9247023, 39.9406325], [119.9290181, 39.9518898], [119.9352049, 39.9553675], [119.9415153, 39.9573204], [119.9471471, 39.9595968], [119.9524725, 39.9622714], [119.9574437, 39.9653202], [119.9626344, 39.9692275], [119.9667009, 39.9729819], [119.9702856, 39.9770142], [119.9733562, 39.9812881], [119.9767139, 39.9876895], [119.9810072, 39.9948362], [119.9828895, 39.9994957], [119.9841877, 40.0042703], [119.9851256, 40.0134774], [119.9938204, 40.0152096], [119.9961237, 40.0159218], [120.0048714, 40.0170073], [120.0109865, 40.0183649], [120.0190389, 40.0209781], [120.027079, 40.0226643], [120.0371438, 40.0238433], [120.0432588, 40.0252007], [120.0500053, 40.0272864], [120.0546944, 40.0291798], [120.061863, 40.0301528], [120.0679781, 40.0315101], [120.0747246, 40.0335956], [120.0834217, 40.0374073], [120.0870791, 40.0386023], [120.094822, 40.0396159], [120.1009371, 40.0409731], [120.1076835, 40.0430583], [120.1107429, 40.0442934], [120.1147347, 40.0448727], [120.1208498, 40.0462297], [120.1275963, 40.0483148], [120.1346677, 40.0513102], [120.1435091, 40.0530628], [120.1502556, 40.0551476], [120.1571783, 40.0580682], [120.1606752, 40.058844], [120.1674217, 40.0609287], [120.1726094, 40.0630224], [120.1818413, 40.0656583], [120.187473, 40.0679311], [120.1911332, 40.0697665], [120.1963808, 40.0709306], [120.2031273, 40.0730148], [120.209805, 40.0758118], [120.2182335, 40.078269], [120.2238652, 40.0805414], [120.2285076, 40.0828688], [120.2340263, 40.0845735], [120.2396581, 40.0868456], [120.2437748, 40.0889094], [120.2484459, 40.0903521], [120.2540776, 40.092624], [120.2614674, 40.0965571], [120.2711052, 40.0992817], [120.2767369, 40.1015533], [120.2812025, 40.1037914], [120.2904512, 40.1056017], [120.2971977, 40.1076849], [120.3028295, 40.1099563], [120.3081549, 40.112625], [120.3155544, 40.1174911], [120.3205145, 40.1199765], [120.3262192, 40.1235691], [120.3342474, 40.1273272], [120.3392186, 40.1303686], [120.3444093, 40.1342664], [120.3467569, 40.1364287], [120.3541893, 40.1386629], [120.3613375, 40.1416929], [120.3674202, 40.1425744], [120.3735353, 40.1439295], [120.3805264, 40.1461101], [120.3882839, 40.1454279], [120.3946507, 40.1454171], [120.4032774, 40.1461984], [120.4116298, 40.1454279], [120.4179967, 40.1454171], [120.4243362, 40.145867], [120.4288663, 40.1465235], [120.4358494, 40.1464668], [120.442189, 40.1469167], [120.4484444, 40.1478232], [120.4648592, 40.1518024], [120.4716057, 40.1538842], [120.4772374, 40.156154], [120.4825628, 40.158821], [120.4875341, 40.161861], [120.4927247, 40.1657571], [120.4952611, 40.1680921], [120.5005803, 40.1713059], [120.505771, 40.1752014], [120.5105219, 40.1797119], [120.5156865, 40.1828479], [120.5202871, 40.1862999], [120.5251349, 40.1887266], [120.5301061, 40.1917653], [120.5357645, 40.1960901], [120.543839, 40.2006816], [120.5490296, 40.2045754], [120.5530962, 40.2083168], [120.5566809, 40.2123351], [120.5586971, 40.2151318], [120.5647692, 40.2203768], [120.5683538, 40.2243944], [120.5714244, 40.2286528], [120.5742689, 40.2337651], [120.5761512, 40.2384082], [120.5774576, 40.2432228], [120.5811354, 40.2494892], [120.5830177, 40.2541312], [120.5843159, 40.258888], [120.5850183, 40.2637169], [120.5850837, 40.2692683], [120.5838069, 40.276875], [120.5843316, 40.2804817], [120.584397, 40.2860317], [120.5838085, 40.2908675], [120.5826225, 40.2956388], [120.5808499, 40.3003027], [120.5793355, 40.3031635], [120.5883354, 40.3059096], [120.5939672, 40.3081743], [120.5992926, 40.3108353], [120.6042638, 40.3138685], [120.6098155, 40.3180874], [120.617832, 40.32183], [120.6228032, 40.3248627], [120.6279939, 40.3287494], [120.6318229, 40.3322657], [120.6379094, 40.3358551], [120.6431001, 40.3397411], [120.6471666, 40.3434751], [120.6507513, 40.3474854], [120.6538219, 40.351736], [120.655498, 40.354743], [120.6623261, 40.3596264], [120.6663927, 40.3633593], [120.6699774, 40.3673684], [120.6730479, 40.3716178], [120.6758925, 40.3767193], [120.6777748, 40.3813526], [120.6794146, 40.3884452], [120.681208, 40.3928588], [120.6825062, 40.3976059], [120.6832086, 40.4024248], [120.683274, 40.4079648], [120.6826854, 40.4127919], [120.6814995, 40.4175545], [120.6797268, 40.42221], [120.6761143, 40.4286289], [120.6771071, 40.4310935], [120.6817192, 40.4325108], [120.687351, 40.4347713], [120.6918489, 40.4370146], [120.6925683, 40.4307662], [120.6938388, 40.4260171], [120.6956941, 40.4213806], [120.6981176, 40.4168983], [120.7015547, 40.412016], [120.705116, 40.4079974], [120.7091608, 40.4042534], [120.7136529, 40.4008174], [120.7192823, 40.3973075], [120.7245922, 40.394632], [120.7302108, 40.3923511], [120.7360875, 40.3904855], [120.7430523, 40.3888831], [120.7493023, 40.3879587], [120.7556392, 40.387489], [120.7620061, 40.3874782], [120.7683456, 40.3879265], [120.774601, 40.3888298], [120.7807161, 40.39018], [120.7874626, 40.3922544], [120.7930944, 40.3945163], [120.7984198, 40.3971738], [120.803391, 40.4002032], [120.8106416, 40.4056541], [120.8147081, 40.4093844], [120.8182928, 40.4133908], [120.8213634, 40.4176373], [120.8242079, 40.4227353], [120.8260902, 40.4273655], [120.8273291, 40.4318935], [120.8344249, 40.4363562], [120.8383943, 40.437232], [120.8451408, 40.439305], [120.8507726, 40.4415653], [120.856098, 40.444221], [120.8610692, 40.4472482], [120.8662598, 40.4511278], [120.8726146, 40.4574112], [120.8799928, 40.462622], [120.8840593, 40.4663492], [120.887644, 40.4703522], [120.8907146, 40.474595], [120.8935591, 40.4796888], [120.8954414, 40.484315], [120.8967396, 40.4890556], [120.897442, 40.493868], [120.8975005, 40.4994566], [120.8987995, 40.5041981], [120.8995019, 40.5090095], [120.8995673, 40.5145406], [120.8982424, 40.5223125], [120.8988153, 40.5262352], [120.8988807, 40.531765], [120.8982921, 40.5365832], [120.8974559, 40.5399353], [120.8975074, 40.544289], [120.8969188, 40.5491062], [120.8957329, 40.5538592], [120.8939602, 40.5585053], [120.8912365, 40.5636307], [120.8882667, 40.5679089], [120.8847772, 40.5719542], [120.8807994, 40.5757301], [120.8757012, 40.5796726], [120.8708023, 40.5827611], [120.8655405, 40.5854834], [120.859963, 40.5878153], [120.8545367, 40.5895657], [120.8574466, 40.5937337], [120.86346, 40.5989054], [120.8670446, 40.6029005], [120.8704828, 40.6077921], [120.8744463, 40.6114169], [120.878031, 40.6154112], [120.8811015, 40.6196449], [120.883946, 40.6247276], [120.8858283, 40.6293438], [120.8874287, 40.6361401], [120.8901394, 40.6375315], [120.8967483, 40.6379777], [120.9030037, 40.6388776], [120.9091188, 40.6402227], [120.9156595, 40.6422264], [120.9255874, 40.642667], [120.9318429, 40.6435669], [120.9379579, 40.6449119], [120.9447044, 40.6469785], [120.9503362, 40.6492318], [120.9556616, 40.6518792], [120.9606328, 40.6548971], [120.9672536, 40.6600717], [120.9728277, 40.6628182], [120.977799, 40.6658356], [120.9829896, 40.6697025], [120.9870562, 40.6734181], [120.9906408, 40.6774088], [120.9937114, 40.6816386], [120.9965559, 40.6867166], [120.9989897, 40.6933362], [121.0030004, 40.6977148], [121.006071, 40.7019433], [121.0089155, 40.7070197], [121.0107978, 40.7116302], [121.012096, 40.7163547], [121.0127984, 40.7211508], [121.0128638, 40.7266645], [121.0122753, 40.7314686], [121.0110893, 40.7362087], [121.0087398, 40.7419246], [121.0081054, 40.7472764], [121.0116621, 40.7533294], [121.0135444, 40.7579367], [121.0148426, 40.7626579], [121.0155661, 40.7692315], [121.0237778, 40.7696741], [121.0300332, 40.7705723], [121.0367787, 40.7721075], [121.0425, 40.7712662], [121.0488369, 40.7707992], [121.0552037, 40.7707885], [121.0615433, 40.7712342], [121.0677987, 40.7721323], [121.0739137, 40.7734748], [121.0806602, 40.7755374], [121.086292, 40.7777863], [121.0916174, 40.7804287], [121.0965886, 40.7834407], [121.1017793, 40.7873008], [121.1058458, 40.7910099], [121.1102143, 40.7960714], [121.117188, 40.800076], [121.1223786, 40.8039351], [121.1264452, 40.8076432], [121.1291123, 40.8106065], [121.1355627, 40.8136965], [121.1405339, 40.8167071], [121.1457246, 40.8205652], [121.1497912, 40.8242724], [121.1546934, 40.830065], [121.1605397, 40.8320649], [121.1666756, 40.8329451], [121.1742231, 40.8347239], [121.1830795, 40.8351649], [121.1910379, 40.8364357], [121.1993992, 40.8362782], [121.2057388, 40.8367234], [121.2119942, 40.8376207], [121.2177863, 40.838891], [121.2280513, 40.8378473], [121.2344182, 40.8378367], [121.2407577, 40.8382819], [121.2503862, 40.8399189], [121.2592972, 40.8403598], [121.2618997, 40.8407331], [121.2721837, 40.8404341], [121.2785232, 40.8408793], [121.2839893, 40.8416633], [121.2919094, 40.8409642], [121.2982762, 40.8409535], [121.3046158, 40.8413988], [121.3108712, 40.842296], [121.3169863, 40.843637], [121.321954, 40.8451542], [121.3260846, 40.8445474], [121.3324215, 40.8440809], [121.3387883, 40.8440702], [121.3452491, 40.8445329], [121.354237, 40.8429891], [121.3605739, 40.8425226], [121.3678529, 40.842576], [121.3733928, 40.84131], [121.3796429, 40.8403918], [121.3859798, 40.8399253], [121.3918322, 40.8399154], [121.4008587, 40.8376736], [121.4071087, 40.8367554], [121.4138925, 40.8362881], [121.4206731, 40.8340703], [121.4276378, 40.8324785], [121.4342572, 40.831533], [121.4388289, 40.8296892], [121.4447057, 40.8278358], [121.4516704, 40.8262438], [121.4592311, 40.8252289], [121.4669814, 40.8218954], [121.4728582, 40.8200418], [121.4798229, 40.8184496], [121.4832705, 40.817943], [121.4874554, 40.8158476], [121.4930739, 40.8135811], [121.4989507, 40.8117272], [121.5059154, 40.8101348], [121.5121655, 40.8092162], [121.5222838, 40.8087431], [121.5313213, 40.8064968], [121.5375714, 40.8055781], [121.5439083, 40.8051113], [121.5502751, 40.8051006], [121.5564821, 40.8055368], [121.5635936, 40.803898], [121.5698437, 40.8029793], [121.5761806, 40.8025125], [121.5825474, 40.8025019], [121.588887, 40.8029474], [121.5990063, 40.8046929], [121.606393, 40.8040718], [121.6127598, 40.8040611], [121.6185621, 40.8044689], [121.6233318, 40.8033783], [121.6295819, 40.8024596], [121.6359188, 40.8019928], [121.6422856, 40.8019821], [121.6521593, 40.8029348], [121.6578914, 40.8025125], [121.6642583, 40.8025019], [121.6705978, 40.8029474], [121.6768532, 40.8038451], [121.6829683, 40.8051869], [121.6869076, 40.8063907], [121.6965306, 40.8061401], [121.7028702, 40.8065856], [121.7091256, 40.8074833], [121.7152406, 40.808825], [121.7239556, 40.8116722], [121.7317849, 40.8126804], [121.7379, 40.814022], [121.7446464, 40.8160833], [121.7502782, 40.8183309], [121.7556036, 40.8209716], [121.7605748, 40.8239818], [121.7657628, 40.8278377], [121.7752418, 40.8308135], [121.7773178, 40.8274251], [121.7799074, 40.8200878], [121.7823308, 40.8156321], [121.785768, 40.8107789], [121.7893293, 40.8067843], [121.7933741, 40.8030625], [121.7970641, 40.8002568], [121.7988143, 40.7977851], [121.8023755, 40.7937897], [121.8064204, 40.7900671], [121.8109124, 40.786651], [121.8165419, 40.7831612], [121.8196611, 40.7815985], [121.823272, 40.7788521], [121.8289015, 40.7753619], [121.8342114, 40.7727015], [121.8398299, 40.7704335], [121.8457067, 40.7685784], [121.8496592, 40.7676742], [121.8556227, 40.7652331], [121.8614995, 40.7633779], [121.8684642, 40.7617844], [121.8747715, 40.7608609], [121.8814833, 40.7586808], [121.8819229, 40.7578841], [121.8818034, 40.7522411], [121.882525, 40.7467566], [121.8837955, 40.7420299], [121.8856508, 40.7374152], [121.8880742, 40.732954], [121.8928728, 40.7265658], [121.8945772, 40.7223255], [121.8970006, 40.7178632], [121.9004378, 40.7130029], [121.903258, 40.7098349], [121.9043949, 40.705603], [121.9062502, 40.7009858], [121.9086736, 40.6965222], [121.9121108, 40.6916603], [121.9156721, 40.6876585], [121.9197169, 40.68393], [121.9242089, 40.6805084], [121.9309092, 40.6764757], [121.9347701, 40.6708316], [121.9383314, 40.6668286], [121.9423762, 40.6630989], [121.9468682, 40.6596762], [121.9524977, 40.6561798], [121.9578075, 40.6535146], [121.9670716, 40.6500897], [121.9702142, 40.6476948], [121.9758436, 40.6441978], [121.9811535, 40.6415321], [121.986772, 40.6392596], [121.9956918, 40.6367033], [122.0026228, 40.6322136], [122.0079327, 40.6295474], [122.0135512, 40.6272745], [122.019428, 40.6254154], [122.0264499, 40.6238102], [122.030592, 40.6217302], [122.0362105, 40.619457], [122.0420873, 40.6175977], [122.049052, 40.6160007], [122.0553021, 40.6150794], [122.0604634, 40.6146982], [122.0631688, 40.6095258], [122.066606, 40.6046575], [122.0701673, 40.6006505], [122.0742121, 40.5969172], [122.0787041, 40.5934911], [122.0837503, 40.5903539], [122.0866468, 40.5870942], [122.0906916, 40.5833601], [122.0951836, 40.5799333], [122.1008131, 40.5764327], [122.1075067, 40.5732041], [122.1099927, 40.5704057], [122.1140376, 40.5666706], [122.1185296, 40.563243], [122.124159, 40.5597415], [122.1308101, 40.5565294], [122.1335388, 40.5540092], [122.1359533, 40.5495522], [122.1393904, 40.5446796], [122.1429517, 40.5406689], [122.1469965, 40.5369323], [122.1514886, 40.5335031], [122.1556927, 40.530887], [122.1592992, 40.5234599], [122.1627364, 40.5185854], [122.1662977, 40.5145732], [122.169931, 40.5112154], [122.1723455, 40.5067556], [122.1773156, 40.5001523], [122.1777825, 40.4965901], [122.1790531, 40.4918457], [122.1809084, 40.4872137], [122.1846356, 40.4808856], [122.1846141, 40.4759845], [122.1856718, 40.4692215], [122.1852306, 40.4681102], [122.1769502, 40.4663595], [122.1710626, 40.4645157], [122.1646502, 40.4619007], [122.1593725, 40.459191], [122.1544556, 40.4561134], [122.1499436, 40.4526953], [122.1453346, 40.4484115], [122.1418216, 40.4443706], [122.1388268, 40.4400945], [122.1363773, 40.4356217], [122.1342734, 40.4303204], [122.1330598, 40.4255627], [122.1324431, 40.4207385], [122.1324335, 40.4174464], [122.1303132, 40.4104024], [122.1296918, 40.4039589], [122.1293523, 40.4033385], [122.1261086, 40.4003215], [122.120882, 40.3938294], [122.1160035, 40.3907728], [122.1114915, 40.3873514], [122.1055531, 40.3815329], [122.0981507, 40.377174], [122.0936387, 40.3737519], [122.0907807, 40.3710925], [122.0838415, 40.3677006], [122.0789246, 40.3646188], [122.0744126, 40.3611961], [122.0698036, 40.3569064], [122.0675445, 40.3543044], [122.0631318, 40.351538], [122.0586198, 40.3481146], [122.0540108, 40.3438241], [122.0504977, 40.3397769], [122.047503, 40.3354942], [122.0450534, 40.3310144], [122.0438389, 40.3279494], [122.0389046, 40.3234106], [122.0353915, 40.3193622], [122.0323968, 40.3150783], [122.0299472, 40.3105971], [122.0278434, 40.3052859], [122.0266297, 40.3005194], [122.0260131, 40.2956863], [122.0259989, 40.2908301], [122.0270805, 40.2839591], [122.0260131, 40.2773538], [122.0259989, 40.2724962], [122.0264169, 40.2692968], [122.0250636, 40.2675371], [122.0212464, 40.265141], [122.0167344, 40.2617132], [122.0137069, 40.2588914], [122.0103876, 40.2578487], [122.0039751, 40.2552256], [121.9986975, 40.2525077], [121.9915683, 40.2477396], [121.986809, 40.2457925], [121.9815313, 40.2430741], [121.9766144, 40.2399866], [121.9726928, 40.2370063], [121.9671118, 40.2341634], [121.9621949, 40.2310755], [121.9576829, 40.227646], [121.9530739, 40.2233479], [121.9495608, 40.2192935], [121.9465661, 40.2150031], [121.9441165, 40.2105153], [121.9420127, 40.2051963], [121.940799, 40.2004227], [121.9401824, 40.1955825], [121.9401683, 40.190719], [121.9408898, 40.1851884], [121.9421604, 40.1804221], [121.9443679, 40.1751149], [121.9443014, 40.1743236], [121.9366243, 40.1726591], [121.9307367, 40.1708073], [121.9243243, 40.1681808], [121.9198867, 40.1658926], [121.9115106, 40.1634613], [121.9050982, 40.1608346], [121.8998205, 40.1581128], [121.8949036, 40.1550215], [121.8903916, 40.1515881], [121.8857826, 40.1472851], [121.8822695, 40.1432262], [121.8792748, 40.138931], [121.8768253, 40.1344382], [121.8741256, 40.1267672], [121.8713631, 40.1241872], [121.86785, 40.1201268], [121.8648552, 40.1158302], [121.8624057, 40.1113359], [121.8603019, 40.1060091], [121.8592577, 40.1018962], [121.8559823, 40.0963928], [121.8522913, 40.0932867], [121.8457597, 40.0885791], [121.8401299, 40.0837424], [121.8308809, 40.0818307], [121.8237145, 40.079452], [121.8177453, 40.0785218], [121.8116548, 40.0771022], [121.8057672, 40.0752478], [121.7995528, 40.0726989], [121.7903688, 40.070797], [121.7844812, 40.0689425], [121.7780688, 40.0663121], [121.7727911, 40.0635866], [121.7664628, 40.0594154], [121.760216, 40.0568526], [121.7549383, 40.0541267], [121.7500214, 40.0510306], [121.7455094, 40.047592], [121.7409004, 40.0432824], [121.7368357, 40.0384249], [121.7287354, 40.0336833], [121.7242234, 40.0302439], [121.7196144, 40.0259332], [121.7161013, 40.021867], [121.7131066, 40.0175642], [121.7111022, 40.0138813], [121.7051949, 40.0085796], [121.7016818, 40.0045124], [121.698687, 40.0002084], [121.6962375, 39.9957064], [121.6941337, 39.9903706], [121.6925806, 39.9829094], [121.6895777, 39.9822465], [121.6811618, 39.9817017], [121.6749231, 39.9807282], [121.6688325, 39.9793065], [121.662945, 39.9774494], [121.6565325, 39.9748155], [121.6492976, 39.9708524], [121.642113, 39.9679746], [121.6368353, 39.9652452], [121.6319184, 39.962145], [121.6274064, 39.9587019], [121.6227974, 39.9543868], [121.6209143, 39.9522049], [121.6178549, 39.9504167], [121.613125, 39.9496783], [121.6070344, 39.948256], [121.6011469, 39.9463981], [121.5947344, 39.943763], [121.5894568, 39.9410326], [121.5845398, 39.9379313], [121.5800278, 39.934487], [121.5754189, 39.9301703], [121.5719058, 39.9260984], [121.568911, 39.9217896], [121.5655549, 39.9149804], [121.5569744, 39.915879], [121.5496991, 39.9159291], [121.5407345, 39.9151062], [121.5329418, 39.915879], [121.5256665, 39.9159291], [121.5184268, 39.9153757], [121.5121881, 39.9144012], [121.5060976, 39.9129781], [121.50021, 39.9111193], [121.4937975, 39.9084828], [121.4885199, 39.905751], [121.483603, 39.9026481], [121.479091, 39.899202], [121.474482, 39.8948831], [121.4709689, 39.8908091], [121.4682026, 39.886827], [121.4655556, 39.8843461], [121.4620425, 39.8802715], [121.4590478, 39.8759598], [121.4565982, 39.8714496], [121.4551363, 39.867735], [121.4520173, 39.8657657], [121.4458556, 39.8607711], [121.4411413, 39.8583292], [121.4362244, 39.8552242], [121.4317124, 39.8517757], [121.4271034, 39.8474538], [121.422873, 39.8423437], [121.4200394, 39.8401777], [121.4154305, 39.835855], [121.4119174, 39.8317775], [121.4089226, 39.8274628], [121.4064731, 39.8229494], [121.4043693, 39.8176001], [121.4031556, 39.8127993], [121.4025389, 39.8079315], [121.4025248, 39.8030404], [121.4032464, 39.7974783], [121.4052801, 39.7907597], [121.4052714, 39.7877407], [121.4060844, 39.7818325], [121.4023842, 39.7783593], [121.3988711, 39.7742784], [121.3958764, 39.76996], [121.3934268, 39.7654429], [121.391323, 39.7600891], [121.3901093, 39.7552843], [121.3894927, 39.7504124], [121.3894786, 39.7455172], [121.3902001, 39.7399505], [121.3914707, 39.735153], [121.393326, 39.7304691], [121.3957494, 39.7259411], [121.3991866, 39.721009], [121.408241, 39.7111394], [121.4122858, 39.7073568], [121.4167779, 39.7038855], [121.4206017, 39.7014769], [121.4177954, 39.7000199], [121.4111443, 39.6955793], [121.4040625, 39.6920949], [121.3991456, 39.6889824], [121.3946336, 39.6855255], [121.3900246, 39.6811932], [121.3865115, 39.6771065], [121.3835167, 39.6727821], [121.3819571, 39.6699019], [121.377665, 39.6658665], [121.3741306, 39.6617482], [121.3708175, 39.659261], [121.360185, 39.6595001], [121.3529453, 39.6589446], [121.3467065, 39.6579665], [121.3408029, 39.656582], [121.3312162, 39.6583804], [121.3248882, 39.6589212], [121.3176129, 39.6589715], [121.3103733, 39.658416], [121.3041345, 39.6574379], [121.2944211, 39.6548614], [121.2862817, 39.6537374], [121.2801912, 39.6523089], [121.2743036, 39.650443], [121.2678912, 39.6477965], [121.2626135, 39.6450543], [121.2567632, 39.6412242], [121.2534716, 39.6398655], [121.2482075, 39.63713], [121.2404253, 39.6340488], [121.2351477, 39.6313061], [121.2302308, 39.6281909], [121.2257188, 39.624731], [121.2220033, 39.6212355], [121.2184527, 39.6197695], [121.213175, 39.6170262], [121.2082581, 39.6139103], [121.2037461, 39.6104498], [121.1991371, 39.6061127], [121.195624, 39.6020216], [121.1916661, 39.5959118], [121.1883454, 39.5938068], [121.1838334, 39.5903453], [121.1792244, 39.5860069], [121.1757113, 39.5819147], [121.1727166, 39.5775842], [121.1702671, 39.5730545], [121.1681632, 39.5676858], [121.167119, 39.5635405], [121.1634006, 39.5571744], [121.1612968, 39.5518045], [121.1598258, 39.5449467], [121.1571769, 39.5385673], [121.1559632, 39.5337471], [121.1553466, 39.5288596], [121.1553324, 39.5239486], [121.1559051, 39.5195163], [121.1553466, 39.5150883], [121.1553324, 39.5101764], [121.156054, 39.5045907], [121.1580923, 39.4978321], [121.158079, 39.4932222], [121.1588006, 39.4876351], [121.160941, 39.4764211], [121.1608256, 39.4746737], [121.1615472, 39.4690852], [121.1628177, 39.4642689], [121.164673, 39.4595667], [121.1682547, 39.4533525], [121.1696842, 39.4473034], [121.1715395, 39.4426001], [121.1739629, 39.4380532], [121.1786903, 39.4316239], [121.1786784, 39.4274855], [121.1794, 39.4218931], [121.1806705, 39.4170735], [121.1829052, 39.411656], [121.1813691, 39.4060022], [121.1807524, 39.4011057], [121.1807383, 39.3961857], [121.1814599, 39.3905909], [121.1827304, 39.3857691], [121.1845857, 39.3810617], [121.1865162, 39.3774366], [121.187537, 39.3735619], [121.1893923, 39.3688536], [121.1918157, 39.3643019], [121.1952529, 39.3593441], [121.1988141, 39.3552634], [121.202859, 39.3514614], [121.207351, 39.3479723], [121.213285, 39.3442522], [121.2197106, 39.3389449], [121.2253401, 39.3353801], [121.23065, 39.3326629], [121.2362685, 39.3303465], [121.2421453, 39.3284518], [121.24911, 39.3268244], [121.2553601, 39.3258855], [121.261697, 39.3254085], [121.2680638, 39.3253976], [121.2744034, 39.3258529], [121.2807609, 39.3267932], [121.2850429, 39.3264708], [121.2914097, 39.3264599], [121.2978998, 39.3269372], [121.3077022, 39.3259397], [121.314069, 39.3259287], [121.3210827, 39.3264829], [121.3281445, 39.3253544], [121.3344814, 39.3248773], [121.3448087, 39.3251508], [121.3496229, 39.3221018], [121.3549328, 39.319384], [121.3605513, 39.3170671], [121.3664281, 39.315172], [121.3733928, 39.3135443], [121.3796429, 39.3126053], [121.3874025, 39.3121258], [121.3941186, 39.3065428], [121.399748, 39.3029764], [121.4050579, 39.3002579], [121.4106765, 39.2979405], [121.4183977, 39.2956137], [121.4263439, 39.2912244], [121.4319625, 39.2889066], [121.4378392, 39.2870107], [121.444804, 39.2853824], [121.448771, 39.2847861], [121.4553084, 39.2819976], [121.4611852, 39.2801015], [121.4681499, 39.278473], [121.4744, 39.2775335], [121.4807369, 39.2770562], [121.4892293, 39.277198], [121.4928691, 39.2763469], [121.5019434, 39.2751946], [121.5065038, 39.2737232], [121.514172, 39.2719887], [121.5130189, 39.2673916], [121.5124022, 39.2624854], [121.5123881, 39.2575557], [121.5128426, 39.2540245], [121.5062664, 39.2561876], [121.5001842, 39.2576451], [121.4939511, 39.2586503], [121.4876232, 39.2591941], [121.4803479, 39.2592448], [121.4731082, 39.258686], [121.4668695, 39.2577023], [121.4600358, 39.2560288], [121.4527524, 39.2570552], [121.4464244, 39.2575991], [121.4391492, 39.2576498], [121.4319095, 39.257091], [121.4256707, 39.2561072], [121.4195802, 39.2546706], [121.4136926, 39.252794], [121.4072802, 39.2501324], [121.4020025, 39.2473745], [121.3970856, 39.244242], [121.3925736, 39.240763], [121.3879646, 39.2364029], [121.3844516, 39.2322901], [121.3814568, 39.2279379], [121.3790073, 39.2233854], [121.3769034, 39.2179897], [121.3756898, 39.2131473], [121.3750731, 39.2082373], [121.375059, 39.2033038], [121.3757806, 39.1976935], [121.3770511, 39.1928584], [121.3789064, 39.188138], [121.3813299, 39.1835745], [121.384767, 39.1786039], [121.3883283, 39.1745126], [121.3923731, 39.1707008], [121.3968652, 39.1672027], [121.4024946, 39.1636293], [121.4055783, 39.1620474], [121.4121077, 39.1577727], [121.418744, 39.1545004], [121.4251539, 39.1503183], [121.4304638, 39.1475939], [121.4360823, 39.1452714], [121.4421211, 39.1433337], [121.4498153, 39.1399459], [121.455692, 39.138046], [121.4626567, 39.1364142], [121.4689068, 39.1354728], [121.4752437, 39.1349945], [121.4816105, 39.1349835], [121.4879501, 39.13544], [121.4979557, 39.1372031], [121.5030563, 39.1375704], [121.5093117, 39.1384903], [121.5154268, 39.1398652], [121.5221733, 39.1419777], [121.5263469, 39.1436846], [121.5315261, 39.1415436], [121.5437618, 39.1377223], [121.5496149, 39.1318297], [121.554107, 39.1283297], [121.5620821, 39.1235503], [121.5646767, 39.1212086], [121.5555942, 39.118725], [121.5492669, 39.1177324], [121.5328767, 39.1141619], [121.5269892, 39.1122816], [121.5205767, 39.1096146], [121.5174605, 39.107983], [121.5125696, 39.1064208], [121.5061572, 39.1037536], [121.4990193, 39.0998024], [121.4947168, 39.098428], [121.4883044, 39.0957605], [121.4830267, 39.0929966], [121.4763756, 39.0885172], [121.4692938, 39.0850023], [121.4649309, 39.0822164], [121.4576208, 39.0786062], [121.4539316, 39.0762503], [121.4521168, 39.0761098], [121.4486399, 39.076672], [121.4422358, 39.0810395], [121.4391796, 39.0871665], [121.4362098, 39.0915376], [121.4327203, 39.0956708], [121.4287425, 39.0995288], [121.4236443, 39.1035569], [121.4187454, 39.1067125], [121.4134836, 39.109494], [121.4079061, 39.1118766], [121.4012097, 39.1140837], [121.3951275, 39.1155441], [121.3888944, 39.1165513], [121.3825664, 39.1170963], [121.3752912, 39.117147], [121.3680515, 39.1165872], [121.3618127, 39.1156014], [121.3557222, 39.1141619], [121.3409082, 39.1096177], [121.3344958, 39.1069506], [121.3292181, 39.1041871], [121.3243012, 39.1010482], [121.3197892, 39.0975621], [121.3171649, 39.0950745], [121.3116817, 39.0912623], [121.3084032, 39.0898984], [121.3031256, 39.0871342], [121.2982087, 39.0839946], [121.2936967, 39.0805077], [121.2822212, 39.0697408], [121.2787081, 39.0656182], [121.2757134, 39.0612556], [121.2726439, 39.0550986], [121.2623085, 39.0457473], [121.2587954, 39.0416233], [121.2555048, 39.0367079], [121.2490647, 39.0319866], [121.2458762, 39.0289613], [121.2415116, 39.0255857], [121.2369026, 39.0212122], [121.2333895, 39.0170868], [121.2303948, 39.0127213], [121.227995, 39.0082476], [121.2233033, 39.0053733], [121.219383, 39.0042992], [121.2130688, 39.0063835], [121.2069866, 39.0078462], [121.2007535, 39.008855], [121.1944255, 39.0094008], [121.1871503, 39.0094516], [121.1816906, 39.0090287], [121.1731395, 39.0099343], [121.1658643, 39.0099851], [121.1586246, 39.0094244], [121.1506395, 39.0080238], [121.147047, 39.0083336], [121.1397717, 39.0083845], [121.1325321, 39.0078237], [121.1262933, 39.0068365], [121.1202028, 39.0053947], [121.1121573, 39.0026126], [121.1057832, 39.0011259], [121.096934, 38.9980088], [121.0893037, 38.9963232], [121.0834162, 38.9944398], [121.0770037, 38.9917683], [121.071726, 38.9890003], [121.0668091, 38.9858563], [121.0622971, 38.9823646], [121.0491451, 38.9701586], [121.0471051, 38.9740872], [121.0393287, 38.9848706], [121.0358392, 38.9890099], [121.0318614, 38.9928738], [121.0267632, 38.996908], [121.0218643, 39.0000684], [121.0166025, 39.0028541], [121.011025, 39.0052402], [121.0043286, 39.0074507], [120.9982464, 39.0089133], [120.9920133, 39.0099221], [120.9856853, 39.0104679], [120.9784101, 39.0105187], [120.9711704, 39.009958], [120.9649316, 39.0089707], [120.9492281, 39.0048612], [120.9433405, 39.0029779], [120.936928, 39.0003068], [120.9316504, 38.9975391], [120.9267335, 38.9943955], [120.9222215, 38.9909042], [120.9176125, 38.9865286], [120.9140994, 38.9824011], [120.9111046, 38.9780335], [120.9086551, 38.9734648], [120.9065513, 38.9680499], [120.9053376, 38.9631904], [120.904721, 38.9582629], [120.9047068, 38.9533119], [120.9054284, 38.9476817], [120.9066989, 38.9428295], [120.9085542, 38.9380923], [120.9109777, 38.9335126], [120.9144148, 38.9285244], [120.9241559, 38.9174737], [120.9306921, 38.9117009], [120.9357539, 38.9067021], [120.9402459, 38.9031909], [120.9458754, 38.8996041], [120.9511852, 38.89687], [120.9568038, 38.8945392], [120.9626805, 38.8926327], [120.966235, 38.891797], [120.9635868, 38.8869325], [120.9614829, 38.8815111], [120.9602692, 38.8766456], [120.9596526, 38.8717121], [120.9596385, 38.866755], [120.9603601, 38.861118], [120.9616306, 38.8562599], [120.9634859, 38.8515169], [120.9659093, 38.8469316], [120.9693465, 38.8419373], [120.9729078, 38.8378265], [120.9769526, 38.8339965], [120.9814446, 38.8304817], [120.9870741, 38.8268912], [120.992384, 38.8241543], [120.9980025, 38.8218211], [121.0038793, 38.8199127], [121.010844, 38.8182735], [121.0170941, 38.8173279], [121.023431, 38.8168474], [121.0297978, 38.8168364], [121.0361374, 38.817295], [121.0408125, 38.8179856], [121.0413842, 38.8135164], [121.0426548, 38.8086551], [121.0444538, 38.8040527], [121.0448175, 38.8012097], [121.0465547, 38.7951534], [121.0431937, 38.787374], [121.0419801, 38.782502], [121.0413634, 38.777562], [121.0413493, 38.7725984], [121.0420709, 38.7669539], [121.0433414, 38.7620893], [121.0451967, 38.7573401], [121.0476201, 38.7527488], [121.0510573, 38.7477478], [121.0546186, 38.7436316], [121.0593578, 38.7392525], [121.0599237, 38.734824], [121.0611942, 38.7299573], [121.0630495, 38.7252059], [121.0654729, 38.7206125], [121.0689101, 38.7156093], [121.0711151, 38.7130596], [121.0750899, 38.7070366], [121.0786512, 38.702918], [121.082696, 38.6990808], [121.087188, 38.6955594], [121.0928175, 38.6919621], [121.0981274, 38.68922], [121.1037459, 38.6868824], [121.1089114, 38.6852018], [121.1125469, 38.6833242], [121.1181655, 38.6809864], [121.1240422, 38.6790742], [121.1320519, 38.6772734], [121.1364019, 38.6758579], [121.1433666, 38.6742154], [121.1496167, 38.6732679], [121.1559536, 38.6727865], [121.1623204, 38.6727754], [121.170098, 38.6734478], [121.1781132, 38.6733115], [121.1844528, 38.673771], [121.1907082, 38.6746969], [121.1968233, 38.6760808], [121.2013353, 38.6775029], [121.2078743, 38.6784493], [121.2139894, 38.6798331], [121.2207359, 38.6819593], [121.2263677, 38.6842776], [121.2310608, 38.6866781], [121.2387273, 38.6896374], [121.2440527, 38.692361], [121.2490239, 38.6954657], [121.2542146, 38.6994446], [121.2582811, 38.7032678], [121.2630149, 38.7090028], [121.2678942, 38.7134483], [121.2714788, 38.7175539], [121.2745494, 38.7219055], [121.2773939, 38.7271299], [121.2786302, 38.7302464], [121.2831518, 38.7352314], [121.2852151, 38.7381548], [121.2955296, 38.7381477], [121.3018692, 38.7386067], [121.3081246, 38.7395318], [121.3142397, 38.7409144], [121.3292259, 38.7457166], [121.3444707, 38.7523168], [121.3497961, 38.7550381], [121.3547673, 38.7581401], [121.3627619, 38.7643582], [121.3678997, 38.7631481], [121.3756764, 38.7620859], [121.3802593, 38.7610064], [121.3865094, 38.76006], [121.3928463, 38.7595792], [121.3992131, 38.7595682], [121.4055527, 38.7600271], [121.4097375, 38.7606458], [121.4174766, 38.7609173], [121.4273656, 38.760639], [121.4337051, 38.761098], [121.4399605, 38.7620227], [121.4465803, 38.7635638], [121.449498, 38.763775], [121.4557534, 38.7646997], [121.4601506, 38.7656936], [121.4694863, 38.7668413], [121.4763996, 38.7684747], [121.4807369, 38.7681456], [121.4871037, 38.7681346], [121.4934433, 38.7685935], [121.497636, 38.7692132], [121.5022099, 38.7692053], [121.5140426, 38.7701995], [121.5202981, 38.7711242], [121.5264131, 38.7725062], [121.5331596, 38.7746297], [121.5389891, 38.7770459], [121.5433821, 38.7702362], [121.5469434, 38.7661212], [121.5509882, 38.7622874], [121.5554803, 38.7587691], [121.5611097, 38.7551749], [121.5664196, 38.7524353], [121.5720382, 38.7500998], [121.5779149, 38.7481894], [121.5848796, 38.7465486], [121.5911297, 38.745602], [121.5974666, 38.7451211], [121.6038334, 38.74511], [121.610173, 38.7455691], [121.6164284, 38.746494], [121.6225435, 38.7478765], [121.62929, 38.7500007], [121.6349218, 38.7523168], [121.6402472, 38.7550381], [121.6452184, 38.7581401], [121.650409, 38.7621155], [121.6544756, 38.7659353], [121.6580603, 38.7700379], [121.6611308, 38.7743863], [121.6639753, 38.7796068], [121.6658576, 38.7843481], [121.6671558, 38.7892067], [121.6678695, 38.7951189], [121.6761174, 38.7998924], [121.6813081, 38.8038655], [121.6853746, 38.8076831], [121.6900432, 38.8133174], [121.6995125, 38.814474], [121.7056276, 38.8158552], [121.7123741, 38.8179774], [121.7183414, 38.8204625], [121.7240471, 38.8222572], [121.7296788, 38.8245709], [121.7350042, 38.8272894], [121.7399755, 38.8303883], [121.7451661, 38.8343596], [121.7492327, 38.8381756], [121.7528173, 38.842274], [121.7556859, 38.8463323], [121.7590716, 38.849071], [121.7605072, 38.8474141], [121.764482, 38.8414025], [121.7680433, 38.8372917], [121.7720881, 38.8334616], [121.7765801, 38.8299468], [121.7822096, 38.8263563], [121.7964459, 38.8193396], [121.8020644, 38.8170063], [121.8079412, 38.8150977], [121.8149059, 38.8134584], [121.821156, 38.8125128], [121.8274929, 38.8120323], [121.8338597, 38.8120213], [121.8401993, 38.8124799], [121.8464547, 38.8134039], [121.8525698, 38.8147852], [121.8593162, 38.8169074], [121.864948, 38.8192213], [121.8702734, 38.82194], [121.8752446, 38.8250391], [121.8804353, 38.8290107], [121.8845018, 38.832827], [121.8880865, 38.8369257], [121.8952769, 38.8466181], [121.8981215, 38.8518332], [121.9020637, 38.8629859], [121.9033619, 38.8678391], [121.9040643, 38.8727659], [121.9041297, 38.8784297], [121.9035411, 38.8833648], [121.9023552, 38.888234], [121.8999815, 38.8941523], [121.899574, 38.9002555], [121.9061437, 38.9041663], [121.9105274, 38.9075168], [121.9188304, 38.9118499], [121.9281008, 38.9136947], [121.9348472, 38.9158139], [121.940479, 38.9181246], [121.9463643, 38.9211881], [121.9538136, 38.9179158], [121.9596903, 38.9160099], [121.9666551, 38.9143729], [121.9729051, 38.9134286], [121.979242, 38.9129488], [121.9856089, 38.9129378], [121.9919484, 38.9133957], [121.9982038, 38.9143185], [122.0043189, 38.9156978], [122.0110654, 38.917817], [122.0166972, 38.9201276], [122.0220226, 38.9228424], [122.0269938, 38.9259371], [122.0321844, 38.9299032], [122.036251, 38.933714], [122.0398357, 38.9378069], [122.0429062, 38.9421451], [122.0457508, 38.9473533], [122.0476331, 38.9520834], [122.0489312, 38.9569305], [122.0496337, 38.9618511], [122.049699, 38.9675079], [122.0491105, 38.9724367], [122.0479246, 38.9772998], [122.0461519, 38.9820535], [122.0434282, 38.9872976], [122.0404584, 38.991675], [122.0369689, 38.995814], [122.032991, 38.9996775], [122.0278929, 39.0037112], [122.022994, 39.0068713], [122.0184581, 39.0092725], [122.0229032, 39.013793], [122.0317876, 39.0106441], [122.0387523, 39.0090093], [122.0450024, 39.0080662], [122.0513393, 39.0075871], [122.0577061, 39.0075761], [122.0640457, 39.0080334], [122.0703011, 39.008955], [122.0764162, 39.0103324], [122.0831627, 39.0124488], [122.0912834, 39.0160235], [122.0968956, 39.0177839], [122.1025273, 39.0200912], [122.1078528, 39.0228022], [122.112824, 39.0258926], [122.1180146, 39.029853], [122.1220812, 39.0336585], [122.1256659, 39.0377456], [122.1287364, 39.0420777], [122.1315809, 39.0472785], [122.1334632, 39.052002], [122.1347614, 39.0568422], [122.1354638, 39.0617559], [122.1355292, 39.0674046], [122.1349407, 39.0723265], [122.1337547, 39.0771828], [122.1308644, 39.0840788], [122.1321571, 39.0856359], [122.136836, 39.0898445], [122.1409795, 39.0915403], [122.1475659, 39.0950318], [122.1567428, 39.0954837], [122.1663818, 39.0971652], [122.1766556, 39.0976152], [122.182911, 39.0985356], [122.189026, 39.0999113], [122.1957725, 39.102025], [122.2014043, 39.1043296], [122.2067297, 39.1070374], [122.2117009, 39.110124], [122.2168916, 39.1140797], [122.2217403, 39.1187714], [122.2268102, 39.1208456], [122.2321356, 39.1235527], [122.2371068, 39.1266386], [122.2422593, 39.1305644], [122.2458205, 39.1253563], [122.2493818, 39.121262], [122.2534266, 39.1174473], [122.2579186, 39.1139465], [122.2635481, 39.1103704], [122.268858, 39.1076444], [122.2744765, 39.1053205], [122.2803533, 39.1034197], [122.287318, 39.1017871], [122.2935681, 39.1008453], [122.299905, 39.1003667], [122.3068218, 39.1003954], [122.3135934, 39.0991107], [122.3167455, 39.0980911], [122.3237102, 39.0964583], [122.3299603, 39.0955164], [122.3362972, 39.0950378], [122.342664, 39.0950269], [122.3490036, 39.0954837], [122.355259, 39.096404], [122.3613741, 39.0977798], [122.3681206, 39.0998935], [122.3737523, 39.1021982], [122.3800428, 39.1055053], [122.3881719, 39.1085921], [122.3939045, 39.1115526], [122.3982823, 39.111545], [122.4046219, 39.1120017], [122.4108773, 39.1129219], [122.4169924, 39.1142973], [122.4221687, 39.1159187], [122.429868, 39.1158072], [122.4362076, 39.1162638], [122.442463, 39.1171839], [122.4485781, 39.1185592], [122.4553245, 39.1206724], [122.4609563, 39.1229764], [122.4662817, 39.1256834], [122.4712529, 39.1287693], [122.4764436, 39.1327239], [122.4805101, 39.1365239], [122.4840948, 39.140605], [122.4871654, 39.1449308], [122.4900099, 39.150124], [122.4918922, 39.1548406], [122.4931904, 39.1596738], [122.4938928, 39.1645803], [122.4939555, 39.1699883], [122.4990322, 39.1696052], [122.5141381, 39.1695958], [122.5194042, 39.1683625], [122.5256543, 39.1674216], [122.5350535, 39.1669382], [122.5402662, 39.1636293], [122.5455761, 39.1609053], [122.551819, 39.1583815], [122.5572491, 39.1555811], [122.5628676, 39.1532588], [122.5687444, 39.1513593], [122.5757091, 39.1497278], [122.5819592, 39.1487866], [122.5882961, 39.1483083], [122.5946629, 39.1482974], [122.6010025, 39.1487538], [122.6072579, 39.1496735], [122.613373, 39.1510482], [122.6201195, 39.1531603], [122.6257512, 39.1554633], [122.6310766, 39.1581691], [122.6360479, 39.1612535], [122.6417311, 39.1656665], [122.6485729, 39.1619702], [122.6541915, 39.1596481], [122.6600682, 39.1577487], [122.667033, 39.1561174], [122.6732831, 39.1551763], [122.67962, 39.1546981], [122.6859868, 39.1546871], [122.6923263, 39.1551435], [122.6995885, 39.1562894], [122.7088058, 39.1567409], [122.7150612, 39.1576604], [122.7212709, 39.1590646], [122.725972, 39.159403], [122.7322274, 39.1603226], [122.7383425, 39.161697], [122.7450889, 39.1638089], [122.7501814, 39.1658909], [122.7520451, 39.1661649], [122.7659802, 39.163695], [122.7723171, 39.1632168], [122.7786839, 39.1632059], [122.7850235, 39.1636622], [122.7923013, 39.1648115], [122.7972233, 39.1648031], [122.8035629, 39.1652594], [122.8098183, 39.1661789], [122.8159334, 39.1675532], [122.8226799, 39.1696649], [122.8283117, 39.1719673], [122.8336371, 39.1746725], [122.8386083, 39.1777561], [122.8437989, 39.181708], [122.8478655, 39.1855053], [122.8514502, 39.1895837], [122.8545207, 39.1939064], [122.8566112, 39.1977204], [122.8600139, 39.2024204], [122.8628584, 39.2076094], [122.8647407, 39.2123221], [122.8660389, 39.2171514], [122.8667413, 39.2220539], [122.8668067, 39.2276898], [122.8662181, 39.2326005], [122.8650322, 39.2374457], [122.8632595, 39.2421818], [122.8605358, 39.2474066], [122.857566, 39.2517679], [122.8540765, 39.2558916], [122.8500987, 39.2597409], [122.8470731, 39.262126], [122.8411723, 39.2682469], [122.8360741, 39.2722653], [122.8311752, 39.2754134], [122.8259134, 39.2781882], [122.820301, 39.2805765], [122.8143019, 39.2841485], [122.8086083, 39.2887419], [122.8037094, 39.2918892], [122.7984476, 39.2946634], [122.7928701, 39.2970397], [122.7861737, 39.2992409], [122.7800914, 39.3006975], [122.7738584, 39.3017021], [122.7642459, 39.3022685], [122.7560589, 39.3044169], [122.7498258, 39.3054214], [122.7431568, 39.3059673], [122.7366495, 39.3095409], [122.731072, 39.3119166], [122.7243756, 39.3141174], [122.7144823, 39.3161878], [122.7084127, 39.3188227], [122.7017163, 39.3210233], [122.6960581, 39.3223779], [122.6919332, 39.3241346], [122.6852368, 39.326335], [122.6761528, 39.3282747], [122.6679849, 39.3329134], [122.6624075, 39.3352883], [122.655711, 39.3374884], [122.6496288, 39.3389442], [122.6433957, 39.3399482], [122.6370678, 39.3404914], [122.6297925, 39.340542], [122.6225528, 39.339984], [122.613654, 39.3383746], [122.6055002, 39.3430036], [122.5999227, 39.3453782], [122.5937964, 39.3473907], [122.5890207, 39.3499066], [122.5834432, 39.352281], [122.5766707, 39.3544987], [122.5816382, 39.3570156], [122.5866094, 39.3600912], [122.589618, 39.3623759], [122.5955358, 39.3659309], [122.6007264, 39.3698722], [122.604793, 39.3736593], [122.6083776, 39.3777267], [122.6124513, 39.3838629], [122.6159307, 39.3878104], [122.6190013, 39.392121], [122.6218458, 39.3972959], [122.6228443, 39.3997891], [122.6266523, 39.4063158], [122.6285346, 39.4110151], [122.6302294, 39.4185911], [122.6340278, 39.427459], [122.6353498, 39.4324388], [122.6398659, 39.4352069], [122.6450377, 39.4381377], [122.6496452, 39.4395743], [122.655277, 39.4418678], [122.6606024, 39.4445626], [122.6655736, 39.4476344], [122.6707642, 39.4515711], [122.6748308, 39.4553537], [122.6784155, 39.4594164], [122.6820136, 39.4646812], [122.6879304, 39.4690655], [122.691997, 39.4728472], [122.6966094, 39.4783499], [122.701953, 39.4802233], [122.7108766, 39.4820024], [122.7176231, 39.4841046], [122.7232549, 39.4863967], [122.7288359, 39.4892476], [122.7376558, 39.4910113], [122.7444023, 39.4931133], [122.7502788, 39.4955287], [122.7596285, 39.4973699], [122.7663749, 39.4994716], [122.7720067, 39.5017631], [122.7792211, 39.5056218], [122.7869743, 39.5079485], [122.7926061, 39.5102397], [122.7979315, 39.5129319], [122.8029027, 39.5160006], [122.8080933, 39.5199335], [122.8142719, 39.5261036], [122.8193822, 39.5292421], [122.8228048, 39.5318349], [122.8283117, 39.5340746], [122.8336371, 39.5367658], [122.8386083, 39.5398335], [122.8445837, 39.544494], [122.848911, 39.5462537], [122.8542364, 39.5489444], [122.8614165, 39.5536844], [122.8647938, 39.5549538], [122.8709298, 39.5558507], [122.8770448, 39.5572174], [122.8813518, 39.558558], [122.8887826, 39.5595564], [122.8948976, 39.5609231], [122.9016879, 39.5630407], [122.9083511, 39.5644127], [122.9093384, 39.5622995], [122.9027345, 39.5607886], [122.8968469, 39.5589202], [122.8904345, 39.5562702], [122.8851568, 39.5535244], [122.8802399, 39.5504057], [122.8757279, 39.5469419], [122.8711189, 39.5426009], [122.8676059, 39.5385061], [122.8646111, 39.5341729], [122.8621616, 39.5296403], [122.8600577, 39.5242683], [122.8588441, 39.5194471], [122.8582274, 39.5145586], [122.8582133, 39.5096466], [122.8589349, 39.5040609], [122.8602054, 39.499247], [122.8620607, 39.4945472], [122.8644842, 39.4900037], [122.8679213, 39.4850548], [122.8714826, 39.4809814], [122.8755274, 39.4771863], [122.8800195, 39.4737035], [122.8856489, 39.4701456], [122.8909588, 39.4674336], [122.8965773, 39.4651217], [122.9024541, 39.4632306], [122.9094188, 39.4616063], [122.9169611, 39.4605722], [122.9211712, 39.4584217], [122.9267897, 39.4561094], [122.9326665, 39.4542181], [122.9396312, 39.4525936], [122.9458813, 39.4516565], [122.9517181, 39.4512179], [122.9577467, 39.4473493], [122.9630566, 39.4446364], [122.9686751, 39.4423237], [122.9748333, 39.4403664], [122.9760439, 39.4372972], [122.9784673, 39.43275], [122.9819045, 39.427797], [122.9854658, 39.4237203], [122.9897496, 39.4197366], [122.9915175, 39.4171886], [122.9950788, 39.4131112], [122.9991236, 39.4093124], [123.0036156, 39.4058262], [123.0092824, 39.4022458], [123.0152886, 39.3973369], [123.0209181, 39.3937751], [123.026228, 39.3910601], [123.0318465, 39.3887457], [123.0473363, 39.384199], [123.054301, 39.3825729], [123.0605511, 39.3816348], [123.066888, 39.3811582], [123.0732548, 39.3811473], [123.0795944, 39.3816022], [123.0858498, 39.3825188], [123.0919649, 39.3838889], [123.0987114, 39.3859941], [123.1038991, 39.3881084], [123.1131309, 39.3907702], [123.1187627, 39.3930654], [123.1240881, 39.395762], [123.1290593, 39.398836], [123.13425, 39.4027754], [123.1383165, 39.4065608], [123.1419012, 39.4106262], [123.1449718, 39.4149354], [123.1478163, 39.4201086], [123.1493914, 39.4240404], [123.1535742, 39.4286614], [123.1566447, 39.4329694], [123.1594893, 39.4381413], [123.1613716, 39.4428385], [123.1626697, 39.4476519], [123.1633722, 39.4525382], [123.1634375, 39.4581556], [123.162849, 39.4630501], [123.161446, 39.4684574], [123.1623128, 39.4727408], [123.1641978, 39.4753839], [123.1670424, 39.4805527], [123.1689247, 39.485247], [123.1702228, 39.4900575], [123.1709253, 39.4949408], [123.1709906, 39.5005547], [123.1702911, 39.5058979], [123.1709253, 39.5103054], [123.1709906, 39.5159181], [123.1704021, 39.5208085], [123.1692162, 39.5256338], [123.1674435, 39.5303504], [123.1647198, 39.5355537], [123.16175, 39.5398969], [123.1582605, 39.5440037], [123.1542826, 39.5478371], [123.1491845, 39.5518394], [123.1442856, 39.5549749], [123.1390238, 39.5577386], [123.1334463, 39.5601059], [123.1267498, 39.5622989], [123.1206676, 39.56375], [123.1144345, 39.5647508], [123.1081066, 39.5652923], [123.0987929, 39.5651861], [123.0918285, 39.566926], [123.0855954, 39.5679268], [123.0816074, 39.568268], [123.0761893, 39.5704751], [123.0716651, 39.5739365], [123.0683099, 39.5778832], [123.0643321, 39.5817147], [123.0592339, 39.5857151], [123.054335, 39.588849], [123.0470981, 39.5924494], [123.0542641, 39.5934284], [123.0603792, 39.5947944], [123.0671257, 39.5968931], [123.0713211, 39.5985978], [123.0790905, 39.597309], [123.0854274, 39.5968339], [123.0917943, 39.596823], [123.0981338, 39.5972765], [123.106703, 39.5984141], [123.1119793, 39.597186], [123.1182293, 39.5962508], [123.1245662, 39.5957757], [123.1309331, 39.5957648], [123.1372726, 39.5962183], [123.143528, 39.5971321], [123.1496431, 39.598498], [123.1639427, 39.603242], [123.1778142, 39.6087042], [123.1831396, 39.6113925], [123.1888443, 39.6150119], [123.1968416, 39.6187823], [123.2051414, 39.6212271], [123.2093571, 39.6229395], [123.2162477, 39.6244181], [123.2229942, 39.626516], [123.2260536, 39.6277586], [123.2300454, 39.6283415], [123.2361604, 39.6297068], [123.2429069, 39.6318045], [123.2485387, 39.6340917], [123.2538641, 39.636779], [123.2611918, 39.6416245], [123.2661294, 39.6443353], [123.2693065, 39.6453229], [123.2870369, 39.6479063], [123.293152, 39.6492712], [123.2998985, 39.6513683], [123.3055303, 39.6536548], [123.3108557, 39.6563414], [123.3168267, 39.6601598], [123.3225578, 39.661941], [123.3281896, 39.6642272], [123.333515, 39.6669134], [123.3384862, 39.6699753], [123.3436768, 39.6738994], [123.3477434, 39.67767], [123.3513281, 39.6817196], [123.3542535, 39.6858091], [123.3593764, 39.6837078], [123.3652532, 39.6818226], [123.3722179, 39.6802035], [123.378468, 39.6792694], [123.3848049, 39.6787948], [123.3911717, 39.678784], [123.3975113, 39.6792369], [123.4071606, 39.6809068], [123.4124577, 39.6808978], [123.4187973, 39.6813507], [123.4250527, 39.6822634], [123.4311678, 39.6836277], [123.4392202, 39.6862537], [123.4469606, 39.687855], [123.4555043, 39.6906802], [123.4655, 39.6926104], [123.4722465, 39.6947062], [123.4778783, 39.6969913], [123.4832037, 39.6996762], [123.4876005, 39.702383], [123.4955772, 39.7053816], [123.5025789, 39.7068747], [123.5120056, 39.7100573], [123.5158839, 39.7099628], [123.5232799, 39.708206], [123.52953, 39.7072723], [123.5358669, 39.7067979], [123.5422337, 39.706787], [123.5485733, 39.7072398], [123.5558354, 39.7083767], [123.5650528, 39.7088245], [123.5713082, 39.7097369], [123.5774233, 39.7111006], [123.5841697, 39.7131958], [123.5898015, 39.7154803], [123.5951269, 39.7181645], [123.6001181, 39.7212392], [123.6076096, 39.7247462], [123.6144913, 39.725198], [123.6207467, 39.7261101], [123.6268617, 39.7274734], [123.6336082, 39.7295682], [123.6404617, 39.7324678], [123.64209, 39.7283568], [123.6445134, 39.7238286], [123.6479506, 39.7188964], [123.6515119, 39.7148368], [123.6555567, 39.7110544], [123.6600488, 39.7075834], [123.6656782, 39.7040375], [123.6709881, 39.7013347], [123.6766066, 39.6990305], [123.6824834, 39.6971458], [123.6894481, 39.695527], [123.6956982, 39.6945932], [123.7020351, 39.6941187], [123.7084019, 39.6941078], [123.721608, 39.695089], [123.7278634, 39.6960015], [123.7339784, 39.6973655], [123.7407249, 39.6994611], [123.7449323, 39.7011682], [123.7537205, 39.700976], [123.7600601, 39.7014288], [123.7663155, 39.7023413], [123.7724306, 39.7037051], [123.7791771, 39.7058006], [123.7848088, 39.7080853], [123.7901342, 39.7107697], [123.7951055, 39.7138298], [123.8002961, 39.7177514], [123.8043627, 39.7215195], [123.8079473, 39.7255666], [123.8110179, 39.7298562], [123.8147163, 39.7371277], [123.8249796, 39.7384752], [123.8314712, 39.7389275], [123.8377266, 39.7398394], [123.8438417, 39.7412025], [123.8505882, 39.7432968], [123.85622, 39.7455803], [123.8615454, 39.7482633], [123.8665166, 39.7513217], [123.8717072, 39.7552412], [123.8757738, 39.7590073], [123.8793585, 39.7630521], [123.882429, 39.7673394], [123.8844795, 39.7710497], [123.8936096, 39.7701588], [123.8985387, 39.7701504], [123.9023789, 39.7695773], [123.9193588, 39.7683116], [123.9239, 39.7683039], [123.9311508, 39.7660589], [123.9368456, 39.7637181], [123.9427224, 39.7618352], [123.9496871, 39.7602179], [123.9544591, 39.7595056], [123.9623901, 39.7575787], [123.9686401, 39.7566456], [123.9756042, 39.7561705], [123.9926727, 39.7534783], [123.9990096, 39.7530043], [124.0149895, 39.7532573], [124.0309421, 39.7547656], [124.0371975, 39.7556773], [124.0433126, 39.7570401], [124.0572688, 39.7609814], [124.0613924, 39.762653], [124.0679119, 39.7646762], [124.0738792, 39.767128], [124.0795848, 39.7688985], [124.0856904, 39.7714198], [124.0910344, 39.7726104], [124.0965506, 39.7743221], [124.1032311, 39.775622], [124.1130718, 39.7767892], [124.1222591, 39.7791048], [124.125991, 39.7779093], [124.1372389, 39.7672867], [124.1417309, 39.7638184], [124.1473604, 39.7602755], [124.1526703, 39.7575748], [124.1586886, 39.7551777], [124.1622842, 39.7526188], [124.1691102, 39.7507151], [124.181949, 39.7479133], [124.1897453, 39.7458894], [124.1979898, 39.7425879], [124.2048157, 39.740684], [124.2109787, 39.7394942], [124.2172609, 39.7387602], [124.2236054, 39.7384888], [124.2299546, 39.7386823], [124.2475809, 39.7401311], [124.2537678, 39.7412451], [124.259789, 39.7428063], [124.2655899, 39.7448004], [124.271118, 39.7472094], [124.2763233, 39.7500114], [124.2806079, 39.752859], [124.2894663, 39.7535937], [124.2956532, 39.7547075], [124.3016744, 39.7562684], [124.3074753, 39.7582621], [124.3130034, 39.7606706], [124.3182087, 39.7634721], [124.3237019, 39.7671222], [124.328061, 39.7706759], [124.3319608, 39.7745318], [124.3353661, 39.7786548], [124.338246, 39.7830077], [124.3405744, 39.787551], [124.3430465, 39.7951875], [124.3485443, 39.782408], [124.3515978, 39.7773451], [124.354843, 39.7731464], [124.3585929, 39.7692036], [124.3628134, 39.7655523], [124.3681639, 39.7617789], [124.3722462, 39.7594406], [124.3784635, 39.7549168], [124.3850168, 39.7513181], [124.3871154, 39.7486019], [124.3930168, 39.7427957], [124.3874559, 39.7417944], [124.3814348, 39.7402332], [124.3748262, 39.7379197], [124.3693412, 39.7354528], [124.3641859, 39.732596], [124.3594072, 39.7293751], [124.354462, 39.7252859], [124.3506308, 39.7213868], [124.3472988, 39.7172251], [124.3444962, 39.7128383], [124.3419738, 39.7076002], [124.3403846, 39.702867], [124.3393874, 39.6980386], [124.3389913, 39.6931589], [124.3392789, 39.6875757], [124.3401758, 39.6827346], [124.3416666, 39.6779808], [124.3437378, 39.6733572], [124.3467913, 39.6682863], [124.3500365, 39.6640809], [124.3537864, 39.6601319], [124.3580068, 39.6564749], [124.3678205, 39.6495234], [124.3729158, 39.6466001], [124.3783489, 39.6440628], [124.3859723, 39.6414034], [124.395057, 39.6377045], [124.401883, 39.6357977], [124.408046, 39.634606], [124.4151507, 39.6338357], [124.4228089, 39.6322264], [124.429091, 39.6314913], [124.4354355, 39.6312194], [124.4425167, 39.6314897], [124.4488251, 39.6312194], [124.4551744, 39.6314133], [124.461471, 39.6320711], [124.4676579, 39.6331868], [124.4756082, 39.6354146], [124.4734664, 39.630962], [124.4718772, 39.6262235], [124.4708801, 39.6213898], [124.4704839, 39.6165046], [124.4707716, 39.6109152], [124.4716684, 39.6060688], [124.4731592, 39.6013097], [124.4762604, 39.5940354], [124.4793139, 39.5889587], [124.4825591, 39.5847485], [124.4863089, 39.5807949], [124.4905294, 39.5771337], [124.4958799, 39.57335], [124.5009752, 39.5704234], [124.5064083, 39.5678834], [124.5121301, 39.5657528], [124.518956, 39.563844], [124.5247423, 39.5627241], [124.5209641, 39.5571062], [124.5184417, 39.5518563], [124.5168525, 39.5471124], [124.5158553, 39.5422731], [124.5154592, 39.5373824], [124.5157468, 39.5317867], [124.5166437, 39.5269347], [124.5181345, 39.5221701], [124.5202057, 39.5175361], [124.5232592, 39.5124538], [124.5265044, 39.508239], [124.5302542, 39.504281], [124.5344747, 39.5006158], [124.5385602, 39.4977235], [124.535727, 39.4932845], [124.5332046, 39.4880298], [124.5316154, 39.4832815], [124.5306182, 39.4784378], [124.5302221, 39.4735426], [124.5304555, 39.4689969], [124.528398, 39.4647093], [124.5268089, 39.4599594], [124.5258117, 39.4551141], [124.5254699, 39.4491592], [124.5240951, 39.4431841], [124.523699, 39.4382864], [124.5239866, 39.4326827], [124.5248835, 39.4278238], [124.5263743, 39.4230524], [124.5284454, 39.4184118], [124.5314989, 39.4133222], [124.5347442, 39.4091014], [124.538494, 39.4051378], [124.5427145, 39.4014674], [124.5453687, 39.3995857], [124.5506109, 39.3948348], [124.5559614, 39.3910411], [124.5610567, 39.3881069], [124.5664898, 39.3855601], [124.5722116, 39.383424], [124.5790375, 39.3815102], [124.5831725, 39.3807078], [124.588691, 39.3786474], [124.594015, 39.3771546], [124.6011654, 39.3736183], [124.6068872, 39.3714818], [124.6137131, 39.3695676], [124.6198761, 39.3683715], [124.6249567, 39.3678326], [124.6271089, 39.3617739], [124.6294605, 39.3570563], [124.6328437, 39.3519046], [124.6363826, 39.3476525], [124.6404282, 39.3436797], [124.6449438, 39.340022], [124.6506274, 39.3362701], [124.6560075, 39.3333954], [124.6617165, 39.3309292], [124.6677028, 39.3288939], [124.6739121, 39.3273079], [124.6802881, 39.3261856], [124.6815384, 39.3260606], [124.6773965, 39.3223581], [124.6736434, 39.3182156], [124.6704162, 39.3138156], [124.6687517, 39.3109389], [124.6656349, 39.3086676], [124.6607454, 39.3042955], [124.6569922, 39.3001519], [124.6537651, 39.2957508], [124.6510932, 39.2911319], [124.6487502, 39.2856402], [124.6473428, 39.2806974], [124.6465487, 39.2756731], [124.6463752, 39.2706128], [124.6469386, 39.2648442], [124.6470609, 39.2643162], [124.6472819, 39.2620532], [124.6484363, 39.2570696], [124.6501972, 39.2521932], [124.6525488, 39.2474682], [124.655932, 39.2423084], [124.659471, 39.2380497], [124.6635166, 39.2340706], [124.6680322, 39.2304072], [124.6737157, 39.2266494], [124.6790959, 39.2237703], [124.6848049, 39.2213002], [124.6907912, 39.2192617], [124.6970004, 39.2176732], [124.7033765, 39.2165492], [124.7064822, 39.2162382], [124.7069814, 39.2161502], [124.7134665, 39.2155008], [124.7200019, 39.215332], [124.7265284, 39.2156452], [124.7329869, 39.2164377], [124.7349565, 39.216831], [124.7393384, 39.2173686], [124.7456705, 39.2186331], [124.7526788, 39.2206413], [124.7585489, 39.2228733], [124.7641186, 39.2255274], [124.7693374, 39.2285795], [124.7704669, 39.2293924], [124.7729423, 39.23084], [124.7784165, 39.2347796], [124.7827289, 39.2385869], [124.7865545, 39.2426941], [124.7898587, 39.2470642], [124.7926115, 39.2516574], [124.7947881, 39.2564322], [124.7963687, 39.2613452], [124.7964325, 39.2616746], [124.7965403, 39.2620098], [124.7973161, 39.2660128], [124.7994717, 39.2688628], [124.8022246, 39.2734546], [124.8044011, 39.2782279], [124.8059817, 39.2831394], [124.806952, 39.2881445], [124.8073026, 39.2939213], [124.8069427, 39.298974], [124.8059638, 39.3039771], [124.8043747, 39.3088851], [124.8018303, 39.314321], [124.7989892, 39.3188775], [124.7956011, 39.3232042], [124.7916967, 39.3272619], [124.786648, 39.3315229], [124.7817619, 39.3348842], [124.7764849, 39.3378709], [124.7708646, 39.340456], [124.7640868, 39.3428889], [124.7579059, 39.3445397], [124.7515502, 39.3457286], [124.7468681, 39.3462468], [124.7499049, 39.3495021], [124.7532091, 39.3538655], [124.7559619, 39.3584518], [124.7581385, 39.3632192], [124.7597191, 39.3681248], [124.7606893, 39.3731239], [124.7610399, 39.3788936], [124.76068, 39.3839402], [124.7605083, 39.3848167], [124.7614495, 39.383893], [124.7659651, 39.3802374], [124.7716486, 39.3764877], [124.7770288, 39.3736147], [124.7827378, 39.3711499], [124.7887241, 39.3691158], [124.7949333, 39.3675307], [124.8013094, 39.3664091], [124.8077945, 39.3657611], [124.8143299, 39.3655926], [124.8208564, 39.3659051], [124.827315, 39.3666959], [124.833647, 39.3679577], [124.8406553, 39.3699616], [124.8465254, 39.3721889], [124.8520951, 39.3748373], [124.8573139, 39.3778829], [124.8627881, 39.3818142], [124.8671005, 39.3856135], [124.8709261, 39.3897121], [124.8742303, 39.394073], [124.8769832, 39.3986566], [124.878036, 39.4009614], [124.8839998, 39.4026659], [124.8898699, 39.4048921], [124.8954396, 39.4075393], [124.9006584, 39.4105834], [124.9061326, 39.4145129], [124.910445, 39.4183104], [124.9142706, 39.4224072], [124.9175748, 39.426766], [124.9203277, 39.4313474], [124.9225042, 39.4361099], [124.9240848, 39.4410103], [124.9246682, 39.4440131], [124.9278071, 39.4452028], [124.9333768, 39.4478484], [124.9385956, 39.4508908], [124.9440698, 39.454818], [124.9483822, 39.4586133], [124.9522078, 39.4627077], [124.955512, 39.467064], [124.9582648, 39.4716428], [124.9604414, 39.4764025], [124.962022, 39.4813001], [124.9629923, 39.4862911], [124.9633429, 39.4920515], [124.962983, 39.4970899], [124.9624539, 39.5002495], [124.9683902, 39.5043003], [124.9739552, 39.5072695], [124.9794484, 39.5109331], [124.9838074, 39.5145], [124.9877073, 39.5183701], [124.9911125, 39.5225085], [124.9939924, 39.5268775], [124.9955926, 39.5300114], [124.999009, 39.5341601], [125.0018889, 39.5385284], [125.0038443, 39.5423574], [125.0082601, 39.5384881], [125.0136106, 39.5347023], [125.0187059, 39.5317741], [125.0296322, 39.5265845], [125.0383223, 39.5233652], [125.0373626, 39.5187059], [125.0369665, 39.5138135], [125.0372541, 39.4989443], [125.0388277, 39.4919264], [125.0389707, 39.4891416], [125.0398676, 39.4842866], [125.0413584, 39.4795191], [125.0428273, 39.4762307], [125.0424596, 39.4716874], [125.0427473, 39.4660864], [125.0436441, 39.4612299], [125.0451349, 39.4564608], [125.0472061, 39.4518224], [125.0511221, 39.445614], [125.0492187, 39.441646], [125.0476295, 39.4368946], [125.0466323, 39.4320477], [125.046381, 39.4289398], [125.0450988, 39.4262663], [125.0435096, 39.4215138], [125.0421363, 39.4162093], [125.0411392, 39.4113609], [125.040743, 39.406461], [125.0410306, 39.4008547], [125.0419275, 39.3959936], [125.0434183, 39.39122], [125.0454895, 39.3865773], [125.048543, 39.3814854], [125.0517882, 39.3772627], [125.0555381, 39.3732972], [125.0597585, 39.3696251], [125.065109, 39.3658301], [125.0702043, 39.3628948], [125.0756375, 39.3603471], [125.0813592, 39.3582102], [125.0881852, 39.3562957], [125.0943482, 39.3550993], [125.1006303, 39.3543613], [125.1069748, 39.3540884], [125.1133241, 39.354283], [125.1196207, 39.3549434], [125.1258076, 39.3560636], [125.1318288, 39.3576334], [125.1376297, 39.3596387], [125.1431578, 39.3620611], [125.1483631, 39.3648787], [125.1517943, 39.3671718], [125.1586628, 39.370718], [125.164156, 39.3743888], [125.1685151, 39.3779627], [125.1724149, 39.3818404], [125.18097, 39.392355], [125.1838499, 39.3967323], [125.1861784, 39.401301], [125.1879343, 39.4060197], [125.1911617, 39.417742], [125.1917621, 39.4233321], [125.1915939, 39.4285491], [125.1943698, 39.4347049], [125.1963132, 39.4362969], [125.2049559, 39.4397921], [125.2118157, 39.4437111], [125.2171315, 39.4446723], [125.2231526, 39.4462402], [125.2289536, 39.4482429], [125.235092, 39.4509922], [125.2409699, 39.4530147], [125.246498, 39.4554339], [125.2517033, 39.4582478], [125.2560516, 39.4611499], [125.2595156, 39.4621075], [125.2679805, 39.4626163], [125.2676794, 39.4600254], [125.267967, 39.4544234], [125.2688639, 39.4495661], [125.2703459, 39.4448243], [125.2711128, 39.4403844], [125.2712671, 39.4394912], [125.2727579, 39.4347207], [125.2748291, 39.4300808], [125.2770275, 39.4264172], [125.2772367, 39.4223402], [125.278794, 39.4153666], [125.2789533, 39.4122614], [125.2798502, 39.4074011], [125.281341, 39.4026283], [125.2834122, 39.3979863], [125.2864657, 39.3928953], [125.2891177, 39.389445], [125.2902786, 39.3868426], [125.2947068, 39.379962], [125.2974884, 39.3730432], [125.3005419, 39.3679504], [125.303448, 39.3641682], [125.3046982, 39.3613647], [125.3077517, 39.356271], [125.3109969, 39.3520467], [125.3147467, 39.3480798], [125.3189672, 39.3444064], [125.3243177, 39.34061], [125.329413, 39.3376736], [125.3348461, 39.3351251], [125.3405679, 39.3329874], [125.3561162, 39.3281587], [125.3504413, 39.323551], [125.3466101, 39.3196294], [125.3432781, 39.3154435], [125.3404755, 39.3110313], [125.3352065, 39.3001839], [125.3336173, 39.2954228], [125.3326202, 39.290566], [125.331751, 39.2831117], [125.3301071, 39.2780414], [125.3291782, 39.2765782], [125.3206831, 39.2721903], [125.3138674, 39.2672524], [125.3059257, 39.2639028], [125.3007704, 39.2610265], [125.2959916, 39.2577837], [125.2910465, 39.2536666], [125.2872153, 39.2497411], [125.2836768, 39.2452256], [125.2804035, 39.2424999], [125.2765723, 39.2385737], [125.2732403, 39.234383], [125.269641, 39.2282998], [125.2642005, 39.2216955], [125.2598041, 39.2180333], [125.2559729, 39.2141058], [125.2433712, 39.1982078], [125.2419225, 39.1959233], [125.2381201, 39.1920241], [125.2347881, 39.1878306], [125.2319855, 39.1834103], [125.2294631, 39.1781323], [125.2278739, 39.1733629], [125.2269206, 39.1687115], [125.2251273, 39.1635144], [125.2241302, 39.1586485], [125.2238608, 39.1553046], [125.2213508, 39.1486059], [125.2203536, 39.143739], [125.2199575, 39.1388203], [125.220111, 39.1358172], [125.2182609, 39.1304986], [125.2172637, 39.1256304], [125.2168946, 39.1210458], [125.2141422, 39.1187498], [125.210311, 39.1148167], [125.206979, 39.1106186], [125.2041764, 39.1061935], [125.2027656, 39.1032383], [125.1975129, 39.1018638], [125.1854112, 39.097664], [125.1799262, 39.0951743], [125.174771, 39.0922911], [125.1699922, 39.0890405], [125.1650471, 39.0849135], [125.1612158, 39.0809785], [125.1578838, 39.0767784], [125.1550812, 39.0723511], [125.1525588, 39.0670648], [125.1509696, 39.0622879], [125.1499725, 39.057415], [125.1495763, 39.0524903], [125.149864, 39.0468556], [125.1507608, 39.04197], [125.1522516, 39.0371723], [125.1538397, 39.0334196], [125.1491995, 39.0287239], [125.1454727, 39.0238966], [125.1409598, 39.0193887], [125.1358099, 39.0132534], [125.1324779, 39.0090493], [125.1296271, 39.0045165], [125.1272269, 39.0020486], [125.1238949, 38.9978437], [125.1210923, 38.9934115], [125.1178913, 38.9860774], [125.1162857, 38.9835379], [125.1137633, 38.9782449], [125.1121742, 38.973462], [125.1109953, 38.9663213], [125.1093001, 38.9627634], [125.1071872, 38.9554162], [125.1048369, 38.9504825], [125.1032478, 38.9456977], [125.1022237, 38.9404814], [125.1003737, 38.9365972], [125.0985436, 38.9306316], [125.0958697, 38.9259612], [125.0913489, 38.9239043], [125.0861937, 38.9210141], [125.0814149, 38.9177557], [125.0764698, 38.9136187], [125.0726386, 38.9096741], [125.0693066, 38.9054638], [125.0665039, 38.9010258], [125.0639815, 38.8957267], [125.0623924, 38.8909382], [125.0613952, 38.8860535], [125.0606558, 38.8768405], [125.0609434, 38.8711919], [125.0618403, 38.8662941], [125.063331, 38.8614846], [125.0654022, 38.8568068], [125.0684557, 38.8516764], [125.0717009, 38.8474218], [125.0740572, 38.8449113], [125.0737681, 38.8391828], [125.0723815, 38.8331201], [125.0720972, 38.8259828], [125.0710082, 38.8208168], [125.0706121, 38.8158756], [125.0708997, 38.8102221], [125.072416, 38.8033202], [125.0726163, 38.796577], [125.0735132, 38.791674], [125.075004, 38.7868594], [125.0779746, 38.780664], [125.0701402, 38.7787502], [125.0635316, 38.7764048], [125.0580466, 38.7739038], [125.0528914, 38.7710075], [125.0481126, 38.7677422], [125.0431675, 38.7635964], [125.0393363, 38.7596436], [125.0360042, 38.7554244], [125.0332016, 38.7509771], [125.0306792, 38.7456667], [125.02909, 38.7408681], [125.0280929, 38.7359732], [125.0276968, 38.7310261], [125.0279844, 38.7253659], [125.0282585, 38.722792], [125.0238887, 38.7249842], [125.0174161, 38.7275516], [125.0114881, 38.7293366], [125.0036869, 38.7309101], [124.9991285, 38.7322827], [124.9930099, 38.73362], [124.986756, 38.7344975], [124.9795158, 38.7349275], [124.9722585, 38.7347416], [124.9659619, 38.7340754], [124.959775, 38.7329453], [124.9537538, 38.7313615], [124.9471452, 38.7290145], [124.9416602, 38.7265118], [124.9323851, 38.7212029], [124.9276063, 38.7179353], [124.9226612, 38.7137867], [124.91883, 38.709831], [124.915498, 38.7056089], [124.9126954, 38.7011585], [124.9101729, 38.6958444], [124.9085838, 38.6910425], [124.9075866, 38.6861441], [124.9071905, 38.6811936], [124.9074781, 38.6755295], [124.908375, 38.6706182], [124.9098658, 38.6657954], [124.911937, 38.6611048], [124.9139027, 38.657793], [124.9116737, 38.6516396], [124.9106765, 38.6467385], [124.9103126, 38.6421884], [124.9092704, 38.6390369], [124.9082732, 38.6341349], [124.9079982, 38.6267944], [124.9033804, 38.6221732], [124.9000484, 38.6179459], [124.8972458, 38.61349], [124.8947234, 38.6081695], [124.8931342, 38.6033617], [124.8921371, 38.5984573], [124.8917625, 38.5930759], [124.8761341, 38.5956743], [124.8727233, 38.5971621], [124.8704554, 38.5988562], [124.8631921, 38.6030752], [124.8587824, 38.6063687], [124.8537923, 38.6094427], [124.8458265, 38.6131747], [124.8414327, 38.6158811], [124.8360912, 38.6185702], [124.8296186, 38.6211415], [124.8236906, 38.6229292], [124.817572, 38.6242685], [124.8113181, 38.6251474], [124.8040778, 38.625578], [124.7968206, 38.6253919], [124.7905239, 38.6247246], [124.784337, 38.6235928], [124.7783159, 38.6220066], [124.7717073, 38.6196559], [124.7662223, 38.6171495], [124.761067, 38.6142469], [124.7562883, 38.6109744], [124.7513431, 38.6068195], [124.7473907, 38.6027042], [124.742795, 38.6018632], [124.7367738, 38.6002765], [124.7301652, 38.5979252], [124.7246802, 38.595418], [124.719525, 38.5925145], [124.7147462, 38.589241], [124.7098011, 38.5850849], [124.7059699, 38.5811221], [124.7026379, 38.5768924], [124.6998352, 38.572434], [124.6973128, 38.5671104], [124.6957237, 38.5622998], [124.6947265, 38.5573926], [124.6943304, 38.5524332], [124.694618, 38.5467589], [124.6955149, 38.5418388], [124.6970057, 38.5370074], [124.6990769, 38.5323083], [124.7021303, 38.5271547], [124.7048553, 38.5235659], [124.7046301, 38.5207442], [124.7049177, 38.5150674], [124.7058146, 38.5101452], [124.7073053, 38.5053116], [124.7093765, 38.5006105], [124.71243, 38.4954546], [124.7156752, 38.4911787], [124.7194251, 38.4871634], [124.7252616, 38.4817885], [124.7294821, 38.47807], [124.7348326, 38.474227], [124.7399278, 38.4712546], [124.745361, 38.4686747], [124.7510827, 38.4665108], [124.7579087, 38.4645721], [124.7640717, 38.4633605], [124.7733795, 38.4624813], [124.7820268, 38.461269], [124.7883713, 38.4609926], [124.7947206, 38.4611897], [124.8010172, 38.4618585], [124.8073294, 38.4630259], [124.8111197, 38.4633182], [124.8167721, 38.4606101], [124.8224938, 38.4584459], [124.8300436, 38.4563647], [124.8358834, 38.4541443], [124.8427094, 38.4522053], [124.8488724, 38.4509936], [124.8551546, 38.4502461], [124.8595109, 38.4500563], [124.8674782, 38.4488414], [124.863132, 38.4424821], [124.8597785, 38.4390066], [124.8502666, 38.427507], [124.8471739, 38.4224257], [124.8427135, 38.4170169], [124.8394264, 38.4115236], [124.8200379, 38.3930004], [124.8115355, 38.3885543], [124.8067567, 38.3852716], [124.8018116, 38.3811037], [124.7979804, 38.3771297], [124.7946484, 38.372888], [124.7918457, 38.3684169], [124.7893233, 38.3630783], [124.7877342, 38.3582541], [124.786737, 38.353333], [124.7863409, 38.3483595], [124.786477, 38.3456667], [124.7859975, 38.3402815], [124.7862852, 38.3345905], [124.787182, 38.3296559], [124.7886728, 38.3248103], [124.790744, 38.3200974], [124.7937975, 38.3149286], [124.8024649, 38.3030757], [124.8015112, 38.2958341], [124.7999607, 38.2895647], [124.7989364, 38.2873944], [124.796967, 38.280687], [124.7946006, 38.2742103], [124.7936034, 38.2692835], [124.7932073, 38.2643042], [124.7937527, 38.2571877], [124.7927603, 38.2550842], [124.7906069, 38.2520312], [124.7870589, 38.2495586], [124.7806364, 38.2460591], [124.7761203, 38.2429507], [124.7666556, 38.2436978], [124.7593984, 38.2435107], [124.7531018, 38.2428399], [124.7469149, 38.2417021], [124.7408937, 38.2401074], [124.7342851, 38.2377444], [124.7288001, 38.2352246], [124.7236449, 38.2323066], [124.7188661, 38.2290167], [124.713921, 38.2248399], [124.7100897, 38.2208574], [124.7067577, 38.2166065], [124.7039551, 38.2121258], [124.7014327, 38.2067756], [124.6998435, 38.201941], [124.6986117, 38.1940565], [124.6904684, 38.1952528], [124.6832282, 38.195686], [124.6660146, 38.1949591], [124.6535382, 38.1937482], [124.6473513, 38.1926096], [124.6431318, 38.1914913], [124.635335, 38.1901811], [124.6293138, 38.1885853], [124.6227052, 38.1862206], [124.6172202, 38.183699], [124.612065, 38.1807789], [124.6072862, 38.1774868], [124.6023411, 38.173307], [124.5985098, 38.1693216], [124.5951778, 38.1650677], [124.5923752, 38.1605838], [124.5860763, 38.1482104], [124.5844871, 38.1433719], [124.5834899, 38.1384362], [124.5830938, 38.133448], [124.5833814, 38.1277408], [124.5842783, 38.1227922], [124.5857691, 38.1179327], [124.5878403, 38.1132064], [124.5919602, 38.1059127], [124.5950136, 38.1007287], [124.5982589, 38.0964295], [124.6020087, 38.0923923], [124.6062292, 38.0886537], [124.6115797, 38.0847901], [124.616675, 38.0818017], [124.6221081, 38.0792079], [124.6278298, 38.0770324], [124.6322942, 38.0757576], [124.6398461, 38.0727081], [124.6466721, 38.0707589], [124.6506604, 38.0699706], [124.6585003, 38.0659645], [124.6642221, 38.0637885], [124.6689407, 38.0624409], [124.6752084, 38.0600042], [124.6820344, 38.0580546], [124.6881974, 38.0568362], [124.6956776, 38.0558406], [124.7043503, 38.0531885], [124.7105133, 38.0519701], [124.7167955, 38.0512185], [124.7239528, 38.0509659], [124.7317993, 38.0492665], [124.7380815, 38.0485149], [124.7473352, 38.0483278], [124.7488474, 38.0433453], [124.7509186, 38.0386142], [124.7539721, 38.0334254], [124.7572173, 38.0291222], [124.7609671, 38.0250813], [124.7704088, 38.016712], [124.7659016, 38.0195112], [124.7586433, 38.0229903], [124.7542287, 38.0257317], [124.7488872, 38.0284428], [124.7424146, 38.0310351], [124.7364866, 38.0328374], [124.730368, 38.0341877], [124.7241141, 38.0350738], [124.7172157, 38.0354874], [124.7107245, 38.0364258], [124.7034843, 38.0368599], [124.6937733, 38.0364101], [124.6907813, 38.0365895], [124.683524, 38.0364019], [124.6772274, 38.0357292], [124.6710405, 38.0345881], [124.6634073, 38.0324109], [124.6590313, 38.0319433], [124.6528444, 38.0308022], [124.6438948, 38.0281528], [124.6372534, 38.0291245], [124.6329804, 38.0293807], [124.6245505, 38.030747], [124.6173102, 38.0311812], [124.610053, 38.0309935], [124.6037564, 38.0303208], [124.5975695, 38.0291796], [124.5915483, 38.0275803], [124.5849397, 38.0252104], [124.5794547, 38.0226832], [124.5742995, 38.0197567], [124.5695207, 38.0164573], [124.5645756, 38.0122683], [124.5607443, 38.0082741], [124.5574123, 38.0040109], [124.5491166, 37.9916709], [124.5465941, 37.9863045], [124.545005, 37.9814554], [124.5440078, 37.9765088], [124.5436117, 37.9715095], [124.5438993, 37.9657897], [124.5468561, 37.9521676], [124.5483469, 37.9472968], [124.5504181, 37.9425595], [124.5534716, 37.9373638], [124.5567168, 37.9330551], [124.5604667, 37.9290089], [124.5659554, 37.9243441], [124.5668863, 37.9213015], [124.5689575, 37.9165625], [124.572011, 37.911365], [124.5770811, 37.905085], [124.5810927, 37.8994696], [124.5848426, 37.8954216], [124.589063, 37.891673], [124.60231, 37.8815667], [124.6074053, 37.87857], [124.6128384, 37.875969], [124.6185601, 37.8737874], [124.6253861, 37.8718329], [124.6310107, 37.8707182], [124.6264899, 37.8686309], [124.6213347, 37.8656983], [124.6165559, 37.8623919], [124.6116108, 37.8581941], [124.6077796, 37.8541916], [124.6044475, 37.8499194], [124.6016449, 37.8454162], [124.5991225, 37.8400391], [124.5975333, 37.8351803], [124.5965362, 37.8302239], [124.5961401, 37.8252146], [124.5964277, 37.8194834], [124.5973246, 37.814514], [124.5988154, 37.8096341], [124.6019165, 37.8024465], [124.60497, 37.797241], [124.6082152, 37.792924], [124.6167716, 37.7837149], [124.6205145, 37.7803854], [124.6246947, 37.774473], [124.6284446, 37.7704181], [124.632665, 37.7666632], [124.6380155, 37.7627825], [124.6431108, 37.759781], [124.648544, 37.7571759], [124.6542657, 37.7549908], [124.6595638, 37.7534713], [124.6601526, 37.7502057], [124.6616434, 37.7453215], [124.6637146, 37.7405712], [124.6667681, 37.7353614], [124.6700133, 37.7310408], [124.6737632, 37.7269835], [124.6779836, 37.7232263], [124.6833341, 37.7193434], [124.6884294, 37.7163401], [124.6938626, 37.7137335], [124.6995843, 37.7115471], [124.7064103, 37.7095883], [124.7125733, 37.7083641], [124.7188554, 37.707609], [124.7251999, 37.7073298], [124.7315492, 37.7075289], [124.7378458, 37.7082046], [124.7425993, 37.7090852], [124.7512354, 37.7098343], [124.7574223, 37.7109804], [124.7634435, 37.7125866], [124.7709996, 37.7154251], [124.7814478, 37.7163526], [124.7876347, 37.7174986], [124.7936559, 37.7191046], [124.7994568, 37.7211561], [124.8049849, 37.7236343], [124.8101902, 37.7265169], [124.8156835, 37.7302727], [124.8203858, 37.7342007], [124.8242856, 37.7381682], [124.8276909, 37.7424106], [124.8305708, 37.7468895], [124.8328993, 37.7515644], [124.8346552, 37.7563927], [124.8358226, 37.7613308], [124.837453, 37.778178], [124.8373309, 37.7831992], [124.8366054, 37.7881882], [124.8352832, 37.7930998], [124.8330569, 37.7985612], [124.8305029, 37.8031586], [124.8274075, 37.8075431], [124.8237985, 37.811675], [124.8190874, 37.8160401], [124.8144938, 37.8195084], [124.8095036, 37.8226158], [124.8041621, 37.8253344], [124.7945772, 37.8289955], [124.7947726, 37.8308556], [124.7966838, 37.8378317], [124.7972842, 37.8435464], [124.7971621, 37.8485632], [124.7964366, 37.8535478], [124.7951144, 37.858455], [124.7928881, 37.8639116], [124.7903342, 37.8685049], [124.7872387, 37.8728855], [124.7836298, 37.8770138], [124.7789187, 37.881375], [124.774325, 37.8848402], [124.7693349, 37.8879449], [124.7639934, 37.8906611], [124.7573731, 37.8933032], [124.7639662, 37.9028219], [124.7666402, 37.9084352], [124.7727132, 37.9100466], [124.7785141, 37.9120927], [124.7840422, 37.9145646], [124.7892475, 37.9174397], [124.7947408, 37.9211858], [124.7990998, 37.9248329], [124.8029996, 37.9287901], [124.8064049, 37.9330216], [124.8092848, 37.9374889], [124.8116133, 37.9421517], [124.8133692, 37.9469676], [124.8145366, 37.951893], [124.815137, 37.9575988], [124.8150149, 37.9626078], [124.8142894, 37.9675847], [124.8129672, 37.9724843], [124.8107409, 37.9779324], [124.808187, 37.9825187], [124.8050915, 37.9868925], [124.8014826, 37.9910144], [124.7967714, 37.9953688], [124.7866846, 38.0028867], [124.7834283, 38.0049095], [124.7801965, 38.0085996], [124.7739987, 38.0140726], [124.7811266, 38.009612], [124.7865597, 38.0070157], [124.7922814, 38.004838], [124.7991074, 38.0028869], [124.8052704, 38.0016677], [124.8115526, 38.0009156], [124.817897, 38.0006374], [124.8242463, 38.0008357], [124.8305429, 38.0015088], [124.8367298, 38.0026504], [124.842751, 38.0042502], [124.8533585, 38.0081873], [124.8588866, 38.0106559], [124.8640919, 38.0135273], [124.8695851, 38.0172684], [124.8739442, 38.0209108], [124.8784051, 38.0255592], [124.8861233, 38.0216221], [124.891845, 38.0194448], [124.898671, 38.0174942], [124.904834, 38.0162752], [124.9111162, 38.0155232], [124.9174606, 38.0152451], [124.9306764, 38.0159844], [124.936973, 38.0166572], [124.9431599, 38.0177986], [124.9491811, 38.0193981], [124.954982, 38.0214412], [124.9610946, 38.0242317], [124.9648043, 38.0220542], [124.9702374, 38.0194584], [124.9759591, 38.017281], [124.9824462, 38.015383], [124.978473, 38.0143275], [124.97013, 38.0111579], [124.9657701, 38.0099996], [124.9591615, 38.0076291], [124.9536765, 38.0051013], [124.9485213, 38.0021741], [124.945364, 37.9999504]]], [[[123.0827515, 39.2359766], [123.0868181, 39.239771], [123.0931494, 39.2470368], [123.0962199, 39.251356], [123.0990645, 39.2565414], [123.1009468, 39.2612508], [123.1022449, 39.2660767], [123.1029473, 39.2709758], [123.1030127, 39.2766077], [123.1024242, 39.281515], [123.1012383, 39.2863568], [123.0994656, 39.2910897], [123.0967419, 39.2963108], [123.0937721, 39.300669], [123.0902826, 39.3047899], [123.0863047, 39.3086365], [123.0812066, 39.3126526], [123.0763077, 39.3157988], [123.0710458, 39.3185721], [123.0654684, 39.3209475], [123.0587719, 39.323148], [123.0526897, 39.3246041], [123.0375302, 39.3272018], [123.0312023, 39.3277452], [123.023927, 39.3277958], [123.0166873, 39.3272376], [123.0104486, 39.3262548], [123.0043581, 39.3248196], [122.9985559, 39.3229721], [122.9913768, 39.3234959], [122.9841016, 39.3235465], [122.9768619, 39.3229883], [122.9706231, 39.3220054], [122.9645326, 39.3205701], [122.958645, 39.3186953], [122.9522326, 39.3160362], [122.9469549, 39.3132809], [122.942038, 39.3101513], [122.937526, 39.3066756], [122.932917, 39.3023196], [122.9294039, 39.2982106], [122.9264092, 39.2938625], [122.9239597, 39.2893143], [122.9218558, 39.2839237], [122.9206422, 39.2790859], [122.9196983, 39.2722556], [122.9170493, 39.2658512], [122.9158357, 39.2610121], [122.915219, 39.2561054], [122.9152049, 39.2511753], [122.9159265, 39.2455688], [122.917197, 39.2407371], [122.9190523, 39.2360198], [122.9214757, 39.2314595], [122.9249129, 39.2264922], [122.9284742, 39.2224038], [122.932519, 39.2185946], [122.937011, 39.2150988], [122.9453871, 39.2099317], [122.950697, 39.2072096], [122.9563155, 39.204889], [122.9621923, 39.2029909], [122.969157, 39.2013606], [122.9754071, 39.2004201], [122.9927303, 39.1994101], [122.9990971, 39.1993992], [123.0054367, 39.1998553], [123.0219918, 39.2023706], [123.0281069, 39.2037442], [123.0348533, 39.2058548], [123.0404851, 39.208156], [123.0458105, 39.2108598], [123.0507817, 39.2139419], [123.0559724, 39.2178918], [123.0622413, 39.2241915], [123.0672643, 39.2262434], [123.0725897, 39.2289465], [123.0775609, 39.2320278], [123.0827515, 39.2359766]]], [[[123.2681238, 39.0738184], [123.2637379, 39.0780002], [123.2615139, 39.0845947], [123.2587902, 39.0898312], [123.2558204, 39.0942022], [123.2524008, 39.0982525], [123.2512371, 39.1004893], [123.2466364, 39.1067911], [123.2443707, 39.1111458], [123.2414009, 39.1155155], [123.2379114, 39.1196473], [123.2347487, 39.1227136], [123.2303583, 39.1281703], [123.2263804, 39.1320265], [123.2212823, 39.1360527], [123.2163834, 39.1392069], [123.2111215, 39.1419872], [123.2055441, 39.1443686], [123.1988476, 39.1465747], [123.1927654, 39.1480344], [123.1865323, 39.1490412], [123.1802043, 39.1495859], [123.1729291, 39.1496366], [123.1595096, 39.1485445], [123.1532708, 39.1475592], [123.1471803, 39.1461204], [123.1412927, 39.1442409], [123.1348803, 39.1415751], [123.1296026, 39.138813], [123.1246857, 39.1356757], [123.1208807, 39.1327372], [123.1142213, 39.1312082], [123.1083338, 39.1293284], [123.1019213, 39.126662], [123.0966436, 39.1238993], [123.0917267, 39.1207613], [123.0863123, 39.1164211], [123.0814271, 39.1133029], [123.0769151, 39.1098175], [123.0723061, 39.1054492], [123.068793, 39.1013287], [123.0657982, 39.0969684], [123.0633487, 39.0924074], [123.0612449, 39.0870017], [123.0600312, 39.0821503], [123.0594146, 39.0772311], [123.0594004, 39.0722884], [123.060122, 39.0666677], [123.0613925, 39.0618236], [123.0632479, 39.0570944], [123.0656713, 39.0525224], [123.0691084, 39.0475426], [123.0717644, 39.0444857], [123.0724816, 39.0373399], [123.0737522, 39.0324939], [123.0756075, 39.0277627], [123.0780309, 39.0231888], [123.0811964, 39.0186006], [123.0842107, 39.0125191], [123.0876479, 39.0075364], [123.0912092, 39.0034352], [123.095254, 38.9996141], [123.099746, 38.9961075], [123.1064652, 38.991965], [123.1100457, 38.9891697], [123.1156752, 38.9855872], [123.120985, 38.9828564], [123.1266036, 38.9805284], [123.1324804, 38.9786242], [123.1394451, 38.9769887], [123.1456952, 38.9760452], [123.1520321, 38.9755658], [123.1583989, 38.9755549], [123.1647384, 38.9760124], [123.1709939, 38.9769343], [123.184662, 38.9799137], [123.1914085, 38.982031], [123.1970403, 38.9843395], [123.2027672, 38.9873017], [123.2065215, 38.9874009], [123.2138302, 38.9867749], [123.220197, 38.9867639], [123.2265365, 38.9872214], [123.232792, 38.9881432], [123.238907, 38.989521], [123.2456535, 38.991638], [123.2512853, 38.9939462], [123.2566107, 38.9966583], [123.2615819, 38.9997497], [123.2667725, 39.0037116], [123.2708391, 39.0075185], [123.2744238, 39.0116072], [123.2774943, 39.0159408], [123.2803389, 39.0211436], [123.2822212, 39.0258688], [123.2835194, 39.0307109], [123.2842218, 39.0356263], [123.2842872, 39.0412772], [123.2836986, 39.0462009], [123.2825127, 39.0510589], [123.28074, 39.0558076], [123.2780163, 39.0610463], [123.2750465, 39.0654191], [123.2681238, 39.0738184]]], [[[122.811235, 38.9378716], [122.8095219, 38.944714], [122.8077492, 38.9494699], [122.8050255, 38.9547164], [122.8020557, 38.9590958], [122.7985662, 38.9632367], [122.7947584, 38.9669367], [122.7986181, 38.9689031], [122.8035894, 38.9719958], [122.8088174, 38.9759942], [122.8118291, 38.9778677], [122.8170197, 38.9818308], [122.8226022, 38.9873685], [122.830353, 38.9889873], [122.8370994, 38.9911044], [122.8427312, 38.9934126], [122.8511048, 38.9980202], [122.8565102, 38.9988167], [122.8657455, 39.0011732], [122.8722275, 39.0016304], [122.8784829, 39.002552], [122.8845979, 39.0039296], [122.8913444, 39.0060461], [122.8969762, 39.0083539], [122.9023016, 39.0110653], [122.9072728, 39.0141562], [122.9124635, 39.0181173], [122.91653, 39.0219234], [122.9193114, 39.0250952], [122.9234498, 39.0282528], [122.9275164, 39.0320583], [122.931101, 39.0361456], [122.9341716, 39.0404777], [122.9370161, 39.0456787], [122.9388984, 39.0504022], [122.9401966, 39.0552426], [122.940899, 39.0601564], [122.9409644, 39.0658053], [122.9403759, 39.0707273], [122.9391899, 39.0755836], [122.9374173, 39.0803307], [122.9346936, 39.0855675], [122.9317238, 39.0899388], [122.9282343, 39.094072], [122.9242564, 39.0979302], [122.9191582, 39.1019583], [122.9073929, 39.1093765], [122.9021311, 39.112158], [122.8965536, 39.1145404], [122.8898571, 39.1167474], [122.8837749, 39.1182078], [122.8775418, 39.119215], [122.8712139, 39.1197599], [122.8639386, 39.1198107], [122.8573314, 39.1192998], [122.8519878, 39.1197599], [122.847837, 39.1197889], [122.839562, 39.1235967], [122.8328656, 39.1258035], [122.8267833, 39.1272637], [122.8205503, 39.1282707], [122.8142223, 39.1288156], [122.806947, 39.1288663], [122.7996464, 39.1282969], [122.7936229, 39.1288156], [122.7863477, 39.1288663], [122.779108, 39.1283066], [122.772626, 39.1272635], [122.7646884, 39.1267086], [122.7584497, 39.125723], [122.7523592, 39.1242837], [122.7464716, 39.1224036], [122.7400591, 39.119737], [122.7347815, 39.116974], [122.7303648, 39.114155], [122.7244989, 39.1122816], [122.7180865, 39.1096146], [122.7128088, 39.1068512], [122.7078919, 39.1037125], [122.7038996, 39.100628], [122.6973382, 39.0996171], [122.6912477, 39.0981773], [122.6853601, 39.0962965], [122.6801028, 39.0941095], [122.6747682, 39.0928482], [122.6688806, 39.0909673], [122.6624682, 39.0882995], [122.6571905, 39.0855353], [122.6522736, 39.0823956], [122.6477616, 39.0789086], [122.6431526, 39.0745385], [122.6396395, 39.0704161], [122.6366448, 39.0660539], [122.6341953, 39.0614909], [122.6320914, 39.0560828], [122.6308778, 39.0512293], [122.6302611, 39.046308], [122.630247, 39.0413631], [122.6309686, 39.0357399], [122.6322391, 39.0308937], [122.6340944, 39.0261624], [122.6365178, 39.0215885], [122.6454482, 39.009137], [122.6476532, 39.0065978], [122.651628, 39.0005996], [122.6551893, 38.996498], [122.6592341, 38.9926766], [122.6658158, 38.9878398], [122.6702204, 38.9836035], [122.6747124, 38.9800961], [122.6803419, 38.9765131], [122.6856518, 38.973782], [122.6912703, 38.9714537], [122.6969166, 38.969624], [122.6945615, 38.967801], [122.6899525, 38.963424], [122.6864394, 38.9592952], [122.6834446, 38.9549261], [122.6809951, 38.9503559], [122.6788913, 38.9449393], [122.6776776, 38.9400782], [122.677061, 38.9351491], [122.6770468, 38.9301965], [122.6777684, 38.9245644], [122.6795969, 38.9176071], [122.6814522, 38.9128682], [122.6838756, 38.9082869], [122.6873127, 38.9032969], [122.690874, 38.8991897], [122.6949189, 38.895363], [122.6994109, 38.8918512], [122.7050404, 38.8882638], [122.7103502, 38.8855293], [122.7159688, 38.8831981], [122.7218455, 38.8812913], [122.7288103, 38.8796536], [122.7350604, 38.8787087], [122.7413973, 38.8782287], [122.7477641, 38.8782177], [122.7541036, 38.8786759], [122.760359, 38.8795991], [122.7664741, 38.880979], [122.7732206, 38.8830993], [122.7788524, 38.885411], [122.7841778, 38.8881272], [122.789149, 38.8912234], [122.7943396, 38.8951914], [122.7984062, 38.8990041], [122.8019909, 38.903099], [122.8050614, 38.9074393], [122.807906, 38.91265], [122.8097883, 38.9173825], [122.8110865, 38.922232], [122.8117889, 38.927155], [122.8118543, 38.9328145], [122.811235, 38.9378716]]], [[[122.2136306, 38.6381262], [122.2176972, 38.6419527], [122.2212818, 38.6460624], [122.2243524, 38.6504184], [122.2271969, 38.6556479], [122.2290792, 38.6603975], [122.2303774, 38.6652645], [122.2310798, 38.6702052], [122.2311452, 38.6758852], [122.2305567, 38.6808343], [122.2293707, 38.6857174], [122.2275981, 38.6904905], [122.2248744, 38.6957562], [122.2219046, 38.7001515], [122.2184151, 38.7043075], [122.2144372, 38.7081869], [122.2093391, 38.7122372], [122.2044401, 38.7154103], [122.1991783, 38.7182072], [122.1936008, 38.7206029], [122.1869044, 38.7228222], [122.1808222, 38.7242907], [122.1745891, 38.7253035], [122.1682611, 38.7258515], [122.1609859, 38.7259025], [122.1537462, 38.7253396], [122.1475074, 38.7243484], [122.1414169, 38.7229009], [122.1355293, 38.7210102], [122.1291169, 38.7183284], [122.1238392, 38.7155497], [122.1189223, 38.7123937], [122.1144103, 38.7088885], [122.1098013, 38.7044955], [122.1062882, 38.7003516], [122.1032935, 38.6959666], [122.100844, 38.6913798], [122.0987401, 38.6859435], [122.0975265, 38.6810646], [122.0969098, 38.6761176], [122.0968957, 38.6711469], [122.0976173, 38.6654943], [122.0988878, 38.6606229], [122.1007431, 38.6558669], [122.1031665, 38.6512691], [122.1066037, 38.646261], [122.110165, 38.642139], [122.1142098, 38.6382985], [122.1187018, 38.634774], [122.1243313, 38.6311737], [122.1296412, 38.6284293], [122.1352597, 38.6260897], [122.1411365, 38.624176], [122.1481012, 38.6225324], [122.1543513, 38.6215841], [122.1606882, 38.6211024], [122.167055, 38.6210913], [122.1733946, 38.6215512], [122.17965, 38.6224777], [122.1857651, 38.6238626], [122.1925116, 38.6259905], [122.1981433, 38.6283106], [122.2034687, 38.6310366], [122.20844, 38.634144], [122.2136306, 38.6381262]]], [[[121.6889906, 38.5364173], [121.6930571, 38.5402492], [121.6966418, 38.5443647], [121.6997123, 38.5487269], [121.7025569, 38.5539638], [121.7044392, 38.5587201], [121.7057374, 38.563594], [121.7064398, 38.5685418], [121.7065052, 38.5742298], [121.7059166, 38.5791859], [121.7047307, 38.5840759], [121.702958, 38.5888559], [121.7002343, 38.594129], [121.6972645, 38.5985306], [121.693775, 38.6026924], [121.6897972, 38.6065773], [121.684699, 38.6106334], [121.6798001, 38.613811], [121.6745383, 38.6166119], [121.6689608, 38.619011], [121.6622644, 38.6212334], [121.6561821, 38.622704], [121.6499491, 38.6237182], [121.6436211, 38.624267], [121.6363458, 38.6243181], [121.6291062, 38.6237544], [121.6228674, 38.6227617], [121.6167769, 38.6213122], [121.6108893, 38.6194188], [121.6044769, 38.6167333], [121.5991992, 38.6139506], [121.5942823, 38.6107901], [121.5897703, 38.6072799], [121.5851613, 38.6028807], [121.5816482, 38.5987309], [121.5786535, 38.5943397], [121.5762039, 38.5897464], [121.5741001, 38.5843023], [121.5728864, 38.5794165], [121.5722698, 38.5744625], [121.5722557, 38.5694848], [121.5729772, 38.5638242], [121.5742478, 38.5589458], [121.5761031, 38.5541831], [121.5785265, 38.5495788], [121.5819637, 38.5445636], [121.585525, 38.5404357], [121.5895698, 38.5365897], [121.5940618, 38.5330603], [121.5996913, 38.5294549], [121.6050011, 38.5267066], [121.6106197, 38.5243637], [121.6164965, 38.5224473], [121.6234612, 38.5208013], [121.6297113, 38.5198518], [121.6360482, 38.5193693], [121.642415, 38.5193582], [121.6487546, 38.5198187], [121.65501, 38.5207466], [121.661125, 38.5221335], [121.6678715, 38.5242644], [121.6735033, 38.5265877], [121.6788287, 38.5293176], [121.6837999, 38.5324294], [121.6889906, 38.5364173]]], [[[120.9185487, 38.0880774], [120.9149459, 38.0950097], [120.9117817, 38.0994159], [120.9075334, 38.1041347], [120.9033006, 38.1079446], [120.8986267, 38.1114204], [120.8935541, 38.1145308], [120.8873277, 38.1176022], [120.8815594, 38.1198394], [120.8755469, 38.121635], [120.8693447, 38.1229729], [120.8620962, 38.123926], [120.8556781, 38.1242476], [120.8483345, 38.1240257], [120.8419666, 38.1233178], [120.8357131, 38.1221369], [120.8287789, 38.120222], [120.8229592, 38.1180689], [120.8174259, 38.1154901], [120.8122293, 38.1125092], [120.8067628, 38.1086446], [120.8024415, 38.1048968], [120.7985925, 38.1008425], [120.7952507, 38.0965184], [120.7920912, 38.0912965], [120.7899318, 38.0865287], [120.7883581, 38.0816206], [120.7873842, 38.0766167], [120.7870168, 38.0708386], [120.787351, 38.0657824], [120.7882942, 38.0607737], [120.7898378, 38.0558579], [120.7923189, 38.0504108], [120.7950953, 38.0458426], [120.7984105, 38.0415026], [120.8015767, 38.0381308], [120.8002808, 38.0329938], [120.7996642, 38.0280024], [120.7996501, 38.022987], [120.8003717, 38.0172836], [120.8016422, 38.0123684], [120.8034975, 38.0075696], [120.8086675, 37.9975197], [120.8121047, 37.9924663], [120.8156659, 37.9883068], [120.8197108, 37.9844316], [120.8242028, 37.9808752], [120.8298323, 37.9772422], [120.8351421, 37.974473], [120.8407607, 37.9721122], [120.8466375, 37.9701812], [120.8536022, 37.9685227], [120.8598523, 37.9675659], [120.8716823, 37.9665384], [120.8780491, 37.9665273], [120.8843887, 37.9669913], [120.8906441, 37.9679262], [120.8967592, 37.9693237], [120.9035057, 37.9714709], [120.9088594, 37.9736964], [120.9146154, 37.9718051], [120.9215801, 37.9701466], [120.9278302, 37.9691898], [120.9341671, 37.9687037], [120.9405339, 37.9686926], [120.9468735, 37.9691565], [120.9531289, 37.9700915], [120.9592439, 37.9714889], [120.9659904, 37.973636], [120.9716222, 37.975977], [120.9769476, 37.9787276], [120.9835512, 37.9831268], [120.9915319, 37.9878162], [120.9967225, 37.9918342], [121.0007891, 37.9956949], [121.0043737, 37.9998414], [121.0074443, 38.0042364], [121.0102888, 38.0095128], [121.0121711, 38.0143049], [121.0134693, 38.0192155], [121.0141717, 38.0242005], [121.0142371, 38.0299314], [121.0136486, 38.0349248], [121.0124626, 38.0398516], [121.01069, 38.0446676], [121.0079663, 38.0499805], [121.0022499, 38.0587405], [120.9987604, 38.0629335], [120.9947825, 38.0668474], [120.9896844, 38.0709338], [120.9847855, 38.0741352], [120.9795236, 38.076957], [120.9739462, 38.0793741], [120.9555767, 38.0859369], [120.9494945, 38.0874184], [120.9432614, 38.0884401], [120.9369335, 38.088993], [120.9296582, 38.0890444], [120.9185487, 38.0880774]]], [[[121.2648198, 39.0627561], [121.2701452, 39.0654655], [121.2751165, 39.068554], [121.2803071, 39.072512], [121.2843737, 39.0763152], [121.2879583, 39.0803998], [121.2910289, 39.0847293], [121.2938734, 39.089927], [121.2957557, 39.0946476], [121.2970539, 39.0994849], [121.2977563, 39.1043956], [121.2978217, 39.110041], [121.2972332, 39.1149599], [121.2960472, 39.1198132], [121.2942746, 39.1245573], [121.2915509, 39.1297908], [121.2885811, 39.1341594], [121.2850916, 39.13829], [121.2811137, 39.1421457], [121.2760155, 39.1461713], [121.2711166, 39.1493251], [121.2583017, 39.1558321], [121.2527242, 39.1582131], [121.2460278, 39.1604187], [121.2399456, 39.1618782], [121.2337125, 39.1628848], [121.2273845, 39.1634294], [121.2201093, 39.1634801], [121.21113, 39.1626459], [121.2014402, 39.1644819], [121.1951122, 39.1650265], [121.1878369, 39.1650772], [121.1805973, 39.1645178], [121.1743585, 39.1635327], [121.168268, 39.1620942], [121.1623804, 39.1602151], [121.1559679, 39.1575499], [121.1506903, 39.1547884], [121.1467566, 39.1522791], [121.1366519, 39.1517395], [121.1304132, 39.1507542], [121.1243227, 39.1493154], [121.1184351, 39.147436], [121.1120226, 39.1447704], [121.106745, 39.1420083], [121.1018281, 39.1388712], [121.0973161, 39.135387], [121.0927071, 39.1310203], [121.089194, 39.1269013], [121.0861992, 39.1225426], [121.0837497, 39.1179832], [121.0816459, 39.1125795], [121.0804322, 39.1077298], [121.0791289, 39.0953522], [121.0791148, 39.0904108], [121.0798364, 39.0847914], [121.0811069, 39.0799487], [121.0829622, 39.0752206], [121.0853856, 39.0706498], [121.0888228, 39.0656712], [121.0978773, 39.0551752], [121.1019221, 39.0513569], [121.1064141, 39.0478529], [121.1120436, 39.0442734], [121.1173534, 39.0415449], [121.122972, 39.0392188], [121.1288488, 39.0373162], [121.1358135, 39.0356821], [121.1420636, 39.0347394], [121.1484005, 39.0342604], [121.1586113, 39.0345266], [121.1685002, 39.0342494], [121.1748398, 39.0347066], [121.1810952, 39.0356277], [121.1899568, 39.037538], [121.1983784, 39.0403396], [121.2078743, 39.0414944], [121.2139894, 39.0428712], [121.2207359, 39.0449866], [121.2263677, 39.0472931], [121.2316931, 39.050003], [121.2379461, 39.0540698], [121.2455751, 39.0556693], [121.2523216, 39.0577843], [121.2648198, 39.0627561]]], [[[121.4536089, 36.2822011], [121.4535763, 36.2822916], [121.4508526, 36.2877298], [121.4478828, 36.2922692], [121.4443933, 36.2965614], [121.4442635, 36.2966921], [121.44302, 36.2982216], [121.4390422, 36.302228], [121.433944, 36.3064111], [121.4290451, 36.3096881], [121.4237833, 36.3125767], [121.4235533, 36.3126787], [121.4217233, 36.3136833], [121.4161459, 36.3161574], [121.4094494, 36.3184494], [121.4033672, 36.319966], [121.3971341, 36.321012], [121.3908062, 36.3215779], [121.3835309, 36.3216306], [121.3762912, 36.3210492], [121.3700525, 36.3200256], [121.3639619, 36.3185307], [121.3580744, 36.316578], [121.3516619, 36.3138084], [121.3463842, 36.3109388], [121.3414673, 36.3076793], [121.3369553, 36.3040593], [121.3323464, 36.2995225], [121.3288333, 36.295243], [121.3258385, 36.2907144], [121.323389, 36.2859774], [121.3212852, 36.2803632], [121.3200715, 36.2753246], [121.3194548, 36.2702157], [121.3194407, 36.2650824], [121.3201623, 36.2592449], [121.3214328, 36.2542141], [121.3232881, 36.2493026], [121.3257116, 36.2445544], [121.3291487, 36.2393826], [121.33271, 36.2351257], [121.3338397, 36.234018], [121.3339552, 36.2338442], [121.3375165, 36.2295871], [121.3415614, 36.2256207], [121.3460534, 36.2219808], [121.3516828, 36.2182625], [121.3569927, 36.2154282], [121.3626113, 36.213012], [121.368488, 36.2110356], [121.3754528, 36.2093381], [121.3817029, 36.2083589], [121.3880398, 36.2078613], [121.3944066, 36.2078499], [121.4007461, 36.2083248], [121.4070015, 36.2092817], [121.4131166, 36.210712], [121.4198631, 36.2129096], [121.4254949, 36.2153057], [121.4308203, 36.2181209], [121.4357915, 36.2213301], [121.4409821, 36.2254429], [121.4450487, 36.2293947], [121.4486334, 36.2336391], [121.4517039, 36.2381378], [121.4545485, 36.2435388], [121.4564308, 36.248444], [121.4577289, 36.2534706], [121.4584314, 36.2585733], [121.4584968, 36.2644396], [121.4579082, 36.269551], [121.4567223, 36.2745942], [121.4549496, 36.2795239], [121.4536089, 36.2822011]]], [[[121.005294, 36.1704526], [121.0064695, 36.1751116], [121.0070935, 36.1798391], [121.0071604, 36.1845928], [121.0065541, 36.1900028], [121.0054315, 36.1946691], [121.0037667, 36.1992284], [121.0015747, 36.2036398], [120.9984493, 36.2084496], [120.9951996, 36.212413], [120.9914994, 36.2161103], [120.9873822, 36.2195083], [120.9822136, 36.2229863], [120.9773314, 36.2256441], [120.9721593, 36.2279172], [120.9667437, 36.2297851], [120.9603187, 36.2314024], [120.9545473, 36.2323507], [120.9486906, 36.232854], [120.9419601, 36.2328789], [120.9360979, 36.2324189], [120.9294995, 36.2313481], [120.9238729, 36.2299436], [120.9184363, 36.2281158], [120.9132385, 36.2258811], [120.9076505, 36.2228547], [120.9031184, 36.2198199], [120.8989627, 36.2164525], [120.8952208, 36.2127828], [120.8914937, 36.2082608], [120.8887463, 36.2040571], [120.8865042, 36.1996621], [120.8847877, 36.1951153], [120.8834891, 36.1897856], [120.8829444, 36.1850523], [120.8829573, 36.1802983], [120.8835276, 36.1755664], [120.8848551, 36.17024], [120.8865962, 36.1656976], [120.8888621, 36.1613085], [120.8916324, 36.1571119], [120.8953839, 36.1526], [120.8991457, 36.1489405], [120.9033196, 36.1455848], [120.9078681, 36.142563], [120.9134725, 36.1395531], [120.9186823, 36.1373343], [120.9241288, 36.1355236], [120.929763, 36.1341373], [120.9363671, 36.1330885], [120.9422317, 36.1326486], [120.9481216, 36.132659], [120.9539838, 36.1331196], [120.9597657, 36.1340262], [120.9654155, 36.1353707], [120.9708823, 36.1371411], [120.9768432, 36.1396651], [120.9817554, 36.1422895], [120.986338, 36.1452775], [120.9905498, 36.1486022], [120.9948609, 36.1527757], [120.9981556, 36.1567177], [121.0009733, 36.1608936], [121.003289, 36.1652658], [121.005294, 36.1704526]]], [[[120.9316561, 35.8574969], [120.9335511, 35.8590054], [120.9376177, 35.8629756], [120.9412023, 35.8672398], [120.9442729, 35.8717596], [120.9471174, 35.8771857], [120.9489997, 35.8821138], [120.9502979, 35.8871638], [120.9510003, 35.8922904], [120.9510657, 35.898184], [120.9504772, 35.9033193], [120.9492912, 35.9083861], [120.9475186, 35.9133389], [120.9447949, 35.9188027], [120.9418251, 35.9233634], [120.9383356, 35.9276758], [120.9343577, 35.9317012], [120.9292596, 35.9359041], [120.9243606, 35.9391966], [120.9190988, 35.9420988], [120.9135213, 35.9445847], [120.9068249, 35.9468876], [120.9007427, 35.9484114], [120.8945096, 35.9494624], [120.8881816, 35.950031], [120.8809064, 35.9500839], [120.8736667, 35.9494998], [120.8674279, 35.9484712], [120.8613374, 35.9469693], [120.8554499, 35.9450073], [120.8490374, 35.9422246], [120.8477661, 35.9415301], [120.8465235, 35.941116], [120.840111, 35.9383331], [120.8348333, 35.9354497], [120.8299164, 35.9321746], [120.8254044, 35.9285373], [120.8253372, 35.9284707], [120.8219712, 35.9257572], [120.8173622, 35.9211984], [120.8138491, 35.9168982], [120.8108544, 35.9123478], [120.8084049, 35.907588], [120.806301, 35.9019466], [120.8050874, 35.8968837], [120.8044707, 35.8917502], [120.8044566, 35.8865921], [120.8051782, 35.8807265], [120.8064487, 35.8756714], [120.808304, 35.8707362], [120.8107274, 35.8659651], [120.8141646, 35.8607683], [120.8177259, 35.856491], [120.8217707, 35.8525058], [120.8262627, 35.8488486], [120.8318922, 35.8451126], [120.8372021, 35.8422649], [120.8428206, 35.8398372], [120.8486974, 35.8378514], [120.8556621, 35.8361459], [120.8619122, 35.835162], [120.8682491, 35.834662], [120.8746159, 35.8346506], [120.8809555, 35.8351277], [120.8872109, 35.8360892], [120.893326, 35.8375263], [120.9000725, 35.8397343], [120.9057042, 35.8421417], [120.9110296, 35.8449704], [120.911276, 35.8451302], [120.9160039, 35.8471511], [120.9213293, 35.8499796], [120.9263005, 35.8532038], [120.9314912, 35.8573358], [120.9316561, 35.8574969]]], [[[119.9038087, 35.1943806], [119.8972574, 35.193847], [119.8910186, 35.1928087], [119.8849281, 35.1912925], [119.8790405, 35.1893119], [119.8726281, 35.1865029], [119.8673504, 35.1835922], [119.8624335, 35.1802863], [119.8579215, 35.1766147], [119.8533125, 35.1720132], [119.8497994, 35.1676726], [119.8468047, 35.1630795], [119.8443552, 35.158275], [119.8422513, 35.1525807], [119.8410377, 35.1474703], [119.840421, 35.1422886], [119.8404069, 35.1370822], [119.8411285, 35.1311615], [119.842399, 35.126059], [119.8442543, 35.1210775], [119.8466777, 35.1162617], [119.8501149, 35.1110162], [119.8536762, 35.1066988], [119.857721, 35.1026763], [119.862213, 35.0989848], [119.8678425, 35.0952138], [119.8731524, 35.0923394], [119.8787709, 35.089889], [119.8846477, 35.0878846], [119.8916124, 35.0861631], [119.8978625, 35.08517], [119.9093493, 35.0844546], [119.9157161, 35.0844431], [119.9256605, 35.0852056], [119.9319159, 35.0861761], [119.938031, 35.0876266], [119.9447775, 35.0898553], [119.9542716, 35.0937601], [119.9595971, 35.0966152], [119.9645683, 35.0998698], [119.9697589, 35.1040407], [119.9738255, 35.1080485], [119.9774101, 35.1123529], [119.9804807, 35.1169153], [119.9833252, 35.1223926], [119.9852075, 35.1273673], [119.9865057, 35.132465], [119.9872081, 35.13764], [119.9872735, 35.1435893], [119.986685, 35.1487731], [119.985499, 35.1538877], [119.9837264, 35.1588873], [119.9810027, 35.1644028], [119.9780329, 35.1690066], [119.9745434, 35.1733598], [119.9705655, 35.1774232], [119.9654674, 35.1816658], [119.9605684, 35.1849895], [119.9553066, 35.1879191], [119.9497291, 35.1904286], [119.9430327, 35.1927532], [119.9369505, 35.1942914], [119.9307174, 35.1953523], [119.9243894, 35.1959263], [119.9171142, 35.1959797], [119.9098745, 35.1953901], [119.9038087, 35.1943806]]], [[[119.9171991, 35.059153], [119.9105026, 35.0614814], [119.9044204, 35.0630221], [119.8981873, 35.0640846], [119.8918594, 35.0646596], [119.8845841, 35.0647131], [119.8773444, 35.0641225], [119.8711057, 35.0630825], [119.8650151, 35.0615639], [119.8591276, 35.0595802], [119.8527151, 35.0567667], [119.8474374, 35.0538514], [119.8410877, 35.0493724], [119.8371291, 35.0503753], [119.8308961, 35.0514381], [119.8245681, 35.0520131], [119.8172928, 35.0520666], [119.8100532, 35.0514759], [119.8038144, 35.0504358], [119.7977239, 35.048917], [119.7918363, 35.046933], [119.7854239, 35.044119], [119.7801462, 35.0412033], [119.7752293, 35.0378915], [119.7707173, 35.0342135], [119.7661083, 35.0296039], [119.7640681, 35.0270788], [119.7585552, 35.0217318], [119.7550421, 35.0173833], [119.7520474, 35.0127817], [119.7495978, 35.0079683], [119.747494, 35.0022635], [119.7462803, 34.9971437], [119.7456637, 34.9919525], [119.7456496, 34.9867364], [119.7463711, 34.9808049], [119.7476417, 34.975693], [119.749497, 34.9707023], [119.7519204, 34.9658776], [119.7553576, 34.9606225], [119.7589189, 34.9562971], [119.7629637, 34.9522671], [119.7674557, 34.9485689], [119.7730852, 34.944791], [119.778395, 34.9419112], [119.7840136, 34.9394563], [119.7898904, 34.9374483], [119.7968551, 34.9357236], [119.8031052, 34.9347286], [119.8094421, 34.9342231], [119.8158089, 34.9342115], [119.8221485, 34.934694], [119.8284039, 34.9356662], [119.8345189, 34.9371194], [119.8412654, 34.9393522], [119.8468972, 34.9417867], [119.8522226, 34.9446471], [119.8571938, 34.9479077], [119.8623845, 34.9520864], [119.8667337, 34.9564417], [119.8712579, 34.9548962], [119.8782226, 34.9531719], [119.8844727, 34.9521771], [119.8908096, 34.9516717], [119.8971764, 34.9516601], [119.903516, 34.9521425], [119.9097714, 34.9531145], [119.9158864, 34.9545674], [119.9226329, 34.9567998], [119.9282647, 34.9592337], [119.9335901, 34.9620935], [119.9385613, 34.9653535], [119.9437519, 34.9695313], [119.9478185, 34.9735456], [119.9514032, 34.9778571], [119.9544737, 34.982427], [119.9573183, 34.9879134], [119.9592006, 34.9928963], [119.9604988, 34.9980024], [119.9612012, 35.0031859], [119.9612666, 35.009145], [119.960678, 35.0143374], [119.9594921, 35.0194604], [119.9577194, 35.0244683], [119.9549957, 35.0299928], [119.9520259, 35.0346043], [119.9485364, 35.0389646], [119.9445586, 35.0430348], [119.9394604, 35.0472843], [119.9345615, 35.0506135], [119.9292997, 35.053548], [119.9171991, 35.059153]]], [[[122.305126, 31.1052734], [122.3091926, 31.1094678], [122.3127773, 31.1139728], [122.3158478, 31.1187478], [122.3186924, 31.1244804], [122.3205747, 31.1296869], [122.3218728, 31.1350223], [122.3225752, 31.1404386], [122.3226406, 31.1466653], [122.3220521, 31.1520908], [122.3208662, 31.157444], [122.3190935, 31.1626768], [122.3163698, 31.1684496], [122.3134, 31.1732683], [122.3099105, 31.1778247], [122.3059326, 31.1820778], [122.3008345, 31.1865184], [122.2959356, 31.1899972], [122.2906737, 31.1930637], [122.2850963, 31.1956903], [122.2783998, 31.1981235], [122.2723176, 31.1997336], [122.2660845, 31.200844], [122.2597566, 31.2014448], [122.2524813, 31.2015007], [122.2452416, 31.2008835], [122.2390029, 31.1997968], [122.2329123, 31.1982098], [122.2270248, 31.1961368], [122.2206123, 31.1931966], [122.2153347, 31.1901501], [122.2104177, 31.1866899], [122.2059057, 31.182847], [122.2012968, 31.1780308], [122.1977837, 31.1734877], [122.1947889, 31.1686803], [122.1923394, 31.1636518], [122.1902356, 31.1576919], [122.1890219, 31.1523433], [122.1884052, 31.14692], [122.1883911, 31.1414709], [122.1891127, 31.1352743], [122.1903832, 31.1299341], [122.1922385, 31.1247205], [122.194662, 31.1196803], [122.1980991, 31.1141905], [122.2016604, 31.109672], [122.2057052, 31.1054621], [122.2101973, 31.1015988], [122.2158267, 31.0976523], [122.2211366, 31.094644], [122.2267552, 31.0920795], [122.2326319, 31.0899819], [122.2395967, 31.0881802], [122.2458467, 31.0871409], [122.2521836, 31.0866128], [122.2585505, 31.0866007], [122.26489, 31.0871047], [122.2711454, 31.0881203], [122.2772605, 31.0896384], [122.284007, 31.0919708], [122.2896388, 31.0945139], [122.2949642, 31.097502], [122.2999354, 31.1009081], [122.305126, 31.1052734]]], [[[122.2221874, 30.7804098], [122.2254062, 30.7844476], [122.2281636, 30.7887297], [122.2304347, 30.7932174], [122.2321989, 30.79787], [122.2334403, 30.8026454], [122.2341477, 30.8075003], [122.2343145, 30.8123906], [122.2338416, 30.8179663], [122.2328515, 30.8227838], [122.2313325, 30.8274984], [122.2292986, 30.8320674], [122.2263674, 30.837058], [122.2232977, 30.8411781], [122.2197858, 30.8450288], [122.2158635, 30.8485754], [122.210924, 30.8522151], [122.2062461, 30.8550057], [122.2012804, 30.8574018], [122.1960719, 30.8593819], [122.1898825, 30.8611125], [122.1843147, 30.8621457], [122.1786577, 30.8627198], [122.1721491, 30.8628075], [122.1664739, 30.862386], [122.1600795, 30.86134], [122.1546215, 30.8599402], [122.1493431, 30.8581015], [122.1442923, 30.8558403], [122.1388571, 30.8527652], [122.1344446, 30.8496723], [122.1303946, 30.8462332], [122.1267437, 30.842479], [122.1231022, 30.8378464], [122.1204128, 30.8335346], [122.118213, 30.8290227], [122.1165225, 30.8243514], [122.1152338, 30.818872], [122.1146805, 30.814003], [122.1146686, 30.8091106], [122.1151982, 30.8042391], [122.1164602, 30.798754], [122.1181279, 30.7940752], [122.1203057, 30.7895535], [122.1229741, 30.78523], [122.126593, 30.7805816], [122.1302256, 30.7768117], [122.1342588, 30.7733555], [122.1386562, 30.7702442], [122.1440764, 30.7671469], [122.1491161, 30.7648654], [122.1543855, 30.7630059], [122.1598366, 30.7615851], [122.1654203, 30.760616], [122.1710859, 30.7601074], [122.1767821, 30.7600639], [122.1824573, 30.7604859], [122.1880601, 30.7613695], [122.1935398, 30.7627067], [122.1988468, 30.7644855], [122.2046388, 30.7670381], [122.2094164, 30.7697036], [122.2138774, 30.7727473], [122.2179816, 30.7761414], [122.2221874, 30.7804098]]], [[[121.7904692, 30.5720403], [121.791948, 30.5798811], [121.7921148, 30.5847831], [121.7916419, 30.5903719], [121.7906517, 30.5952008], [121.7891328, 30.5999265], [121.7870989, 30.6045064], [121.7841677, 30.6095087], [121.781098, 30.6136385], [121.7727796, 30.6234074], [121.7688572, 30.6269621], [121.7639177, 30.6306102], [121.7592399, 30.6334072], [121.7542742, 30.6358089], [121.7490656, 30.6377935], [121.7428763, 30.6395281], [121.7373085, 30.6405636], [121.7316515, 30.6411391], [121.7251428, 30.641227], [121.7194676, 30.6408045], [121.7130733, 30.6397561], [121.7076152, 30.6383531], [121.7023369, 30.6365101], [121.6972861, 30.6342437], [121.6903718, 30.6301224], [121.6870074, 30.6360986], [121.6839377, 30.6402273], [121.6804258, 30.644086], [121.6765034, 30.64764], [121.6715639, 30.6512873], [121.666886, 30.6540837], [121.6560839, 30.6597336], [121.6508753, 30.6617177], [121.644686, 30.6634519], [121.6391182, 30.6644871], [121.6334612, 30.6650625], [121.6299795, 30.6651095], [121.6253853, 30.6659637], [121.618236, 30.6665592], [121.6094286, 30.6677203], [121.6029199, 30.6678081], [121.5972447, 30.6673857], [121.5908504, 30.6663376], [121.5853923, 30.6649351], [121.580114, 30.6630925], [121.5750632, 30.6608268], [121.569628, 30.6577454], [121.5652155, 30.6546463], [121.5611655, 30.6512002], [121.5575146, 30.6474384], [121.5538731, 30.6427964], [121.5516522, 30.6392286], [121.546282, 30.6361835], [121.5418696, 30.6330836], [121.5378195, 30.6296368], [121.5341686, 30.6258742], [121.5319231, 30.6230111], [121.5257334, 30.6189028], [121.5216834, 30.6154555], [121.5180325, 30.6116923], [121.5143909, 30.6070486], [121.5117016, 30.6027265], [121.5095017, 30.5982038], [121.5078113, 30.5935213], [121.5065226, 30.5880287], [121.5059693, 30.5831481], [121.5059573, 30.578244], [121.5071736, 30.5662663], [121.5084356, 30.5607676], [121.5101033, 30.5560773], [121.5122811, 30.5515445], [121.5149495, 30.5472103], [121.5185684, 30.5425504], [121.522201, 30.5387713], [121.5262342, 30.5353066], [121.5306316, 30.5321876], [121.5360518, 30.5290826], [121.5410915, 30.5267955], [121.5463609, 30.5249314], [121.551812, 30.5235071], [121.5573957, 30.5225357], [121.5630613, 30.5220258], [121.5687575, 30.5219822], [121.5744327, 30.5224052], [121.5800355, 30.523291], [121.5855152, 30.5246315], [121.5908222, 30.5264146], [121.5966142, 30.5289735], [121.6013918, 30.5316457], [121.6058528, 30.5346968], [121.609957, 30.5380993], [121.6141628, 30.5423783], [121.6173816, 30.546426], [121.6208646, 30.5521561], [121.6266517, 30.5563913], [121.6305039, 30.5570001], [121.6378039, 30.5589516], [121.6377933, 30.5545948], [121.6383229, 30.5497105], [121.6395849, 30.5442108], [121.6412526, 30.5395197], [121.6434304, 30.5349861], [121.6460988, 30.5306512], [121.6497177, 30.5259905], [121.6533503, 30.5222107], [121.6573835, 30.5187454], [121.6617809, 30.5156259], [121.6672011, 30.5125204], [121.6729275, 30.5099371], [121.6843766, 30.5060021], [121.6898278, 30.5045776], [121.6954115, 30.5036059], [121.701077, 30.503096], [121.7067732, 30.5030523], [121.7124484, 30.5034754], [121.7180512, 30.5043614], [121.723531, 30.5057022], [121.7313341, 30.5085886], [121.7400105, 30.5104348], [121.7453174, 30.5122182], [121.7511095, 30.5147775], [121.755887, 30.5174501], [121.7603481, 30.5205016], [121.7644522, 30.5239046], [121.767962, 30.527476], [121.7744086, 30.5324808], [121.7786144, 30.53676], [121.7818332, 30.540808], [121.7845906, 30.5451009], [121.7868617, 30.5495999], [121.7886259, 30.5542643], [121.7898673, 30.5590517], [121.7905747, 30.5639189], [121.7907415, 30.5688216], [121.7904692, 30.5720403]]], [[[121.2743108, 30.4631825], [121.2775297, 30.4613372], [121.2825695, 30.4590485], [121.2878388, 30.4571831], [121.29329, 30.4557578], [121.2988737, 30.4547857], [121.3045392, 30.4542755], [121.3102354, 30.4542318], [121.3169913, 30.4548261], [121.3224724, 30.4533902], [121.3280561, 30.452418], [121.3337217, 30.4519078], [121.3394179, 30.4518641], [121.3450931, 30.4522874], [121.3506959, 30.4531739], [121.3561756, 30.4545154], [121.3614826, 30.4562998], [121.3672746, 30.4588606], [121.3720522, 30.4615346], [121.3765132, 30.464588], [121.3806174, 30.4679929], [121.3848232, 30.472275], [121.388042, 30.4763256], [121.3907994, 30.4806214], [121.3930705, 30.4851234], [121.3948347, 30.4897908], [121.3960761, 30.4945814], [121.3967835, 30.4994518], [121.3969503, 30.5043578], [121.3964774, 30.5099513], [121.3954873, 30.5147841], [121.3939684, 30.5195138], [121.3919344, 30.5240974], [121.3890032, 30.5291039], [121.3859335, 30.5332372], [121.3824216, 30.5371002], [121.3784993, 30.5406581], [121.3735598, 30.5443094], [121.3688819, 30.5471089], [121.3639162, 30.5495127], [121.3587077, 30.5514991], [121.3525183, 30.5532353], [121.3469505, 30.5542717], [121.3412935, 30.5548477], [121.3347849, 30.5549357], [121.3291075, 30.5545125], [121.3247774, 30.5566085], [121.3195689, 30.5585947], [121.3133795, 30.5603307], [121.3078117, 30.5613671], [121.3021547, 30.5619431], [121.2956461, 30.562031], [121.2899709, 30.5616082], [121.2835765, 30.5605589], [121.2781185, 30.5591548], [121.2728401, 30.5573103], [121.2677893, 30.555042], [121.2623541, 30.5519573], [121.2579417, 30.5488548], [121.2538916, 30.5454049], [121.2502407, 30.541639], [121.2465992, 30.536992], [121.2439098, 30.5326668], [121.24171, 30.5281408], [121.2400195, 30.5234549], [121.2387308, 30.5179584], [121.2381775, 30.5130742], [121.2381656, 30.5081665], [121.2386952, 30.5032799], [121.2399572, 30.4977776], [121.2416249, 30.4930843], [121.2438027, 30.4885485], [121.2464711, 30.4842115], [121.25009, 30.4795486], [121.2537226, 30.475767], [121.2577558, 30.4723], [121.2621532, 30.469179], [121.2675734, 30.4660721], [121.2743108, 30.4631825]]], [[[122.9514159, 30.4919271], [122.9479392, 30.492903], [122.9423713, 30.4939401], [122.9367143, 30.4945164], [122.9302057, 30.4946044], [122.9245305, 30.4941813], [122.9181362, 30.4931313], [122.9126781, 30.4917262], [122.9073998, 30.4898804], [122.902349, 30.4876106], [122.8969137, 30.4845237], [122.8925013, 30.481419], [122.8884513, 30.4779668], [122.8848003, 30.4741983], [122.8770389, 30.4642215], [122.8743496, 30.459893], [122.8721497, 30.4553636], [122.8690598, 30.4488525], [122.8673694, 30.4441628], [122.8660807, 30.4386618], [122.8655274, 30.4337736], [122.8655155, 30.428862], [122.8663884, 30.421899], [122.8676504, 30.4163921], [122.8693181, 30.4116948], [122.8714959, 30.4071553], [122.8769108, 30.3980768], [122.8805298, 30.3934097], [122.8841624, 30.3896248], [122.8881956, 30.3861548], [122.892593, 30.383031], [122.8980131, 30.3799213], [122.9030529, 30.3776307], [122.9083222, 30.3757637], [122.9137734, 30.3743372], [122.9193571, 30.3733643], [122.9250226, 30.3728537], [122.9307188, 30.37281], [122.936394, 30.3732336], [122.9457734, 30.3747131], [122.9512531, 30.3760557], [122.9565601, 30.3778416], [122.9623521, 30.3804044], [122.9671297, 30.3830806], [122.9715908, 30.3861364], [122.9756949, 30.3895441], [122.9799007, 30.3938296], [122.9831195, 30.3978835], [122.9861849, 30.4027937], [122.9913592, 30.4088395], [122.9941166, 30.4131383], [122.9963878, 30.4176434], [122.9998686, 30.4273469], [123.00111, 30.4321406], [123.0018173, 30.4370141], [123.0019842, 30.4419232], [123.0015113, 30.4475203], [123.0005211, 30.4523562], [122.9990022, 30.4570889], [122.9969683, 30.4616755], [122.9940371, 30.4666852], [122.9909674, 30.4708211], [122.9874555, 30.4746866], [122.9835332, 30.4782468], [122.9785936, 30.4819005], [122.9739158, 30.4847018], [122.9689501, 30.4871071], [122.9637415, 30.4890948], [122.9575522, 30.4908321], [122.9514159, 30.4919271]]], [[[122.2905087, 28.8322683], [122.2925007, 28.8348164], [122.2973804, 28.8364838], [122.3031724, 28.839086], [122.30795, 28.8418035], [122.3124111, 28.8449064], [122.3165152, 28.8483665], [122.3207211, 28.8527181], [122.3239398, 28.8568345], [122.3266972, 28.8612], [122.3289683, 28.8657751], [122.3307326, 28.8705184], [122.331974, 28.8753868], [122.3333679, 28.8848455], [122.3335348, 28.889831], [122.3330619, 28.8955151], [122.3320717, 28.9004263], [122.3305528, 28.9052326], [122.3285189, 28.9098905], [122.3255877, 28.9149782], [122.322518, 28.9191785], [122.3190061, 28.9231042], [122.3150837, 28.9267197], [122.3101442, 28.9304303], [122.3054664, 28.9332752], [122.3005007, 28.935718], [122.2952921, 28.9377367], [122.2891028, 28.939501], [122.283535, 28.9405543], [122.2669507, 28.9420684], [122.262249, 28.9429578], [122.256592, 28.9435432], [122.2500833, 28.9436325], [122.2444081, 28.9432028], [122.2380138, 28.9421365], [122.2325557, 28.9407095], [122.2272774, 28.938835], [122.2222266, 28.9365298], [122.2167914, 28.9333949], [122.2123789, 28.9302418], [122.2090921, 28.9273966], [122.2041392, 28.9239316], [122.2000891, 28.9204254], [122.1964382, 28.916598], [122.1927967, 28.9118751], [122.1901073, 28.9074792], [122.1887605, 28.9046631], [122.1828532, 28.9004901], [122.1788031, 28.8969832], [122.1751522, 28.8931549], [122.1715107, 28.8884309], [122.1688213, 28.8840341], [122.1666215, 28.8794331], [122.164931, 28.8746697], [122.1636423, 28.8690822], [122.163089, 28.8641172], [122.1630771, 28.8591284], [122.1636067, 28.8541609], [122.1648687, 28.8485676], [122.1665364, 28.8437967], [122.1687142, 28.8391859], [122.1713826, 28.8347772], [122.1750015, 28.8300372], [122.1786341, 28.8261932], [122.1878172, 28.8184577], [122.1922145, 28.8152851], [122.201068, 28.8103217], [122.2061077, 28.8079951], [122.211377, 28.8060989], [122.2168282, 28.8046501], [122.2224119, 28.8036619], [122.2280775, 28.8031432], [122.2337736, 28.8030988], [122.2394488, 28.8035291], [122.2450517, 28.8044302], [122.2505314, 28.8057938], [122.2558384, 28.8076077], [122.2674669, 28.8129181], [122.2722445, 28.8156362], [122.2767055, 28.8187399], [122.2808096, 28.8222009], [122.2905087, 28.8322683]]], [[[121.1390041, 27.3893733], [121.1422229, 27.3935463], [121.1449803, 27.3979718], [121.1472514, 27.4026098], [121.1490156, 27.4074183], [121.150257, 27.4123536], [121.1509644, 27.4173712], [121.1510733, 27.420671], [121.151337, 27.4210127], [121.1568622, 27.4229052], [121.1626543, 27.4255421], [121.1674318, 27.4282956], [121.1718929, 27.4314397], [121.175997, 27.4349458], [121.1802029, 27.4393552], [121.1834216, 27.4435263], [121.186179, 27.4479498], [121.1884501, 27.4525857], [121.1902144, 27.457392], [121.1914558, 27.4623251], [121.1921631, 27.4673404], [121.1923299, 27.4723924], [121.1918571, 27.4781524], [121.1908669, 27.4831291], [121.189348, 27.4879996], [121.1862841, 27.4948515], [121.1833529, 27.5000071], [121.1802832, 27.5042633], [121.1767713, 27.5082414], [121.1728489, 27.5119052], [121.1679094, 27.5156653], [121.1570517, 27.5218974], [121.1520861, 27.5243727], [121.1468775, 27.5264182], [121.1422612, 27.5277516], [121.128084, 27.538195], [121.1234061, 27.5410773], [121.1184404, 27.5435522], [121.1132319, 27.5455974], [121.1012061, 27.5489069], [121.0904884, 27.5511915], [121.0848314, 27.5517845], [121.0783228, 27.5518751], [121.0726476, 27.5514397], [121.0662532, 27.5503594], [121.0607952, 27.5489137], [121.0555168, 27.5470145], [121.050466, 27.5446791], [121.0476888, 27.5430562], [121.039474, 27.5418361], [121.034016, 27.5403903], [121.0287377, 27.538491], [121.0236868, 27.5361553], [121.0182516, 27.532979], [121.0138392, 27.5297843], [121.0097891, 27.526232], [121.0061382, 27.5223543], [121.0017637, 27.5163554], [120.9963169, 27.5096524], [120.9928384, 27.5035268], [120.9855158, 27.5066267], [120.9793265, 27.5084148], [120.9737587, 27.5094823], [120.9681017, 27.5100755], [120.961593, 27.5101661], [120.9559178, 27.5097306], [120.9495235, 27.5086498], [120.9440654, 27.5072036], [120.9387871, 27.5053037], [120.9337363, 27.5029673], [120.9284406, 27.4998716], [120.9224066, 27.4971813], [120.9169714, 27.4940038], [120.912559, 27.490808], [120.9085089, 27.4872545], [120.904858, 27.4833754], [120.9012165, 27.4785886], [120.8985271, 27.4741335], [120.8963273, 27.4694715], [120.8946369, 27.4646449], [120.8933482, 27.4589833], [120.8927948, 27.4539524], [120.8927829, 27.4488974], [120.8933125, 27.4438641], [120.8945745, 27.4381966], [120.8962422, 27.4333624], [120.8984201, 27.4286906], [120.9010884, 27.4242235], [120.9047073, 27.4194207], [120.9083399, 27.4155257], [120.9123732, 27.4119547], [120.9167705, 27.4087402], [120.9221907, 27.40554], [120.9272305, 27.4031828], [120.9324998, 27.4012616], [120.937951, 27.3997937], [120.9435346, 27.3987924], [120.9511003, 27.398252], [120.9539929, 27.397473], [120.9577366, 27.3906969], [120.9613556, 27.3858927], [120.9649882, 27.3819965], [120.9690214, 27.3784245], [120.9734188, 27.3752089], [120.9788389, 27.3720078], [120.9838787, 27.3696499], [120.989148, 27.3677281], [120.9945992, 27.3662597], [121.0001829, 27.3652582], [121.0058485, 27.3647326], [121.0115446, 27.3646876], [121.0172198, 27.3651237], [121.0228227, 27.3660369], [121.0283024, 27.3674189], [121.0336094, 27.3692572], [121.0400592, 27.3722747], [121.045411, 27.3708331], [121.0509946, 27.3698316], [121.0669599, 27.3686962], [121.0726561, 27.3686513], [121.0798799, 27.3693397], [121.0879026, 27.3683913], [121.0935988, 27.3683464], [121.099274, 27.3687824], [121.1048768, 27.3696956], [121.1103565, 27.3710776], [121.1156635, 27.3729159], [121.1214555, 27.3755539], [121.1262331, 27.3783087], [121.1306941, 27.3814542], [121.1347983, 27.3849619], [121.1390041, 27.3893733]]], [[[120.830791, 26.9920253], [120.8364646, 26.9917022], [120.842147, 26.9918612], [120.8477867, 26.9925007], [120.8533327, 26.993615], [120.8587346, 26.9951941], [120.8639437, 26.9972234], [120.8689127, 26.9996848], [120.8735966, 27.0025558], [120.8785463, 27.0063049], [120.8824803, 27.0099616], [120.8860063, 27.0139348], [120.8894537, 27.0188088], [120.8936382, 27.0226548], [120.8971643, 27.0266275], [120.9059153, 27.0379142], [120.9085336, 27.042409], [120.9106604, 27.0471049], [120.9122763, 27.0519593], [120.9133669, 27.0569284], [120.9139574, 27.0626899], [120.9138949, 27.0677522], [120.9132924, 27.0727861], [120.9121552, 27.077746], [120.9102143, 27.0832662], [120.9079723, 27.0879176], [120.9052437, 27.0923581], [120.9020534, 27.0965474], [120.8978792, 27.1009791], [120.8938018, 27.1045058], [120.8893662, 27.1076715], [120.8846127, 27.1104475], [120.878846, 27.1131107], [120.8735593, 27.1149718], [120.8653579, 27.1168366], [120.8625001, 27.1215439], [120.8593098, 27.1257321], [120.8551356, 27.1301626], [120.8510582, 27.1336885], [120.8466226, 27.1368533], [120.8418691, 27.1396285], [120.8361024, 27.1422911], [120.8308157, 27.1441517], [120.8253541, 27.1455567], [120.8197672, 27.1464933], [120.8132936, 27.1469796], [120.8067989, 27.1468375], [120.8011592, 27.1461988], [120.7956133, 27.145086], [120.7902113, 27.1435091], [120.7842766, 27.1411571], [120.7793456, 27.138639], [120.774706, 27.1357151], [120.7703997, 27.1324118], [120.7659362, 27.1282107], [120.7624711, 27.1241992], [120.7594502, 27.1199127], [120.7569007, 27.1153897], [120.7545938, 27.1099839], [120.7531267, 27.1050946], [120.7521883, 27.1001031], [120.7517872, 27.0950545], [120.751991, 27.0892736], [120.7527471, 27.0842569], [120.7540353, 27.0793267], [120.7558441, 27.0745277], [120.7585274, 27.0692593], [120.7613906, 27.0648857], [120.7647077, 27.060774], [120.7689063, 27.0565815], [120.7683244, 27.0534849], [120.7679232, 27.0484342], [120.7681271, 27.0426509], [120.7688832, 27.0376321], [120.7701714, 27.0326999], [120.7719802, 27.0278988], [120.7746635, 27.0226283], [120.7775267, 27.0182528], [120.7808438, 27.0141395], [120.7845847, 27.0103255], [120.7893355, 27.0063775], [120.7938662, 27.0033176], [120.7987028, 27.0006552], [120.8038015, 26.9984145], [120.8140102, 26.9950192], [120.8195127, 26.9937452], [120.830791, 26.9920253]]], [[[120.7540666, 27.0352309], [120.7512237, 27.0402686], [120.7477868, 27.0449448], [120.7443269, 27.0487428], [120.7404773, 27.0522306], [120.7362729, 27.0553766], [120.7310824, 27.0585171], [120.7262496, 27.0608392], [120.7211908, 27.0627416], [120.7159518, 27.0642072], [120.7098047, 27.0653303], [120.7043409, 27.0658204], [120.6980657, 27.0658113], [120.6926038, 27.0653055], [120.6793241, 27.0625053], [120.6733308, 27.0608495], [120.6682789, 27.0589324], [120.6634545, 27.0565963], [120.6589014, 27.0538624], [120.6540826, 27.0502826], [120.6502457, 27.0467836], [120.6467997, 27.0429756], [120.6396558, 27.0327768], [120.6367516, 27.0278218], [120.6347189, 27.0232775], [120.6331803, 27.0185815], [120.6321498, 27.0137762], [120.6316059, 27.0082066], [120.6318771, 27.0018071], [120.6316212, 26.9981385], [120.6307765, 26.9941991], [120.6302327, 26.9886285], [120.6303162, 26.9797582], [120.6309214, 26.9748941], [120.6320426, 26.9701032], [120.6339427, 26.9647729], [120.6351366, 26.962322], [120.6322884, 26.9574596], [120.6302557, 26.9529124], [120.6287171, 26.9482134], [120.6276866, 26.9434052], [120.6271428, 26.937832], [120.6272263, 26.9329369], [120.6278315, 26.9280708], [120.6299827, 26.9186861], [120.6318827, 26.9133534], [120.6340698, 26.9088617], [120.6367257, 26.9045756], [120.6398265, 26.9005339], [120.6438787, 26.896261], [120.6478334, 26.892863], [120.6521323, 26.8898156], [120.6567365, 26.8871464], [120.6623188, 26.8845899], [120.6674338, 26.8828079], [120.6727156, 26.8814676], [120.6781164, 26.8805811], [120.6835871, 26.8801566], [120.6907949, 26.8801979], [120.6962569, 26.8807045], [120.7016401, 26.881672], [120.7068959, 26.8830914], [120.7119765, 26.88495], [120.7168361, 26.8872309], [120.7214306, 26.8899134], [120.7325849, 26.897566], [120.7365271, 26.9009753], [120.7400882, 26.9047031], [120.7436499, 26.9093102], [120.7462902, 26.9136038], [120.7484609, 26.9181016], [120.7501422, 26.9227628], [120.7514453, 26.9282357], [120.7520327, 26.9331035], [120.7520971, 26.9378975], [120.7605597, 26.9453614], [120.7641208, 26.9490878], [120.7676825, 26.9536931], [120.7703228, 26.957985], [120.7714327, 26.9602839], [120.7751293, 26.9659412], [120.7773, 26.9704369], [120.7789813, 26.9750959], [120.7802844, 26.9805663], [120.7808718, 26.9854318], [120.7809376, 26.9903249], [120.7804811, 26.9952012], [120.7793255, 27.0006968], [120.7777698, 27.0053891], [120.7757206, 27.0099283], [120.7731964, 27.0142731], [120.7656396, 27.0247615], [120.7621797, 27.0285601], [120.7583301, 27.0320485], [120.7540666, 27.0352309]]], [[[120.4192099, 26.6180948], [120.4218502, 26.6223994], [120.4240209, 26.6269087], [120.4262421, 26.6338553], [120.4298574, 26.6407189], [120.4315387, 26.6453915], [120.4329708, 26.6519497], [120.4369564, 26.657997], [120.4391271, 26.6625049], [120.4408084, 26.6671766], [120.4434848, 26.6784907], [120.4440722, 26.6833693], [120.444138, 26.6882754], [120.4436815, 26.6931647], [120.4425259, 26.698675], [120.4409702, 26.7033799], [120.438921, 26.7079312], [120.4363968, 26.7122876], [120.4329598, 26.7169774], [120.4294999, 26.7207865], [120.4256504, 26.7242844], [120.413999, 26.7324031], [120.4099572, 26.7381356], [120.4064973, 26.741944], [120.4026477, 26.7454412], [120.3984434, 26.7485958], [120.3951447, 26.7505971], [120.3902036, 26.7544207], [120.3850131, 26.7575696], [120.3801802, 26.7598979], [120.3751214, 26.7618054], [120.3698824, 26.7632749], [120.3637353, 26.7644011], [120.3582716, 26.7648924], [120.3519964, 26.7648833], [120.3465344, 26.7643762], [120.3411512, 26.7634077], [120.3351578, 26.7617475], [120.330106, 26.7598254], [120.3252816, 26.7574831], [120.3231416, 26.7561948], [120.3122353, 26.7510452], [120.3076822, 26.7483038], [120.3028634, 26.7447143], [120.2990266, 26.7412059], [120.2955805, 26.7373875], [120.2925021, 26.7332007], [120.2870927, 26.7317018], [120.2820408, 26.7297792], [120.2772164, 26.7274363], [120.2726633, 26.7246944], [120.2678445, 26.7211041], [120.2640076, 26.717595], [120.2605616, 26.7137758], [120.2575376, 26.7096812], [120.2546333, 26.704712], [120.2526006, 26.7001547], [120.2510621, 26.6954453], [120.2500316, 26.6906263], [120.2495045, 26.6840547], [120.2483155, 26.6804147], [120.247285, 26.675595], [120.2467411, 26.6700087], [120.2468247, 26.665102], [120.2474299, 26.6602244], [120.2485511, 26.6554201], [120.2504512, 26.650075], [120.2526382, 26.645573], [120.2576974, 26.6372875], [120.2607981, 26.6332363], [120.265712, 26.6282112], [120.2710869, 26.6194869], [120.2741877, 26.615435], [120.27824, 26.6111513], [120.2821946, 26.6077449], [120.2864935, 26.6046898], [120.2910978, 26.6020139], [120.29668, 26.5994509], [120.3017951, 26.5976644], [120.3070769, 26.5963208], [120.3109067, 26.5956906], [120.3190932, 26.5935578], [120.3328836, 26.5914294], [120.3361274, 26.5902964], [120.3414092, 26.5889527], [120.3468099, 26.588064], [120.362237, 26.5864103], [120.3677282, 26.5864517], [120.3731902, 26.5869596], [120.3785734, 26.5879296], [120.3838291, 26.5893527], [120.3889098, 26.5912161], [120.3937694, 26.5935029], [120.3983639, 26.5961923], [120.4026517, 26.5992601], [120.406594, 26.6026782], [120.410155, 26.6064159], [120.4192099, 26.6180948]]], [[[120.526342, 26.3149711], [120.5299131, 26.3159403], [120.5349938, 26.3178082], [120.5398534, 26.3201004], [120.5444479, 26.3227962], [120.5487357, 26.3258713], [120.552678, 26.3292976], [120.556239, 26.3330441], [120.5598007, 26.3376743], [120.562441, 26.3419894], [120.5646117, 26.3465098], [120.5662931, 26.3511943], [120.5675961, 26.3566947], [120.5681836, 26.361587], [120.5680777, 26.3712747], [120.5676212, 26.3761775], [120.5664655, 26.3817031], [120.5649099, 26.386421], [120.5628607, 26.3909848], [120.5603364, 26.3953533], [120.5538096, 26.4042076], [120.5503497, 26.408027], [120.5465001, 26.4115345], [120.5374892, 26.4182342], [120.5322987, 26.4213924], [120.5274659, 26.4237275], [120.5167422, 26.427639], [120.5115032, 26.4291128], [120.5084294, 26.4296776], [120.5023227, 26.4320969], [120.4970837, 26.4335706], [120.4861301, 26.435776], [120.4806663, 26.4362688], [120.4743911, 26.4362597], [120.4689292, 26.435751], [120.4635459, 26.4347798], [120.4575526, 26.4331149], [120.4525007, 26.4311872], [120.4476763, 26.4288382], [120.4431232, 26.4260891], [120.4383044, 26.4224895], [120.431206, 26.4163577], [120.42776, 26.4125285], [120.4218177, 26.4047331], [120.4189134, 26.3997507], [120.4168808, 26.3951812], [120.4153422, 26.3904592], [120.4132817, 26.3817829], [120.4127379, 26.3761822], [120.4128215, 26.3663413], [120.4134266, 26.3614511], [120.4145478, 26.3566342], [120.4164479, 26.3512752], [120.4186349, 26.3467614], [120.4212908, 26.3424542], [120.4243916, 26.3383926], [120.4275213, 26.3350762], [120.4299646, 26.3298389], [120.4326205, 26.325531], [120.4357213, 26.3214688], [120.4397735, 26.3171742], [120.4437282, 26.313759], [120.4480271, 26.3106961], [120.4526313, 26.3080134], [120.4582135, 26.3054438], [120.4633286, 26.3036528], [120.4686104, 26.3023057], [120.4740111, 26.3014148], [120.4794819, 26.3009881], [120.4854881, 26.3010296], [120.49095, 26.3015388], [120.4963333, 26.3025111], [120.501589, 26.3039378], [120.5066697, 26.3058058], [120.5131401, 26.3090435], [120.518686, 26.3110378], [120.526342, 26.3149711]]], [[[120.3859739, 26.1073911], [120.3927791, 26.1055074], [120.3981799, 26.104615], [120.4036506, 26.1041876], [120.4091418, 26.1042291], [120.4146038, 26.1047392], [120.419987, 26.1057132], [120.4252428, 26.1071422], [120.4303234, 26.1090134], [120.435183, 26.1113098], [120.4397775, 26.1140105], [120.4440653, 26.117091], [120.4480076, 26.1205235], [120.4515686, 26.1242767], [120.4551303, 26.1289153], [120.4577707, 26.1332381], [120.4599413, 26.1377666], [120.4616227, 26.1424596], [120.4629257, 26.1479699], [120.4635132, 26.1528709], [120.4635789, 26.1577996], [120.4631225, 26.1627115], [120.4619668, 26.1682472], [120.4604111, 26.1729738], [120.4583619, 26.1775461], [120.4558377, 26.1819226], [120.4524008, 26.1866341], [120.4489409, 26.1904607], [120.4450913, 26.1939748], [120.4378829, 26.1994164], [120.4326923, 26.2025805], [120.4278595, 26.2049201], [120.4228007, 26.2068368], [120.4175617, 26.2083134], [120.4114146, 26.209445], [120.4059508, 26.2099387], [120.3996756, 26.2099296], [120.3942137, 26.20942], [120.3888305, 26.2084469], [120.3828371, 26.2067786], [120.3777852, 26.2048472], [120.3729609, 26.2024936], [120.3684077, 26.1997392], [120.3635889, 26.1961325], [120.3597521, 26.1926073], [120.356306, 26.1887707], [120.3532821, 26.1846574], [120.3503778, 26.1796655], [120.3483451, 26.1750874], [120.3468065, 26.1703564], [120.345776, 26.1655154], [120.3452322, 26.1599044], [120.3453157, 26.1549759], [120.3459209, 26.1500767], [120.3470421, 26.1452511], [120.3492855, 26.1389577], [120.3514725, 26.1344357], [120.3541284, 26.1301206], [120.3572292, 26.1260515], [120.3612815, 26.1217496], [120.3660515, 26.1175966], [120.3703504, 26.1145286], [120.3749547, 26.1118413], [120.3805369, 26.1092674], [120.3859739, 26.1073911]]], [[[120.2759158, 26.3168891], [120.2794775, 26.3215199], [120.2821178, 26.3258357], [120.2842885, 26.3303566], [120.2859699, 26.3350418], [120.2872729, 26.340543], [120.2878604, 26.3454359], [120.2879261, 26.3503565], [120.2874697, 26.3552602], [120.286314, 26.3607868], [120.2847583, 26.3655055], [120.2827091, 26.3700702], [120.2801849, 26.3744395], [120.2767479, 26.3791432], [120.2732881, 26.3829635], [120.2694385, 26.3864717], [120.2652341, 26.3896361], [120.2600436, 26.3927951], [120.2552108, 26.3951308], [120.2501519, 26.3970444], [120.2449129, 26.3985186], [120.2387658, 26.3996483], [120.2333021, 26.4001412], [120.2270269, 26.4001321], [120.221565, 26.3996233], [120.2161817, 26.3986518], [120.2101884, 26.3969863], [120.2051365, 26.395058], [120.2003121, 26.3927083], [120.194729, 26.3893433], [120.1899102, 26.3857425], [120.1860734, 26.3822231], [120.1826743, 26.3784449], [120.1744004, 26.3711502], [120.1709544, 26.3673195], [120.1662138, 26.3610592], [120.1633095, 26.3560749], [120.1612768, 26.3515037], [120.1597382, 26.3467799], [120.1587077, 26.3419462], [120.1581639, 26.3363437], [120.1582475, 26.3314227], [120.1588526, 26.326531], [120.1599738, 26.3217127], [120.1618739, 26.3163521], [120.1640609, 26.3118369], [120.1667168, 26.3075284], [120.1698176, 26.3034655], [120.1738699, 26.2991702], [120.1778245, 26.2957545], [120.1821234, 26.2926912], [120.1867277, 26.290008], [120.1923099, 26.2874381], [120.197425, 26.2856467], [120.2027068, 26.2842994], [120.2081075, 26.2834084], [120.2135782, 26.2829816], [120.2190695, 26.2830231], [120.2245314, 26.2835324], [120.2299146, 26.2845049], [120.2351704, 26.2859318], [120.2402511, 26.2878001], [120.2451107, 26.2900929], [120.2497052, 26.2927895], [120.253993, 26.2958653], [120.2579352, 26.2992925], [120.2611042, 26.3026274], [120.2654883, 26.3063713], [120.2759158, 26.3168891]]], [[[119.4938724, 25.0347337], [119.489668, 25.0379343], [119.4844775, 25.0411294], [119.4796447, 25.0434918], [119.4745858, 25.0454273], [119.4693468, 25.0469183], [119.4546167, 25.0499271], [119.4491529, 25.0504257], [119.4428777, 25.0504165], [119.4374158, 25.0499019], [119.4320326, 25.0489193], [119.4260392, 25.0472348], [119.4209873, 25.0452845], [119.416163, 25.0429079], [119.4116098, 25.0401266], [119.406791, 25.0364847], [119.4029542, 25.0329252], [119.3995081, 25.0290512], [119.3964842, 25.0248978], [119.3935799, 25.0198572], [119.3905172, 25.0127455], [119.3889787, 25.0079684], [119.3879481, 25.0030801], [119.3874043, 24.9974143], [119.3874879, 24.9924377], [119.388093, 24.9874907], [119.3892142, 24.9826181], [119.3938609, 24.9694164], [119.3960479, 24.96485], [119.3987038, 24.9604925], [119.4018046, 24.9563836], [119.4058569, 24.9520396], [119.4098115, 24.9485851], [119.4141104, 24.945487], [119.4187147, 24.9427734], [119.4242969, 24.9401744], [119.429412, 24.9383627], [119.4346938, 24.9370001], [119.439551, 24.9361897], [119.4461805, 24.9325001], [119.4517627, 24.9299008], [119.4568778, 24.928089], [119.4621596, 24.9267263], [119.4675603, 24.9258251], [119.4730311, 24.9253935], [119.4785223, 24.9254354], [119.4839842, 24.9259505], [119.4893675, 24.9269341], [119.4946232, 24.9283773], [119.4997039, 24.930267], [119.5045635, 24.932586], [119.509158, 24.9353133], [119.5134458, 24.9384243], [119.517388, 24.9418906], [119.523009, 24.94786], [119.5265707, 24.9525443], [119.529211, 24.9569098], [119.5313817, 24.9614829], [119.5330631, 24.9662221], [119.5343661, 24.9717868], [119.5349536, 24.9767362], [119.5350193, 24.9817136], [119.5345629, 24.9866739], [119.5334072, 24.9922643], [119.5318515, 24.9970376], [119.5298023, 25.001655], [119.5272781, 25.0060748], [119.5238412, 25.0108328], [119.5203813, 25.0146972], [119.5165317, 25.018246], [119.5123273, 25.021447], [119.5010519, 25.028186], [119.4938724, 25.0347337]]], [[[118.2479985, 24.1108159], [118.2532542, 24.1122685], [118.2583349, 24.1141705], [118.2631945, 24.1165046], [118.267789, 24.1192498], [118.2720768, 24.122381], [118.2760191, 24.12587], [118.2795801, 24.129685], [118.2831418, 24.1343999], [118.2857821, 24.138794], [118.2879528, 24.143397], [118.2896341, 24.1481673], [118.2909372, 24.1537684], [118.2915246, 24.1587502], [118.2915904, 24.1637602], [118.2911339, 24.168753], [118.2899783, 24.17438], [118.2884226, 24.1791846], [118.2863734, 24.1838322], [118.2838492, 24.188281], [118.2804122, 24.1930702], [118.2769523, 24.19696], [118.2731028, 24.200532], [118.2688984, 24.2037541], [118.2637079, 24.2069705], [118.258875, 24.2093488], [118.2538162, 24.2112972], [118.2485772, 24.2127982], [118.2424301, 24.2139485], [118.2369663, 24.2144504], [118.2306912, 24.2144411], [118.2252292, 24.2139231], [118.219846, 24.2129338], [118.2138526, 24.211238], [118.2088008, 24.2092747], [118.2039764, 24.2068822], [118.1994232, 24.2040822], [118.1946044, 24.2004159], [118.1907676, 24.1968325], [118.1873216, 24.1929325], [118.1842976, 24.1887512], [118.1813933, 24.1836769], [118.1793606, 24.1790232], [118.1778221, 24.1742141], [118.1767916, 24.1692931], [118.1762477, 24.1635895], [118.1763313, 24.1585797], [118.1769364, 24.1535997], [118.1780576, 24.1486945], [118.1799577, 24.1432371], [118.1821447, 24.1386406], [118.1848007, 24.1342544], [118.1879014, 24.1301183], [118.1919537, 24.1257455], [118.1959083, 24.1222682], [118.2002073, 24.1191497], [118.2048115, 24.1164182], [118.2103937, 24.113802], [118.2155088, 24.1119784], [118.2207906, 24.1106068], [118.2261913, 24.1096997], [118.2316621, 24.1092653], [118.2371533, 24.1093075], [118.2426152, 24.1098259], [118.2479985, 24.1108159]]], [[[117.3059403, 23.2059118], [117.311021, 23.207827], [117.3158806, 23.2101774], [117.3204751, 23.2129416], [117.3247629, 23.2160946], [117.3287051, 23.2196079], [117.3322662, 23.2234495], [117.3358279, 23.2281972], [117.3373324, 23.2307184], [117.3418792, 23.2354381], [117.3452135, 23.2398823], [117.3508056, 23.245533], [117.3543673, 23.2502799], [117.3570076, 23.2547038], [117.3584718, 23.2578298], [117.3611275, 23.2622739], [117.3632982, 23.266908], [117.3649795, 23.2717104], [117.3662826, 23.2773493], [117.36687, 23.2823647], [117.3669358, 23.292454], [117.3664793, 23.2974803], [117.3653237, 23.3031451], [117.363768, 23.3079819], [117.3617188, 23.3126607], [117.3591946, 23.3171394], [117.3557576, 23.3219607], [117.3522977, 23.3258766], [117.3484482, 23.3294727], [117.3442438, 23.3327163], [117.3390533, 23.3359544], [117.3342204, 23.3383486], [117.3291616, 23.3403101], [117.3239226, 23.3418212], [117.3177755, 23.3429793], [117.3123117, 23.3434845], [117.3060366, 23.3434752], [117.3005746, 23.3429537], [117.2951914, 23.3419578], [117.289198, 23.3402506], [117.2841462, 23.338274], [117.2793218, 23.3358655], [117.2747686, 23.3330467], [117.2699498, 23.3293557], [117.266113, 23.3257482], [117.2639826, 23.323321], [117.2548436, 23.316745], [117.2510068, 23.3131371], [117.2484453, 23.3102185], [117.2417974, 23.3053943], [117.2379605, 23.3017861], [117.2345145, 23.2978592], [117.2314905, 23.2936492], [117.2285862, 23.2885398], [117.2265536, 23.283854], [117.2252233, 23.2796673], [117.2202881, 23.2777356], [117.2154638, 23.2753259], [117.2109106, 23.2725058], [117.2060918, 23.2688132], [117.202255, 23.2652041], [117.198809, 23.2612761], [117.195785, 23.2570649], [117.1915074, 23.2494306], [117.1894747, 23.2447434], [117.1879361, 23.2398998], [117.1855323, 23.2273718], [117.1849885, 23.2216268], [117.1852262, 23.2153034], [117.1850721, 23.2077459], [117.1856772, 23.2027295], [117.1867984, 23.1977885], [117.1886985, 23.1922913], [117.1908855, 23.1876612], [117.1935414, 23.183243], [117.1966422, 23.1790767], [117.2006945, 23.174672], [117.2046491, 23.1711694], [117.208948, 23.1680281], [117.2135523, 23.1652767], [117.2191345, 23.1626413], [117.2242496, 23.1608044], [117.2295314, 23.1594229], [117.2349321, 23.1585091], [117.2404029, 23.1580716], [117.2458941, 23.1581141], [117.251356, 23.1586363], [117.2567393, 23.1596336], [117.261995, 23.1610967], [117.2670757, 23.1630126], [117.2719353, 23.1653637], [117.2765298, 23.1681289], [117.2808176, 23.171283], [117.2847598, 23.1747974], [117.2883209, 23.1786403], [117.2918826, 23.1833896], [117.2945229, 23.1878157], [117.2966936, 23.1924524], [117.2983749, 23.1972575], [117.2998411, 23.2042929], [117.3059403, 23.2059118]]], [[[111.0679883, 19.7110921], [111.066561, 19.7162915], [111.0646825, 19.7210984], [111.0618155, 19.726565], [111.0608912, 19.7299797], [111.0603567, 19.7386164], [111.0613592, 19.7426049], [111.0621028, 19.7476779], [111.0623307, 19.7527943], [111.0619573, 19.7586353], [111.0605251, 19.7656702], [111.0609574, 19.7721804], [111.0604551, 19.7787622], [111.0609574, 19.7857493], [111.0603523, 19.7929218], [111.0609574, 19.8006091], [111.060584, 19.8064484], [111.0597058, 19.8115003], [111.0581141, 19.8169804], [111.0578374, 19.8213063], [111.0569592, 19.8263577], [111.0553675, 19.8318373], [111.0550908, 19.8361628], [111.0542127, 19.8412137], [111.0528281, 19.8461631], [111.0509496, 19.8509662], [111.0490997, 19.8545273], [111.048911, 19.8574762], [111.0480329, 19.8625265], [111.0466483, 19.8674752], [111.0447698, 19.8722776], [111.0435144, 19.8746938], [111.0425397, 19.8812535], [111.0411551, 19.8862016], [111.0397587, 19.8897711], [111.0391065, 19.8935217], [111.0377219, 19.8984695], [111.0357202, 19.9035081], [111.0349866, 19.9077258], [111.033602, 19.9126731], [111.0317235, 19.9174742], [111.0302307, 19.9203467], [111.0287955, 19.9255845], [111.026917, 19.9303851], [111.0232256, 19.9370903], [111.021929, 19.9417222], [111.0200506, 19.9465223], [111.017321, 19.9517734], [111.014856, 19.955498], [111.0124975, 19.9620125], [111.0094271, 19.9677779], [111.0090855, 19.9743261], [111.0082074, 19.9793726], [111.0065663, 19.9849732], [111.006339, 19.988523], [111.0054608, 19.993569], [111.0040763, 19.9985137], [111.0021978, 20.0033121], [110.9987569, 20.0096357], [110.9978965, 20.0127083], [110.996018, 20.0175063], [110.9932884, 20.0227551], [110.9904144, 20.0270957], [110.9883166, 20.0296792], [110.9850487, 20.0363025], [110.9821746, 20.0406428], [110.9788745, 20.0447066], [110.9751781, 20.0484573], [110.9705115, 20.0523169], [110.9660829, 20.0552862], [110.9613739, 20.0578465], [110.9564271, 20.0599748], [110.95054, 20.0618534], [110.9452368, 20.0629961], [110.9336622, 20.0643052], [110.9274472, 20.0644704], [110.9192074, 20.0644704], [110.9137812, 20.0640941], [110.9076594, 20.0630732], [110.9024269, 20.0616721], [110.8973599, 20.0598101], [110.8925043, 20.0575041], [110.8872701, 20.0543519], [110.8851574, 20.0527728], [110.8835223, 20.0520131], [110.8780439, 20.0526952], [110.8718289, 20.0528605], [110.8664491, 20.0524873], [110.8600928, 20.0539662], [110.8548373, 20.0546131], [110.8513703, 20.0561048], [110.8454833, 20.0579835], [110.8401801, 20.0591262], [110.8347852, 20.0597903], [110.8285702, 20.0599555], [110.8248188, 20.0596954], [110.8200774, 20.0612084], [110.8168811, 20.0618972], [110.8147606, 20.0659737], [110.8118866, 20.0703131], [110.8085324, 20.074431], [110.8057067, 20.0786972], [110.8024066, 20.0827601], [110.7987102, 20.0865099], [110.7940436, 20.0903685], [110.789615, 20.0933371], [110.784906, 20.0958968], [110.7799592, 20.0980245], [110.7749468, 20.0996237], [110.7712436, 20.1031223], [110.7686279, 20.1070708], [110.7661319, 20.1101431], [110.7639488, 20.1143386], [110.7594488, 20.120678], [110.7582572, 20.1249302], [110.7565563, 20.1292714], [110.7555219, 20.1367519], [110.7541373, 20.1416921], [110.751798, 20.1473715], [110.7500174, 20.1545846], [110.748139, 20.1593782], [110.7454094, 20.1646222], [110.7434055, 20.1676459], [110.7424756, 20.173494], [110.741091, 20.178433], [110.7392126, 20.1832259], [110.736483, 20.1884691], [110.733609, 20.1928051], [110.7303088, 20.196865], [110.7266124, 20.200612], [110.7219458, 20.2044679], [110.7175172, 20.2074343], [110.7128082, 20.2099921], [110.7078614, 20.2121183], [110.7019744, 20.2139951], [110.6966711, 20.2151368], [110.6912763, 20.2158001], [110.6850613, 20.2159652], [110.6796351, 20.2155893], [110.6735133, 20.2145694], [110.6682808, 20.2131696], [110.6616229, 20.2105547], [110.6593544, 20.2099478], [110.6542874, 20.2080876], [110.6494317, 20.2057838], [110.6441976, 20.2026346], [110.6399399, 20.1994552], [110.6360236, 20.1959104], [110.6276775, 20.1862321], [110.6241346, 20.1814365], [110.6215056, 20.1769653], [110.6193413, 20.1722796], [110.6174066, 20.1663106], [110.6152424, 20.1659499], [110.6088789, 20.1668221], [110.6026638, 20.1669872], [110.5972376, 20.1666111], [110.5911159, 20.1655909], [110.5858834, 20.1641908], [110.5808163, 20.16233], [110.573998, 20.1588443], [110.5663476, 20.1555134], [110.5611134, 20.1523632], [110.5568558, 20.1491828], [110.5528852, 20.1455773], [110.5451108, 20.1429918], [110.5402551, 20.140687], [110.5350209, 20.1375365], [110.5306141, 20.1342207], [110.5296042, 20.1378241], [110.5277257, 20.1426182], [110.5249962, 20.1478628], [110.5221221, 20.1522], [110.518822, 20.156261], [110.5151256, 20.160009], [110.510459, 20.1638658], [110.5060304, 20.166833], [110.5013214, 20.1693915], [110.4963746, 20.1715182], [110.4904875, 20.1733955], [110.4851843, 20.1745374], [110.4797895, 20.175201], [110.4761679, 20.1752972], [110.4707648, 20.176471], [110.4653699, 20.1771345], [110.4586467, 20.1772644], [110.4509504, 20.1784235], [110.4447354, 20.1785887], [110.438566, 20.1780888], [110.4358442, 20.1784235], [110.4296292, 20.1785887], [110.424203, 20.1782126], [110.415995, 20.1766343], [110.4097834, 20.1762791], [110.4036616, 20.175259], [110.3984291, 20.1738589], [110.3933621, 20.1719982], [110.388007, 20.1693933], [110.3850642, 20.1691893], [110.3789424, 20.1681691], [110.3737099, 20.166769], [110.3686429, 20.1649082], [110.3637872, 20.1626038], [110.358553, 20.1594537], [110.3542954, 20.1562735], [110.3499581, 20.1522663], [110.3459344, 20.1503565], [110.3407002, 20.1472062], [110.3374792, 20.1448001], [110.3321206, 20.1421589], [110.325384, 20.141096], [110.3201515, 20.1396956], [110.3150845, 20.1378345], [110.3102289, 20.1355296], [110.3077581, 20.1340424], [110.3022988, 20.1326041], [110.296749, 20.1305138], [110.2892525, 20.1287359], [110.2816417, 20.1256672], [110.2738276, 20.1253545], [110.2702823, 20.1247635], [110.2640845, 20.1261912], [110.2586896, 20.1268549], [110.2450493, 20.1269814], [110.2408369, 20.1274996], [110.2346218, 20.1276648], [110.2291956, 20.1272886], [110.2230739, 20.1262682], [110.2181763, 20.1249573], [110.2133358, 20.1250859], [110.2079096, 20.1247098], [110.2017878, 20.1236893], [110.1965553, 20.1222887], [110.1888718, 20.1191853], [110.1828678, 20.1191228], [110.1776655, 20.1197629], [110.1714504, 20.1199281], [110.1660243, 20.1195519], [110.1599025, 20.1185314], [110.1526897, 20.1164034], [110.1454829, 20.1153076], [110.1402504, 20.113907], [110.1351834, 20.1120456], [110.1303277, 20.1097404], [110.1250936, 20.1065892], [110.1208359, 20.1034079], [110.1169196, 20.0998609], [110.11338, 20.0959803], [110.1098371, 20.091182], [110.1070434, 20.0863515], [110.102284, 20.080219], [110.099655, 20.0757448], [110.0974907, 20.0710561], [110.0958107, 20.0661952], [110.0945031, 20.0604856], [110.0939063, 20.0554055], [110.0938289, 20.0502654], [110.0907326, 20.0466957], [110.0849938, 20.0442846], [110.0816249, 20.0437227], [110.0769078, 20.0424595], [110.0726405, 20.0421635], [110.0656933, 20.0409214], [110.0581539, 20.0412497], [110.0527278, 20.0408733], [110.046606, 20.0398523], [110.0413735, 20.038451], [110.0363064, 20.0365887], [110.0314508, 20.0342824], [110.0262166, 20.0311297], [110.0212194, 20.0272768], [110.0179769, 20.0253236], [110.0137192, 20.0221407], [110.0098029, 20.0185919], [110.0074041, 20.0159606], [110.0008591, 20.0159738], [109.9983391, 20.0208196], [109.995465, 20.0251604], [109.9921649, 20.0292246], [109.9884685, 20.0329757], [109.9838019, 20.0368356], [109.9793733, 20.0398052], [109.9746643, 20.0423658], [109.9697175, 20.0444942], [109.9638304, 20.0463731], [109.9585272, 20.0475159], [109.9531324, 20.04818], [109.9469174, 20.0483453], [109.9414912, 20.0479689], [109.9353694, 20.046948], [109.9301369, 20.0455467], [109.924352, 20.0433436], [109.9188899, 20.0424326], [109.9139924, 20.041121], [109.9084021, 20.0423555], [109.9031287, 20.0430047], [109.8953558, 20.0449358], [109.889961, 20.0455999], [109.883746, 20.0457651], [109.8770039, 20.0451693], [109.86995, 20.0468709], [109.8645551, 20.047535], [109.8583401, 20.0477003], [109.8529139, 20.0473239], [109.8443661, 20.0456532], [109.8381743, 20.0476632], [109.8328711, 20.048806], [109.8274763, 20.0494701], [109.8212612, 20.0496354], [109.8158351, 20.049259], [109.8097133, 20.048238], [109.8044808, 20.0468368], [109.7994137, 20.0449746], [109.7945581, 20.0426684], [109.7854781, 20.0370512], [109.7777016, 20.0352256], [109.7704713, 20.0323358], [109.766682, 20.0362011], [109.7620154, 20.040061], [109.7575868, 20.0430305], [109.7528778, 20.0455911], [109.7488648, 20.0473177], [109.7418914, 20.0513964], [109.7369447, 20.0535247], [109.7310576, 20.0554035], [109.7226534, 20.056928], [109.7173247, 20.0586285], [109.7120215, 20.0597712], [109.7066267, 20.0604353], [109.7004116, 20.0606005], [109.6949854, 20.0602242], [109.6908507, 20.0595347], [109.6825588, 20.0599555], [109.6771327, 20.0595792], [109.6710109, 20.0585583], [109.6683191, 20.0578375], [109.6619595, 20.0580206], [109.6565333, 20.0576442], [109.6504115, 20.0566233], [109.645179, 20.0552221], [109.6392576, 20.0529543], [109.6332784, 20.051475], [109.6296871, 20.0515704], [109.624261, 20.0511941], [109.6181392, 20.0501731], [109.6136138, 20.0489613], [109.6070948, 20.048614], [109.600973, 20.047593], [109.5957405, 20.0461918], [109.5906735, 20.0443296], [109.5850912, 20.0415857], [109.5772011, 20.0397412], [109.5721341, 20.0378789], [109.5672784, 20.0355726], [109.5620442, 20.0324199], [109.5577866, 20.0292372], [109.5538703, 20.0256885], [109.5499394, 20.0212758], [109.5448781, 20.018227], [109.5406205, 20.015044], [109.5367041, 20.011495], [109.5331646, 20.0076122], [109.5311295, 20.0048544], [109.5273452, 20.0013423], [109.5239798, 19.9996509], [109.5160896, 19.9978058], [109.5110226, 19.9959431], [109.506167, 19.9936362], [109.5009328, 19.9904827], [109.4966752, 19.987299], [109.4927588, 19.9837494], [109.4892193, 19.9798659], [109.4856764, 19.975064], [109.4830473, 19.9705869], [109.48107, 19.9663003], [109.4782408, 19.9615517], [109.4760765, 19.9568595], [109.4743965, 19.9519951], [109.4730889, 19.9462814], [109.4727235, 19.9431687], [109.4685102, 19.93763], [109.4658812, 19.9331518], [109.4637169, 19.9284588], [109.4621033, 19.923786], [109.458061, 19.924284], [109.4521499, 19.9244413], [109.4449164, 19.9262015], [109.4395216, 19.9268661], [109.4333065, 19.9270315], [109.4278803, 19.9266549], [109.4207688, 19.9253679], [109.4181948, 19.9268098], [109.4131995, 19.9310062], [109.4087709, 19.9339777], [109.4040619, 19.9365401], [109.3991151, 19.9386699], [109.393228, 19.9405501], [109.3879248, 19.9416937], [109.38253, 19.9423582], [109.3754157, 19.9424612], [109.3705374, 19.943731], [109.3671942, 19.9464978], [109.3627656, 19.9494691], [109.3585982, 19.9517365], [109.3567546, 19.9536083], [109.352088, 19.9574702], [109.3476594, 19.9604413], [109.3429504, 19.9630032], [109.3380036, 19.9651327], [109.3321166, 19.9670125], [109.3268134, 19.9681559], [109.3214185, 19.9688203], [109.3152035, 19.9689857], [109.3078678, 19.9682905], [109.3035657, 19.9688203], [109.2973507, 19.9689857], [109.2919245, 19.9686091], [109.2858027, 19.9675876], [109.2805702, 19.9661857], [109.2768345, 19.9648121], [109.2688973, 19.9629588], [109.2638302, 19.9610956], [109.2606476, 19.9595832], [109.2531044, 19.9577956], [109.2480374, 19.9559324], [109.2431817, 19.9536248], [109.2379476, 19.9504706], [109.2320923, 19.9458378], [109.2255879, 19.9420796], [109.2213303, 19.938895], [109.217414, 19.9353443], [109.2138744, 19.9314596], [109.2103315, 19.9266563], [109.2077025, 19.9221778], [109.2055382, 19.9174845], [109.2038582, 19.9126188], [109.2031937, 19.9097146], [109.1995461, 19.9087369], [109.194479, 19.9068731], [109.1896234, 19.9045649], [109.1843892, 19.9014096], [109.1801316, 19.8982242], [109.1762152, 19.8946726], [109.1726757, 19.8907869], [109.1706406, 19.8880271], [109.1663433, 19.8839492], [109.1635309, 19.8826121], [109.1582967, 19.8794564], [109.154039, 19.8762705], [109.1487969, 19.8712627], [109.1452504, 19.8691244], [109.1409928, 19.8659383], [109.1370765, 19.862386], [109.1335369, 19.8584995], [109.129994, 19.8536939], [109.1282692, 19.8507544], [109.1247168, 19.8475319], [109.1211773, 19.8436451], [109.1176344, 19.838839], [109.1150053, 19.8343581], [109.1135369, 19.831172], [109.1101909, 19.8274974], [109.106648, 19.8226909], [109.104019, 19.8182094], [109.1018547, 19.8135131], [109.1001747, 19.8086442], [109.0988671, 19.8029254], [109.0982703, 19.797837], [109.0981904, 19.7927181], [109.0987445, 19.7870205], [109.0982703, 19.7829769], [109.0981904, 19.7778575], [109.0986279, 19.772754], [109.0997563, 19.7670001], [109.1040301, 19.7536846], [109.1065692, 19.7479721], [109.1039146, 19.7424376], [109.1022347, 19.7375666], [109.1006417, 19.7294111], [109.0981148, 19.7227009], [109.0968071, 19.7169789], [109.0962104, 19.7118878], [109.0961532, 19.708223], [109.0946816, 19.7039552], [109.0933739, 19.6982326], [109.0927772, 19.6931408], [109.0926972, 19.6880186], [109.0933872, 19.6816244], [109.0857874, 19.6770386], [109.0798092, 19.6749276], [109.0749536, 19.672616], [109.0697194, 19.6694561], [109.0633489, 19.6643507], [109.0475369, 19.6587628], [109.0409993, 19.6554355], [109.0379237, 19.6549213], [109.0326912, 19.6535166], [109.0276242, 19.6516498], [109.0227685, 19.6493378], [109.019702, 19.6474863], [109.0042781, 19.6445747], [108.9921791, 19.6412299], [108.9871121, 19.6393629], [108.9822565, 19.6370508], [108.9770223, 19.6338903], [108.9727646, 19.6306995], [108.9688483, 19.6271419], [108.9653087, 19.6232497], [108.9617658, 19.618437], [108.9596873, 19.6148895], [108.9544287, 19.6103255], [108.9502577, 19.6055751], [108.9466721, 19.6028874], [108.9427558, 19.5993292], [108.9392162, 19.5954363], [108.9358459, 19.5908573], [108.9286816, 19.5827318], [108.9245782, 19.5807772], [108.9175261, 19.5762526], [108.9101587, 19.5730137], [108.9049245, 19.5698519], [108.9006669, 19.5666599], [108.8978037, 19.5640579], [108.8924271, 19.5601898], [108.8885108, 19.5566307], [108.8849712, 19.5527367], [108.8814283, 19.547922], [108.8787993, 19.5434328], [108.8773238, 19.5402256], [108.8762793, 19.5392763], [108.8733388, 19.5374996], [108.8688755, 19.53412], [108.8634668, 19.5316025], [108.8582326, 19.5284398], [108.853975, 19.525247], [108.8496145, 19.5211983], [108.8435295, 19.5176815], [108.84017, 19.5164428], [108.8353143, 19.5141289], [108.831542, 19.5118493], [108.8264371, 19.5099707], [108.8215814, 19.5076567], [108.817946, 19.5054598], [108.8112817, 19.5024788], [108.8093369, 19.5013035], [108.8019783, 19.4995416], [108.7969113, 19.4976731], [108.7920556, 19.4953589], [108.7868215, 19.4921956], [108.7825638, 19.489002], [108.7786475, 19.4854413], [108.7751079, 19.4815456], [108.7715843, 19.4767549], [108.7690345, 19.4744365], [108.7654949, 19.4705406], [108.761952, 19.4657234], [108.759323, 19.4612319], [108.7566748, 19.4551198], [108.7545285, 19.4522288], [108.7489182, 19.4482167], [108.7469408, 19.4464183], [108.7419797, 19.4445882], [108.737124, 19.4422733], [108.7328393, 19.4396829], [108.7275599, 19.4387991], [108.7223274, 19.4373925], [108.7065861, 19.4311249], [108.7007227, 19.4307587], [108.694601, 19.4297338], [108.6871133, 19.4278021], [108.6834896, 19.4278988], [108.6780634, 19.427521], [108.6719417, 19.426496], [108.6667092, 19.4250893], [108.6616421, 19.4232199], [108.6567865, 19.4209047], [108.6515523, 19.4177399], [108.6472947, 19.4145449], [108.6421525, 19.4096327], [108.6363083, 19.4054782], [108.632392, 19.4019156], [108.6288524, 19.398018], [108.6243208, 19.3915088], [108.6200324, 19.3876667], [108.6164928, 19.3837687], [108.6129499, 19.3789489], [108.6103209, 19.3744551], [108.6081566, 19.3697457], [108.6064766, 19.3648635], [108.605169, 19.3591288], [108.6045722, 19.3540264], [108.6044927, 19.3488886], [108.6040245, 19.3469478], [108.6000539, 19.3445459], [108.5957962, 19.3413494], [108.5918799, 19.3377855], [108.5883404, 19.3338863], [108.5847974, 19.329065], [108.5821684, 19.3245698], [108.5800041, 19.3198591], [108.5778327, 19.3128195], [108.5759886, 19.3096661], [108.5738243, 19.3049549], [108.5721443, 19.3000707], [108.5708367, 19.2943338], [108.5702242, 19.2882157], [108.5693977, 19.2858128], [108.5680901, 19.2800754], [108.5674934, 19.2749705], [108.5674134, 19.269835], [108.5678509, 19.2647154], [108.5689794, 19.2589434], [108.5705065, 19.2540134], [108.5725232, 19.2492425], [108.574616, 19.2453996], [108.5743335, 19.2415149], [108.57221, 19.233403], [108.5716132, 19.2282966], [108.5715931, 19.2224595], [108.5708367, 19.2191393], [108.5702399, 19.2140325], [108.57016, 19.2088951], [108.5705975, 19.2037737], [108.5715774, 19.1987598], [108.5719708, 19.1908044], [108.5730992, 19.1850298], [108.5746264, 19.1800975], [108.576643, 19.1753246], [108.5791309, 19.1707541], [108.5825221, 19.1658318], [108.5859387, 19.161832], [108.5897424, 19.1581569], [108.5938986, 19.15484], [108.5968511, 19.1529339], [108.5947862, 19.1516834], [108.5881219, 19.1486959], [108.5828877, 19.1455259], [108.5786301, 19.1423255], [108.5747138, 19.1387572], [108.5711742, 19.1348533], [108.5676313, 19.1300262], [108.5650023, 19.1255256], [108.562838, 19.1208091], [108.561158, 19.1159194], [108.5598504, 19.1101761], [108.5592536, 19.1050659], [108.5591736, 19.0999251], [108.5594339, 19.096877], [108.5591736, 19.0901921], [108.5596112, 19.085067], [108.5607396, 19.0792887], [108.5626395, 19.0734706], [108.5630444, 19.0662477], [108.5641728, 19.0604688], [108.5657, 19.0555328], [108.5687887, 19.0487854], [108.5692242, 19.043532], [108.5703526, 19.0377522], [108.5721693, 19.0321297], [108.5730992, 19.0273665], [108.5746264, 19.0224295], [108.576643, 19.017652], [108.5795907, 19.0124092], [108.5814928, 19.0055508], [108.5835095, 19.0007728], [108.5853574, 18.9973745], [108.5878457, 18.9898798], [108.5881677, 18.9882297], [108.5880338, 18.9837964], [108.5866295, 18.977767], [108.5853461, 18.9648604], [108.5852662, 18.9597153], [108.5857037, 18.9545861], [108.5868321, 18.9488033], [108.589219, 18.9418265], [108.5902654, 18.9364636], [108.5917925, 18.9315239], [108.5947461, 18.9250199], [108.592057, 18.9179227], [108.5907494, 18.9121725], [108.5902933, 18.908262], [108.5868706, 18.9013821], [108.5851906, 18.896486], [108.5844115, 18.8930598], [108.5821684, 18.8892143], [108.5800041, 18.8844911], [108.5779525, 18.8779601], [108.5758842, 18.8734461], [108.5742043, 18.8685492], [108.5728549, 18.8624397], [108.5703911, 18.8572021], [108.5687111, 18.8523047], [108.5674035, 18.8465522], [108.5668067, 18.841434], [108.5661201, 18.8342855], [108.5660401, 18.8291363], [108.5664776, 18.8240031], [108.5676061, 18.8182158], [108.5691332, 18.8132726], [108.5711499, 18.8084891], [108.5736378, 18.8039086], [108.577029, 18.7989754], [108.5804456, 18.7949668], [108.5842492, 18.7912836], [108.5884054, 18.7879594], [108.5949514, 18.7839119], [108.5980184, 18.7814586], [108.6031518, 18.7781373], [108.6079332, 18.7756789], [108.6129397, 18.773662], [108.6185612, 18.7720161], [108.6211556, 18.7665265], [108.6214093, 18.7635497], [108.6225377, 18.7577603], [108.6244376, 18.751931], [108.6248425, 18.7446942], [108.6259709, 18.7389042], [108.6274981, 18.7339587], [108.6295147, 18.7291729], [108.6309672, 18.7264974], [108.6314641, 18.7239478], [108.6330713, 18.718812], [108.6342107, 18.7128923], [108.6357378, 18.707946], [108.6370531, 18.7048243], [108.6367646, 18.6952037], [108.6372021, 18.6900664], [108.6388446, 18.6826092], [108.6392621, 18.6777077], [108.6403905, 18.6719154], [108.6423001, 18.66606], [108.6415824, 18.6530008], [108.6395012, 18.6449837], [108.6389045, 18.6398593], [108.6388245, 18.6347042], [108.6390858, 18.6316355], [108.6379081, 18.6255285], [108.6350401, 18.6206877], [108.6328758, 18.615957], [108.6311958, 18.6110526], [108.6298373, 18.6048546], [108.6281643, 18.6011975], [108.6240538, 18.5946577], [108.6218895, 18.5899262], [108.6202095, 18.5850211], [108.6187887, 18.5782869], [108.6167763, 18.5726547], [108.6154686, 18.5668927], [108.6148719, 18.561766], [108.6147919, 18.5566085], [108.6152144, 18.5516448], [108.6140954, 18.5467134], [108.6134986, 18.541586], [108.6134186, 18.536428], [108.6138562, 18.5312859], [108.6149846, 18.5254886], [108.6170358, 18.5192917], [108.6172894, 18.5163113], [108.6184178, 18.5105134], [108.619945, 18.5055613], [108.6219616, 18.5007691], [108.6244495, 18.4961803], [108.6264877, 18.49321], [108.6274981, 18.4899332], [108.6295147, 18.4851406], [108.6320026, 18.4805513], [108.6353938, 18.4756087], [108.6388104, 18.4715924], [108.6426141, 18.4679023], [108.6467703, 18.4645717], [108.6519036, 18.4612442], [108.656685, 18.4587812], [108.6599072, 18.4574807], [108.6632498, 18.454802], [108.6683831, 18.4514743], [108.6731645, 18.4490112], [108.6781711, 18.4469903], [108.6833575, 18.4454301], [108.6905919, 18.4441316], [108.6937638, 18.4424975], [108.6987704, 18.4404766], [108.7039568, 18.4389163], [108.7092761, 18.4378307], [108.71468, 18.4372297], [108.721244, 18.4371975], [108.7279894, 18.4350078], [108.7333087, 18.4339222], [108.7387126, 18.4333213], [108.7441523, 18.4332103], [108.7495785, 18.4335904], [108.7569714, 18.4349787], [108.7621478, 18.4339222], [108.7702586, 18.433266], [108.7749881, 18.4313569], [108.7801745, 18.4297965], [108.7854937, 18.4287109], [108.7891733, 18.4283016], [108.79334, 18.4259641], [108.7973772, 18.4220916], [108.8015621, 18.4156828], [108.8049786, 18.4116651], [108.8087823, 18.4079737], [108.8152163, 18.4031649], [108.8173549, 18.4000465], [108.8207715, 18.3960285], [108.8245751, 18.3923367], [108.8299703, 18.3882012], [108.8348748, 18.3832145], [108.839031, 18.3798823], [108.8441643, 18.3765531], [108.8489457, 18.3740889], [108.8539523, 18.3720672], [108.8591387, 18.3705063], [108.864458, 18.3694203], [108.8698619, 18.3688191], [108.873292, 18.3687491], [108.8779849, 18.366854], [108.8831713, 18.365293], [108.8905446, 18.3639784], [108.894951, 18.3617073], [108.8999576, 18.3596855], [108.9030822, 18.358745], [108.9066608, 18.3515582], [108.910052, 18.3466119], [108.9134686, 18.3425926], [108.9172723, 18.3388997], [108.9214285, 18.3355666], [108.9261495, 18.332504], [108.9296319, 18.3291228], [108.9337881, 18.3257895], [108.9389214, 18.3224593], [108.9437028, 18.3199944], [108.9487094, 18.317972], [108.9538958, 18.3164106], [108.9595185, 18.3152905], [108.9643022, 18.312824], [108.9693087, 18.3108015], [108.9744951, 18.30924], [108.9798144, 18.3081537], [108.9852184, 18.3075522], [108.9906581, 18.3074412], [108.9960842, 18.3078215], [109.0033701, 18.3091834], [109.0106242, 18.3082041], [109.0160639, 18.3080931], [109.0214901, 18.3084734], [109.0268537, 18.3093418], [109.032106, 18.3106902], [109.0390049, 18.3133584], [109.0414698, 18.3133081], [109.0484768, 18.3139444], [109.0531963, 18.3134191], [109.058636, 18.3133081], [109.0640621, 18.3136885], [109.068285, 18.3143721], [109.0733357, 18.3133534], [109.0778627, 18.3116726], [109.0784703, 18.3085469], [109.0799975, 18.3035889], [109.0820141, 18.2987911], [109.084502, 18.2941969], [109.0878932, 18.289249], [109.0913098, 18.2852283], [109.0946475, 18.2819867], [109.0968196, 18.2788173], [109.1002362, 18.2747964], [109.1040398, 18.2711021], [109.1091191, 18.2671686], [109.1125958, 18.2630598], [109.1163995, 18.2593652], [109.1205557, 18.2560306], [109.125689, 18.252699], [109.1304704, 18.2502331], [109.1377777, 18.247517], [109.1428551, 18.2442216], [109.1476365, 18.2417555], [109.1526431, 18.2397322], [109.1578295, 18.2381701], [109.1631488, 18.2370833], [109.1693433, 18.2364655], [109.1725558, 18.2351672], [109.1777422, 18.233605], [109.1830615, 18.2325181], [109.1884654, 18.2319164], [109.1939051, 18.2318054], [109.1993313, 18.2321859], [109.2046948, 18.2330546], [109.2099471, 18.2344036], [109.2173689, 18.2373199], [109.2239209, 18.2382719], [109.2291732, 18.2396208], [109.2328687, 18.2409391], [109.2384701, 18.2413161], [109.2415979, 18.2418227], [109.2465265, 18.2416209], [109.25132, 18.2391469], [109.2563266, 18.2371236], [109.261513, 18.2355615], [109.2691972, 18.2342113], [109.2752459, 18.2323007], [109.2805651, 18.2312138], [109.2859691, 18.2306121], [109.2914088, 18.230501], [109.296835, 18.2308815], [109.3021985, 18.2317503], [109.3056799, 18.2326444], [109.3066815, 18.2243709], [109.3078099, 18.2185632], [109.3093371, 18.2136027], [109.3113537, 18.2088024], [109.3138416, 18.2042058], [109.3166859, 18.2000537], [109.3193348, 18.1950737], [109.322726, 18.1901229], [109.3261426, 18.1861], [109.3299462, 18.1824037], [109.3341024, 18.1790676], [109.3392357, 18.1757346], [109.3440171, 18.1732676], [109.3545169, 18.1686339], [109.3597033, 18.1670711], [109.3650225, 18.1659839], [109.3704265, 18.1653819], [109.3758662, 18.1652708], [109.3812924, 18.1656515], [109.3854492, 18.166325], [109.3960039, 18.1617987], [109.3996605, 18.1594242], [109.4044419, 18.156957], [109.4094485, 18.1549327], [109.4146349, 18.1533698], [109.4199542, 18.1522825], [109.4253581, 18.1516805], [109.4307978, 18.1515694], [109.436224, 18.1519501], [109.4427042, 18.1531061], [109.4460324, 18.1524258], [109.4535297, 18.150017], [109.4602603, 18.147103], [109.4647004, 18.1457649], [109.4683, 18.1439074], [109.4733066, 18.141883], [109.478493, 18.14032], [109.4838122, 18.1392326], [109.4892162, 18.1386305], [109.4946559, 18.1385194], [109.500082, 18.1389001], [109.5037693, 18.1394977], [109.5111354, 18.1391719], [109.5146237, 18.1394167], [109.5174688, 18.1367789], [109.5204633, 18.1332519], [109.5242669, 18.1295546], [109.5284231, 18.1262175], [109.5335564, 18.1228835], [109.5383378, 18.1204157], [109.5433444, 18.118391], [109.5485308, 18.1168278], [109.5538501, 18.1157402], [109.559254, 18.1151381], [109.5644746, 18.1150314], [109.5703295, 18.1137824], [109.5757335, 18.1131803], [109.5811732, 18.1130691], [109.5865994, 18.1134499], [109.5942812, 18.1149151], [109.6019152, 18.1131298], [109.6073192, 18.1125277], [109.620312, 18.1124165], [109.6257382, 18.1127973], [109.6311017, 18.1136666], [109.636354, 18.1150165], [109.6414475, 18.1168348], [109.6470151, 18.1194651], [109.6516154, 18.1222264], [109.6559188, 18.1253907], [109.6598861, 18.1289294], [109.6634766, 18.132805], [109.6671466, 18.1320547], [109.6725505, 18.1314526], [109.6779902, 18.1313415], [109.6834164, 18.1317222], [109.689246, 18.1327112], [109.6924098, 18.1326466], [109.6978359, 18.1330273], [109.7031995, 18.1338965], [109.7084518, 18.1352463], [109.7135453, 18.1370644], [109.7211427, 18.1409126], [109.728726, 18.144262], [109.7333263, 18.1470228], [109.7376296, 18.1501867], [109.7415969, 18.1537249], [109.7451923, 18.1576053], [109.7483833, 18.1617928], [109.7510451, 18.1660946], [109.7568653, 18.1719586], [109.7593805, 18.1752591], [109.7656295, 18.180474], [109.7692249, 18.1843538], [109.7724159, 18.1885406], [109.7751735, 18.1929966], [109.7768558, 18.1964242], [109.7815845, 18.2013141], [109.7847755, 18.2055006], [109.7875331, 18.2099561], [109.7898324, 18.2146403], [109.7918724, 18.2202193], [109.7935489, 18.2281674], [109.7959923, 18.2345675], [109.7972448, 18.2395963], [109.7979884, 18.2447153], [109.7982163, 18.2498782], [109.7978429, 18.2557722], [109.7969654, 18.2608675], [109.7975769, 18.2616694], [109.8042342, 18.2662895], [109.8082015, 18.2698253], [109.8117969, 18.2737032], [109.8149879, 18.2778879], [109.8177455, 18.2823415], [109.8200448, 18.2870238], [109.8220848, 18.2926004], [109.8233374, 18.2976276], [109.824081, 18.3027449], [109.8243089, 18.307906], [109.8239354, 18.313798], [109.8234579, 18.3165701], [109.8236222, 18.3202914], [109.823325, 18.3249802], [109.8265608, 18.3258073], [109.8303585, 18.3260735], [109.8357221, 18.3269417], [109.8409744, 18.32829], [109.8460679, 18.3301061], [109.8510419, 18.3324531], [109.8583814, 18.3334598], [109.8636337, 18.334808], [109.8687272, 18.336624], [109.8759653, 18.3402524], [109.8835464, 18.3419775], [109.8886399, 18.3437935], [109.8942075, 18.3464203], [109.8988078, 18.349178], [109.9016665, 18.3512773], [109.9065671, 18.3535893], [109.9111674, 18.3563469], [109.9138143, 18.3582905], [109.9191759, 18.3587003], [109.9228375, 18.3543238], [109.9266412, 18.3506312], [109.9307974, 18.3472983], [109.9359307, 18.3439685], [109.9407121, 18.3415039], [109.9457187, 18.3394818], [109.953906, 18.3373078], [109.9568899, 18.3349148], [109.9620232, 18.3315848], [109.9685303, 18.3284229], [109.9736962, 18.3250666], [109.9784776, 18.3226017], [109.9834842, 18.3205794], [109.9886706, 18.319018], [109.9939898, 18.3179317], [109.9993938, 18.3173303], [110.0048335, 18.3172193], [110.0102597, 18.3175996], [110.0156232, 18.3184679], [110.0208755, 18.3198162], [110.025969, 18.3216324], [110.0315366, 18.3242596], [110.0364124, 18.32722], [110.0418498, 18.328996], [110.0466519, 18.3293326], [110.0520154, 18.3302008], [110.0572677, 18.331549], [110.0623612, 18.3333651], [110.0656384, 18.3349114], [110.070314, 18.3361116], [110.0754075, 18.3379276], [110.0809751, 18.3405545], [110.0855754, 18.3433123], [110.0898787, 18.3464726], [110.093846, 18.3500067], [110.0974415, 18.3538828], [110.1006324, 18.3580655], [110.1031835, 18.3621838], [110.1077412, 18.3669166], [110.1109321, 18.371099], [110.1136897, 18.3755503], [110.115989, 18.3802301], [110.118029, 18.3858037], [110.1194047, 18.3916748], [110.1219295, 18.3957498], [110.1242287, 18.400429], [110.1262687, 18.4060019], [110.1275213, 18.4110258], [110.1282649, 18.4161398], [110.1284065, 18.419344], [110.1295813, 18.4240553], [110.1303384, 18.4294754], [110.1317619, 18.4333636], [110.1330145, 18.4383866], [110.1337716, 18.4438063], [110.1351951, 18.4476941], [110.1364477, 18.4527167], [110.1371156, 18.4573091], [110.1400216, 18.4629654], [110.1420616, 18.4685364], [110.1434691, 18.4746232], [110.1459597, 18.480956], [110.1493953, 18.4862924], [110.1516946, 18.4909692], [110.1535128, 18.4959337], [110.1574216, 18.5022322], [110.1645396, 18.5061742], [110.1688429, 18.5093314], [110.1728103, 18.5128623], [110.1754894, 18.5157477], [110.1812026, 18.5197492], [110.1830284, 18.5213741], [110.1896838, 18.5198872], [110.1950877, 18.5192865], [110.2005274, 18.5191756], [110.2059536, 18.5195555], [110.2113172, 18.5204228], [110.2165695, 18.5217696], [110.2237229, 18.5242347], [110.2292905, 18.5268588], [110.2338908, 18.5296135], [110.2381941, 18.5327704], [110.2421615, 18.5363007], [110.2457569, 18.5401726], [110.2489479, 18.5443508], [110.2517055, 18.5487976], [110.255378, 18.5560764], [110.257418, 18.5616443], [110.2586706, 18.5666637], [110.2594142, 18.571773], [110.2596421, 18.576926], [110.2592687, 18.5828088], [110.2579083, 18.5896354], [110.2589056, 18.5907004], [110.2615629, 18.5919524], [110.2661632, 18.5947061], [110.2704665, 18.5978617], [110.2742638, 18.6012395], [110.2782857, 18.6031343], [110.2820416, 18.6037413], [110.2872939, 18.6050874], [110.2912948, 18.6065116], [110.2947406, 18.605809], [110.3001445, 18.6052086], [110.3055842, 18.6050978], [110.3110104, 18.6054775], [110.3163739, 18.6063443], [110.3216262, 18.6076904], [110.3249607, 18.6088774], [110.3294202, 18.6095981], [110.3348725, 18.6110153], [110.3432827, 18.6113342], [110.3478092, 18.6120658], [110.3509563, 18.6117161], [110.356396, 18.6116053], [110.3618222, 18.611985], [110.3678035, 18.6130101], [110.3728755, 18.6129068], [110.3777225, 18.6132459], [110.3846911, 18.6116658], [110.3900951, 18.6110654], [110.3955282, 18.6109547], [110.403828, 18.6097639], [110.4092677, 18.6096531], [110.4146939, 18.6100328], [110.4200574, 18.6108996], [110.4253097, 18.6122456], [110.4304032, 18.6140587], [110.4353841, 18.616405], [110.4402883, 18.6123522], [110.4454217, 18.6090276], [110.4502031, 18.6065668], [110.4552096, 18.6045478], [110.460396, 18.602989], [110.4657153, 18.6019044], [110.4711192, 18.601304], [110.4765589, 18.6011932], [110.4814168, 18.6015331], [110.4889186, 18.6011932], [110.4943447, 18.6015729], [110.4997083, 18.6024397], [110.5049606, 18.6037859], [110.5100541, 18.605599], [110.5156217, 18.6082219], [110.520222, 18.6109753], [110.5267716, 18.6161286], [110.5312083, 18.618784], [110.5355116, 18.6219392], [110.539479, 18.6254677], [110.5430744, 18.6293375], [110.5462654, 18.6335136], [110.549023, 18.637958], [110.5513223, 18.6426306], [110.5533623, 18.6481957], [110.5546148, 18.6532125], [110.5553584, 18.6583192], [110.5555863, 18.6634695], [110.5552129, 18.6693494], [110.5540238, 18.6755557], [110.5538396, 18.6784563], [110.5529614, 18.6835431], [110.5515769, 18.6885276], [110.5496984, 18.6933647], [110.5469688, 18.6986562], [110.5440948, 18.7030322], [110.5407947, 18.7071296], [110.5370982, 18.7109112], [110.5324317, 18.7148026], [110.5255688, 18.7191308], [110.5248098, 18.7202865], [110.5296798, 18.7215337], [110.5347733, 18.7233457], [110.5405982, 18.7261206], [110.5472164, 18.7264757], [110.55258, 18.7273419], [110.5578323, 18.7286871], [110.5629258, 18.7304989], [110.5684934, 18.7331198], [110.5730937, 18.7358712], [110.577397, 18.7390243], [110.5813644, 18.7425503], [110.5849598, 18.7464175], [110.5881508, 18.7505906], [110.5909084, 18.755032], [110.5924296, 18.7581213], [110.5973325, 18.760429], [110.6019328, 18.7631799], [110.6062361, 18.7663325], [110.6102035, 18.769858], [110.6137989, 18.7737245], [110.6169899, 18.777897], [110.6197475, 18.7823376], [110.6220467, 18.7870062], [110.6240867, 18.7925665], [110.6253393, 18.797579], [110.6260829, 18.8026814], [110.6263108, 18.8078274], [110.6259374, 18.8137022], [110.6250592, 18.8187848], [110.6236747, 18.8237653], [110.6217962, 18.8285985], [110.6190666, 18.8338858], [110.6161926, 18.8382584], [110.6128924, 18.8423524], [110.609196, 18.846131], [110.6045294, 18.8500193], [110.5966676, 18.8556099], [110.5906195, 18.8587696], [110.5849946, 18.8627575], [110.5802856, 18.8653367], [110.5753388, 18.8674807], [110.5717875, 18.8686224], [110.5720658, 18.8741125], [110.5716924, 18.8799849], [110.5708142, 18.8850656], [110.5699893, 18.8880318], [110.5696324, 18.8942778], [110.5687543, 18.899358], [110.5673697, 18.9043361], [110.5662428, 18.9072342], [110.5653382, 18.9129005], [110.5656581, 18.9150941], [110.5657687, 18.922081], [110.5676611, 18.9288321], [110.5684047, 18.9339305], [110.5686326, 18.9390724], [110.5683366, 18.9437256], [110.5690913, 18.9488681], [110.5693108, 18.9538201], [110.5704646, 18.9605576], [110.5706379, 18.9644664], [110.5724676, 18.9710451], [110.5732168, 18.9762692], [110.5742008, 18.9801284], [110.5767281, 18.9851583], [110.5778043, 18.9880881], [110.5821385, 18.9951909], [110.5869584, 18.9969027], [110.592526, 18.9995194], [110.5971263, 19.0022665], [110.6014296, 19.0054145], [110.605397, 19.008935], [110.6089924, 19.012796], [110.6121833, 19.0169625], [110.614941, 19.0213968], [110.6172402, 19.0260588], [110.6192802, 19.0316111], [110.6205531, 19.0367558], [110.6234001, 19.0439438], [110.6246527, 19.0489488], [110.6253963, 19.0540434], [110.6256242, 19.0591817], [110.6254446, 19.0620017], [110.6260829, 19.0663745], [110.6263108, 19.0715123], [110.6261025, 19.074784], [110.6267696, 19.0793535], [110.6269891, 19.0843016], [110.6281429, 19.0910337], [110.6283708, 19.0961708], [110.6279542, 19.1022846], [110.6288679, 19.1087685], [110.6301458, 19.1138406], [110.6306402, 19.117226], [110.632807, 19.1237325], [110.6355293, 19.1272847], [110.6382869, 19.1317161], [110.6405862, 19.1363749], [110.6426262, 19.1419236], [110.6454321, 19.1546446], [110.6466782, 19.1580339], [110.6492732, 19.1622031], [110.6519066, 19.1677696], [110.655519, 19.1733625], [110.6602485, 19.1791756], [110.6622387, 19.1823728], [110.6664283, 19.1876063], [110.6691859, 19.192036], [110.6714852, 19.1966932], [110.6738262, 19.2034412], [110.6762917, 19.2083651], [110.6783317, 19.2139114], [110.6799215, 19.2212189], [110.681765, 19.2262305], [110.6830175, 19.2312299], [110.6838079, 19.2373729], [110.6865715, 19.2443832], [110.6878241, 19.2493821], [110.6885828, 19.2548121], [110.6896839, 19.2572813], [110.6941364, 19.2618959], [110.6973274, 19.2660561], [110.6990885, 19.2688838], [110.702214, 19.2716528], [110.7064465, 19.2763383], [110.7112929, 19.2798048], [110.7152602, 19.2833195], [110.7188557, 19.287174], [110.7220466, 19.2913336], [110.7248042, 19.2957606], [110.7262313, 19.2986494], [110.7295997, 19.3029989], [110.7323573, 19.3074255], [110.7346566, 19.3120794], [110.7366966, 19.3176221], [110.7379492, 19.3226187], [110.7386928, 19.327705], [110.7389207, 19.3328347], [110.7385472, 19.3386909], [110.7373015, 19.3450755], [110.7375474, 19.3503278], [110.7372232, 19.3554104], [110.7439132, 19.3569817], [110.7490067, 19.3587867], [110.7525314, 19.3604397], [110.7593064, 19.3626736], [110.764874, 19.3652846], [110.7694743, 19.3680255], [110.774446, 19.3717584], [110.7799802, 19.3743535], [110.7845805, 19.3770943], [110.7911301, 19.3822239], [110.7955669, 19.3848671], [110.7998702, 19.3880078], [110.8038375, 19.3915201], [110.8074329, 19.3953722], [110.8106239, 19.399529], [110.8127791, 19.4029867], [110.8161171, 19.4073008], [110.8197136, 19.4134216], [110.8229835, 19.4176625], [110.8257411, 19.422086], [110.8280404, 19.4267366], [110.8291841, 19.4298419], [110.8314655, 19.4322856], [110.8361962, 19.4389111], [110.8403919, 19.4432933], [110.8435829, 19.4474489], [110.8468142, 19.4528297], [110.8513782, 19.4575374], [110.853126, 19.4598133], [110.8580825, 19.4640456], [110.8619775, 19.468286], [110.8680496, 19.4729341], [110.8730026, 19.4741969], [110.8780961, 19.4760006], [110.8839723, 19.4787934], [110.8887954, 19.480023], [110.8938889, 19.4818267], [110.8994565, 19.4844357], [110.9040569, 19.4871747], [110.9083602, 19.4903134], [110.9135014, 19.4950804], [110.9186598, 19.4987281], [110.9226272, 19.502238], [110.9262226, 19.5060873], [110.9294136, 19.5102414], [110.9319093, 19.5142425], [110.9358356, 19.5183844], [110.9445198, 19.5296568], [110.948612, 19.5367749], [110.9493166, 19.5375291], [110.9508957, 19.5387815], [110.9537015, 19.5400959], [110.9599122, 19.544008], [110.9653745, 19.5465667], [110.9699748, 19.5493047], [110.9740673, 19.5522885], [110.9770475, 19.5536844], [110.9816478, 19.5564222], [110.9859511, 19.5595596], [110.9902324, 19.5634042], [110.9969374, 19.5679706], [111.0009048, 19.571479], [111.0045002, 19.5753268], [111.0119549, 19.5843487], [111.0232714, 19.581694], [111.0286754, 19.5810972], [111.0402949, 19.580987], [111.0457211, 19.5813644], [111.0510846, 19.5822262], [111.0563369, 19.5835643], [111.0614304, 19.5853668], [111.066998, 19.5879742], [111.0715984, 19.5907114], [111.0786482, 19.5957887], [111.0826156, 19.5992965], [111.086211, 19.6031436], [111.089402, 19.6072951], [111.0921596, 19.6117135], [111.0944589, 19.6163586], [111.0964988, 19.6218909], [111.0977514, 19.6268782], [111.098495, 19.6319549], [111.0987229, 19.637075], [111.0983495, 19.6429202], [111.0974713, 19.6479773], [111.0960868, 19.6529327], [111.0937831, 19.6585609], [111.0935429, 19.6623196], [111.0926648, 19.6673761], [111.0912802, 19.6723309], [111.0894018, 19.6771392], [111.0866722, 19.6823992], [111.0837982, 19.6867491], [111.0797895, 19.6915426], [111.0763725, 19.6985615], [111.0734985, 19.7029111], [111.0700339, 19.7071508], [111.0679883, 19.7110921]]], [[[111.2748814, 19.9111603], [111.281034, 19.9141437], [111.286632, 19.9178568], [111.2933936, 19.9210836], [111.2978618, 19.9239118], [111.3025912, 19.9276155], [111.3063574, 19.9312358], [111.3122208, 19.9384436], [111.3159704, 19.9420479], [111.3193535, 19.945988], [111.3223228, 19.9502125], [111.3248514, 19.9546831], [111.3269166, 19.9593592], [111.3284994, 19.9641985], [111.3295857, 19.9691572], [111.3302067, 19.9749128], [111.3302017, 19.9799751], [111.3296847, 19.9850139], [111.3286603, 19.9899836], [111.3243056, 20.0040702], [111.3222312, 20.0087412], [111.3196937, 20.0132057], [111.316716, 20.0174232], [111.3128087, 20.0218919], [111.3089834, 20.0254549], [111.304815, 20.0286601], [111.3003411, 20.0314784], [111.2938763, 20.034677], [111.2888875, 20.0365853], [111.2837282, 20.0380394], [111.2784451, 20.0390262], [111.2723172, 20.0395705], [111.2661626, 20.0394864], [111.2608127, 20.0388981], [111.2555465, 20.0378346], [111.2504118, 20.0363056], [111.244764, 20.0340062], [111.2400655, 20.0315317], [111.2356386, 20.0286486], [111.2287768, 20.0234478], [111.2245032, 20.0192858], [111.2211774, 20.0153046], [111.2182695, 20.0110443], [111.2158058, 20.0065434], [111.2143939, 20.0031537], [111.2057921, 19.9947679], [111.2024664, 19.9907861], [111.1995584, 19.9865251], [111.1970947, 19.9820235], [111.1948513, 19.9766366], [111.193409, 19.971759], [111.1925787, 19.9673674], [111.1857509, 19.9662969], [111.1805184, 19.9648949], [111.1754513, 19.9630318], [111.1705957, 19.9607244], [111.1653615, 19.9575702], [111.1611039, 19.9543859], [111.1571875, 19.9508356], [111.153648, 19.9469513], [111.1501051, 19.9421484], [111.147476, 19.9376703], [111.1453117, 19.9329775], [111.1436317, 19.9281123], [111.1423241, 19.9223977], [111.1417274, 19.9173132], [111.1416474, 19.9121981], [111.1420849, 19.907099], [111.1432134, 19.9013499], [111.1461138, 19.8919198], [111.1508771, 19.8813565], [111.1533649, 19.8768059], [111.1567561, 19.8719051], [111.1601727, 19.8679227], [111.164663, 19.8636178], [111.1688192, 19.8603153], [111.1739525, 19.8570159], [111.1787339, 19.8545737], [111.1837405, 19.85257], [111.1889269, 19.851023], [111.1942462, 19.8499466], [111.1996501, 19.8493508], [111.2050898, 19.8492408], [111.210516, 19.8496176], [111.2158795, 19.8504779], [111.2211318, 19.8518138], [111.2262253, 19.8536133], [111.231793, 19.8562163], [111.2363933, 19.8589489], [111.2406966, 19.8620803], [111.2446639, 19.8655823], [111.2482594, 19.8694229], [111.2514503, 19.8735675], [111.2542079, 19.8779785], [111.2565072, 19.8826159], [111.2585472, 19.888139], [111.2597998, 19.893118], [111.2605434, 19.8981862], [111.2607713, 19.9032977], [111.2605569, 19.9066476], [111.2643203, 19.9074082], [111.269455, 19.9089384], [111.2748814, 19.9111603]]], [[[109.2361774, 20.967511], [109.2312306, 20.9696266], [109.2253435, 20.9714941], [109.2200403, 20.9726301], [109.2146455, 20.9732902], [109.2019073, 20.973775], [109.1964811, 20.9734009], [109.1903594, 20.9723861], [109.1851269, 20.9709933], [109.1800598, 20.9691424], [109.1752042, 20.96685], [109.16997, 20.9637165], [109.1657124, 20.960553], [109.161796, 20.9570258], [109.1582565, 20.9531668], [109.1547136, 20.9483953], [109.1520845, 20.9439464], [109.1485469, 20.9360777], [109.146867, 20.9312442], [109.1455593, 20.9255667], [109.1449626, 20.9205152], [109.1448826, 20.9154334], [109.1456635, 20.9078016], [109.1467919, 20.9020898], [109.1500357, 20.8924], [109.1520523, 20.8876788], [109.1545402, 20.8831579], [109.1579314, 20.8782889], [109.161348, 20.8743323], [109.1651516, 20.8706971], [109.1761743, 20.8619623], [109.1813076, 20.8586842], [109.186089, 20.8562578], [109.1910956, 20.854267], [109.196282, 20.85273], [109.2016013, 20.8516607], [109.2070052, 20.8510686], [109.2124449, 20.8509594], [109.2178711, 20.8513338], [109.2232346, 20.8521885], [109.2315768, 20.8544783], [109.2366703, 20.8562661], [109.242238, 20.8588522], [109.2468383, 20.8615671], [109.2552614, 20.8678864], [109.2592288, 20.8713656], [109.2628242, 20.8751813], [109.2660152, 20.879299], [109.2687728, 20.8836813], [109.271072, 20.8882885], [109.2748287, 20.8979454], [109.2760812, 20.9028918], [109.2768248, 20.9079269], [109.2770527, 20.913005], [109.2766793, 20.9188024], [109.2758011, 20.923818], [109.2744166, 20.9287328], [109.2725381, 20.9335022], [109.2698085, 20.9387197], [109.2669345, 20.9430345], [109.2598578, 20.9512427], [109.2561614, 20.9549712], [109.2514948, 20.958808], [109.2470662, 20.9617598], [109.2361774, 20.967511]]], [[[109.1969043, 21.0599081], [109.1970585, 21.0633405], [109.1966851, 21.069132], [109.1958069, 21.0741426], [109.1944224, 21.0790524], [109.1925439, 21.083817], [109.1898143, 21.0890293], [109.1821338, 21.1000663], [109.1788336, 21.104102], [109.1751372, 21.1078267], [109.1704706, 21.1116596], [109.166042, 21.1146083], [109.161333, 21.117151], [109.1563862, 21.1192645], [109.1504992, 21.1211302], [109.145196, 21.122265], [109.1398011, 21.1229244], [109.1361795, 21.12302], [109.1307764, 21.1241865], [109.1253816, 21.1248459], [109.1191665, 21.12501], [109.1137404, 21.1246363], [109.1076186, 21.1236225], [109.1023861, 21.1222311], [109.0986504, 21.1208679], [109.0907131, 21.1190285], [109.0856461, 21.1171794], [109.0807904, 21.1148893], [109.0768561, 21.1125363], [109.0698041, 21.1094446], [109.0645699, 21.1063141], [109.0603123, 21.1031536], [109.0430064, 21.0874577], [109.0394668, 21.0836021], [109.0359239, 21.0788347], [109.0332949, 21.0743898], [109.0311306, 21.0697316], [109.0294506, 21.0649024], [109.0281429, 21.0592301], [109.0275462, 21.0541831], [109.0274662, 21.0491058], [109.0282056, 21.0425181], [109.0283739, 21.0366162], [109.0274563, 21.0326352], [109.0268595, 21.0275873], [109.0267796, 21.0225091], [109.0272171, 21.0174467], [109.0283455, 21.0117391], [109.0298727, 21.006864], [109.0318894, 21.0021463], [109.0374671, 20.9915388], [109.0408584, 20.9866733], [109.0480515, 20.9785524], [109.0518551, 20.9749197], [109.0560113, 20.9716409], [109.0629103, 20.9674698], [109.070071, 20.9625945], [109.0748524, 20.9601698], [109.079859, 20.9581804], [109.0850454, 20.9566445], [109.0903647, 20.9555758], [109.0957686, 20.9549842], [109.1012083, 20.954875], [109.1066345, 20.9552492], [109.111998, 20.9561033], [109.1172503, 20.9574297], [109.1223439, 20.9592162], [109.1279115, 20.9618006], [109.1325118, 20.9645137], [109.1371132, 20.967884], [109.1439732, 20.9701165], [109.1495408, 20.9727007], [109.1541411, 20.9754135], [109.162221, 20.9814074], [109.1661883, 20.984884], [109.1697837, 20.9886968], [109.1729747, 20.9928113], [109.1757323, 20.9971903], [109.1814648, 21.0091658], [109.1839823, 21.0165328], [109.1868614, 21.0223279], [109.1908385, 21.0282781], [109.1931378, 21.0328809], [109.1951778, 21.0383628], [109.1964304, 21.0433045], [109.197174, 21.0483349], [109.1974019, 21.0534083], [109.1969043, 21.0599081]]], [[[108.2397355, 21.3405888], [108.2443358, 21.3432949], [108.2486391, 21.346396], [108.2526065, 21.349864], [108.2562019, 21.3536674], [108.2593929, 21.3577718], [108.2621505, 21.36214], [108.2644497, 21.3667324], [108.2664897, 21.372202], [108.2677423, 21.3771326], [108.2684859, 21.3821516], [108.2687138, 21.3872135], [108.2683403, 21.3929923], [108.2674622, 21.3979919], [108.2660776, 21.4028909], [108.2641992, 21.4076451], [108.2614696, 21.4128459], [108.2585956, 21.4171469], [108.2552954, 21.421174], [108.251599, 21.4248907], [108.2469324, 21.4287153], [108.2425038, 21.4316577], [108.2377948, 21.4341949], [108.232848, 21.4363038], [108.2228411, 21.4394437], [108.2175379, 21.4405761], [108.2093965, 21.4415537], [108.2031814, 21.4417174], [108.1977553, 21.4413445], [108.1916335, 21.4403329], [108.186401, 21.4389445], [108.1813339, 21.4370994], [108.1764783, 21.4348143], [108.1712441, 21.4316907], [108.1669865, 21.4285372], [108.1630701, 21.4250211], [108.1595306, 21.4211744], [108.1559877, 21.4164179], [108.1533586, 21.4119831], [108.1511943, 21.4073356], [108.1495144, 21.4025175], [108.1482067, 21.3968581], [108.14761, 21.3918226], [108.14753, 21.386757], [108.1479675, 21.381707], [108.149096, 21.3760135], [108.1506231, 21.3711504], [108.1526398, 21.3664444], [108.1551277, 21.361938], [108.1585189, 21.3570847], [108.1619355, 21.353141], [108.1657391, 21.3495174], [108.1698953, 21.346247], [108.1750286, 21.3429795], [108.17981, 21.340561], [108.1848166, 21.3385768], [108.1961828, 21.3354458], [108.2015021, 21.3343799], [108.206906, 21.3337898], [108.2130324, 21.3336809], [108.2184585, 21.334054], [108.2238221, 21.334906], [108.2290744, 21.336229], [108.2341679, 21.338011], [108.2397355, 21.3405888]]], [[[128.1552142, 39.0198496], [128.1529879, 39.0252192], [128.150434, 39.0297392], [128.1473385, 39.0340498], [128.1437296, 39.0381122], [128.1390184, 39.0424038], [128.1344248, 39.0458136], [128.1294347, 39.0488688], [128.1240932, 39.0515415], [128.1176206, 39.0540972], [128.1116926, 39.0558741], [128.105574, 39.0572053], [128.0993201, 39.0580788], [128.0920798, 39.0585068], [128.081046, 39.0580552], [128.0747494, 39.057392], [128.0685625, 39.056267], [128.0625413, 39.0546904], [128.0559328, 39.0523541], [128.0504477, 39.0498628], [128.0452925, 39.0469777], [128.0405137, 39.0437251], [128.0341953, 39.0385288], [128.0303641, 39.0345912], [128.0270321, 39.0303883], [128.0242295, 39.0259581], [128.0217071, 39.0206683], [128.0201179, 39.0158883], [128.0191207, 39.0110122], [128.0187246, 39.0060842], [128.0190122, 39.0004459], [128.0199091, 38.995557], [128.0213999, 38.9907562], [128.0234711, 38.9860869], [128.0265246, 38.9809659], [128.0321731, 38.9735162], [128.0359229, 38.9695279], [128.0401434, 38.9658347], [128.0454939, 38.9620178], [128.0505892, 38.9590656], [128.0560223, 38.9565033], [128.061744, 38.9543541], [128.06857, 38.9524285], [128.074733, 38.9512252], [128.0810152, 38.950483], [128.0873596, 38.9502085], [128.0937089, 38.9504042], [128.1000055, 38.9510684], [128.1061924, 38.9521951], [128.1122136, 38.953774], [128.1214478, 38.9568586], [128.1269759, 38.959295], [128.1321812, 38.9621288], [128.1376744, 38.965821], [128.1420335, 38.9694157], [128.1459333, 38.973316], [128.1493385, 38.9774867], [128.1522185, 38.9818899], [128.1545469, 38.9864856], [128.1563028, 38.9912322], [128.1574703, 38.9960868], [128.1580707, 39.0017106], [128.1579486, 39.0066476], [128.1552142, 39.0198496]]]]}}]}